Situacao,Empresa certa,empresa,url_fonte,adapter,parser_key,vagas_ativas,vagas_total,fonte_ativa,company_id,job_source_id
ok,,Stefanini,https://stefanini.gupy.io/,gupy,gupy,205,563,t,cmsqp3gj701wko94jld0m1t2b,cmsqp3gjd01wmo94jc01b76ys
ok,,CI&T,https://api.lever.co/v0/postings/ciandt,lever,lever,170,593,t,cmsqp39lc00eqo94j6c666rbx,cmsqp39li00eso94jnb3y78xj
ok,,BTG PACTUAL HOLDING DE SEGUROS LTDA.,https://boards.greenhouse.io/btgpactual,greenhouse,greenhouse,142,167,t,cmu30xm0c001on14jnw1d71ck,cmu30xm0k001qn14j9x4mttvj
Empresa errada,Sonda IT,SND SOLUCOES TECNOLOGIA,https://sondait.pandape.com.br/,pandape,pandape,117,131,t,cmsxt60ge2aofnf4j98h393ok,cmsxt60gm2aohnf4jedopc5u5
ok,,BRQ SOLUCOES,https://brq.inhire.app/,inhire,inhire,84,222,t,cmt0g7z3t6f2gpd4j25w6lj69,cmt0g7z426f2ipd4j2ymsb8pv
ok,,GOL Linhas Aéreas,https://golcarreiras.gupy.io/,gupy,gupy,71,129,t,cmsqp3ce500zto94jiigec5al,cmsqp3cec00zvo94japoojj26
ok,,RADIX ENGENHARIA E DESENVOLVIMENTO DE SOFTWARE S/A,https://radix.inhire.app/,inhire,inhire,68,143,t,cmt2s7c5u60gko14j6kfyhlrp,cmt2s7c6060gmo14jsr8bn7my
ok,,Deloitte Brasil,https://deloitte.inhire.app/vagas,inhire,inhire,66,150,t,cmsqp3b6a00qho94juwjfg8wv,cmsqp3b6h00qjo94jti71321k
ok,,GLOBALWEB OUTSOURCING DO BRASIL S.A.,https://sejaglobalweb.gupy.io/,gupy,gupy,61,101,t,cmtnbwlqakpajrp4jvbwq78up,cmtnbwlqgkpalrp4j7y7ppam3
Empresa errada,Instituto de Pesquisa Eldorado,SOVOS COMPLIANCE DESENVOLVIMENTO DE SISTEMAS LTDA.,https://institutoeldorado.gupy.io/,gupy,gupy,56,94,t,cmt3bnqpz60tjo14jcoz6w3q6,cmt3bnqqb60tlo14j283igwrf
ok,,Porto Seguro,https://porto.gupy.io/,gupy,gupy,54,184,t,cmsqp3flm01owo94jef6mn31h,cmsqp3fls01oyo94jip7b05ir
ok,,FCamara,https://fcamara.gupy.io/,gupy,gupy,52,260,t,cmsqp3bvy00vwo94jw2y1um45,cmsqp3bw500vyo94j2bx3838m
ok,,MAZZATECH SERVICOS E CONSULTORIA EM INFORMATICA LTDA.,https://mazzatech.inhire.app/,inhire,inhire,51,127,t,cmtvkcrc0hlpers4j4k3mdcca,cmtvkcrc3hlpgrs4jb4cbtmhz
ok,,SYSMAP SOLUTIONS SOFTWARE E CONSULTORIA LTDA.,https://gruposysmap.gupy.io/,gupy,gupy,50,103,t,cmtoe1c9w004bpf4jbh7v0m5l,cmtoe1ca2004dpf4jciie7kkq
ok,,CAPCO BRASIL SERVICOS  E CONSULTORIA LTDA,https://boards.greenhouse.io/capco,greenhouse,greenhouse,49,115,t,cmt27m6ab53exo14j5nulm74f,cmt27m6ai53ezo14j4oliry7e
ok,,ALMAVIVA,https://almavivaexperience.pandape.com.br/,pandape,pandape,48,50,t,cmsxik14q19uvnf4jvbnlfyhr,cmsxik15019uxnf4jia4pda8h
ok,,Ilhaservicetecnologia,https://ilhaservicetecnologia.pandape.com.br/,pandape,pandape,46,75,t,cmu5j1i5m0010qwvkywhs7gqj,cmu5j1igx0012qwvkmrki186p
ok,,XP Inc.,https://www.xpinc.com/oportunidades,custom_html,custom_html,46,46,f,cmsqp3hmj0252o94jzrqwudy0,cmsqp3hmq0254o94jcmpkzkkx
Empresa errada,Ninecon,RUN2BIZ SOFTWARE LTDA,https://ninecon.inhire.app/,inhire,inhire,45,53,t,cmtmvnyvukeekrp4j67d21mnd,cmtmvnyw1keemrp4jka9en125
ok,,PagSeguro,https://pagseguro.gupy.io/,gupy,gupy,43,94,t,cmsqp3fca01mho94jkhrt21pv,cmsqp3fcg01mjo94ju1wpfvw2
Empresa errada,Yapp,"""CA PROGRAMAS DE COMPUTADOR",https://yapp1.pandape.com.br/,pandape,pandape,43,59,t,cmt27m5u653doo14j3o15izkw,cmt27m5ud53dqo14j6od9086g
ok,,C&A Brasil,https://cabrasil.pandape.com.br/,pandape,pandape,43,44,t,cmsqp39ff00dno94j2ughg9xv,cmt6734e7008olj4jyvim58vt
ok,,Tivit,https://tivitalmavivagroup.pandape.infojobs.com.br/,pandape,pandape,42,83,t,cmsqp3gxc01zeo94j348v8x0j,cmsqp3gxi01zgo94jui5wty5a
"Apagar Empresa, duplicada",,"""TIVIT TERCEIRIZACAO DE PROCESSOS",https://tivitterceirizacaodeprocessosservicosetecnologiasa.pandape.com.br/,pandape,pandape,42,77,t,cmt27m5h353clo14j4rnr2epr,cmt27m5hc53cno14jop0544y6
ok,,BANCO C6 CONSIGNADO S.A.,https://boards.greenhouse.io/c6bank,greenhouse,greenhouse,42,57,t,cmu1qzb8d0021nx4ja4shqpcv,cmu1qzb8p0023nx4jkrtfxdm3
ok,,Itaú,https://carreiras.itau.com.br/busca-de-vagas,talentbrew,talentbrew,41,141,t,cmsqp3dkl018no94j40w1lm94,cmsqp3dkr018po94jsq4ckicy
ok,,ACCENTURE DO BRASIL LTDA,https://accenture.wd103.myworkdayjobs.com/pt-br/accenturecareers,workday,workday,41,81,t,cmu1qzdha0077nx4jmfawd534,cmu1qzdhg0079nx4jaahnm6ur
ok,,Itaú Asset Management,https://vemproitau.gupy.io/,gupy,gupy,40,134,t,cmsqp3dkx018qo94jx7d3r90e,cmsqp3dl2018so94jcuwajd19
Empresa errada,Hits Brasil,HENT SOLUCOES DE TECNOLOGIA LTDA,https://globalhitss.gupy.io/,gupy,gupy,40,97,t,cmtmvnyjxkedqrp4jzp6gxfhf,cmtmvnyk5kedsrp4jz01iumg1
Renomear Empresa,Montreal Tecnologia e Informação,M.I. MONTREAL INFORMATICA,https://montreal.gupy.io/,gupy,gupy,40,96,t,cmt0kx372008csw4jpqcwslgy,cmt0kx37d008esw4jngimmlpb
ok,,Mercado Livre,https://careers-meli.mercadolibre.com/pt/positions,eightfold,eightfold,40,60,t,cmsqp3eki01ggo94j4mjjpjtf,cmsqp3ekn01gio94jwc7trzm0
ok,,Datadog Brasil,https://boards.greenhouse.io/datadog,greenhouse,greenhouse,37,58,t,cmsqp3b4400pzo94jc27z3li4,cmsqp3b4a00q1o94jkc5kxgpd
ok,,Supabase Brasil,https://jobs.ashbyhq.com/supabase,ashby,ashby,37,56,t,cmsqp3gn301xko94jkatkjpym,cmsqp3gn901xmo94jqvp27w2d
ok,,Cresol,https://cresolcarreiras.gupy.io/,gupy,gupy,36,75,t,cmsqp3awg00ono94j3mpxm2to,cmsqp3aww00opo94jhryznl9b
ok,,BEES AB InBev Brasil,https://job-boards.greenhouse.io/bees,greenhouse,greenhouse,36,64,t,cmsqp38sd008to94j0ru2uin2,cmsqp38si008vo94jqvpk5xxq
ok,,VITA TECH LTDA.,https://vivovita.gupy.io/,gupy,gupy,36,52,t,cmtoe1chy0052pf4j8etgt5lz,cmtoe1ci40054pf4j8kkktlal
ok,,Sicredi,https://sicredi.gupy.io/,gupy,gupy,34,145,t,cmsqp3gbf01uko94jp546ky89,cmsqp3gbl01umo94jd2femtd5
ok,,O Boticário,https://grupoboticario.gupy.io/,gupy,gupy,34,126,t,cmsqp3f1i01klo94jxg0uks6v,cmsqp3f1n01kno94jt25r5mqu
ok,,TELEMONT ENGENHARIA DE TELECOMUNICACOES S/A,https://telemont.gupy.io/,gupy,gupy,34,65,t,cmtmu6szvke7krp4jykoojsxv,cmtmu6t04ke7mrp4jgkbewcsa
ok,,AB InBev Brasil,https://job-boards.greenhouse.io/abinbev,greenhouse,greenhouse,33,67,t,cmsqp37um001bo94jzwkaksvm,cmsqp37ur001do94jxcwyixo8
Empresa errada,Lojas Renner,RENNER SAYERLACK,https://lojasrenner.gupy.io/,gupy,gupy,33,57,t,cmsxt60o42ap3nf4jaxsf90pk,cmsxt60op2ap5nf4jgmshou7g
Empresa errada,Alloha Fibra,GIGA+ FIBRA,https://allohafibra.gupy.io/,gupy,gupy,32,54,t,cmt0g7zi06f3apd4j5ozj7rys,cmt0g7zi96f3cpd4j3podtpai
ok,,Agibank,https://job-boards.greenhouse.io/agibank,greenhouse,greenhouse,30,84,t,cmsqp383q002to94jigoirqh9,cmsqp383w002vo94jakcvhhh5
ok,,BRASIL TECPAR SERVICOS DE TELECOMUNICACOES S.A,https://vagasbrasiltecpar.gupy.io/,gupy,gupy,30,51,t,cmt27m78453hro14jt3znidwl,cmt27m78b53hto14j65zn7qu2
ok,,Afya,https://afya.gupy.io/,gupy,gupy,29,63,t,cmsqp383f002qo94jb8fyap21,cmsqp383l002so94jwtdgzyu7
Empresa Errada,Vivo – Áreas Técnicas,INOVADORA 2A TECNOLOGIA S.A.,https://areastecnicasvivo.gupy.io/,gupy,gupy,29,38,t,cmt2s7c1p60g5o14jffmor0jz,cmt2s7c1w60g7o14jhnpmn2qf
ok,,Stone,https://job-boards.greenhouse.io/stone,greenhouse,greenhouse,28,75,t,cmsqp3gju01wqo94jngfih14t,cmsqp3gk001wso94jvriqo51f
Empresa Errada,PremierSoft,PREMIERTECH S.A,https://premiersoft.inhire.app/,inhire,inhire,27,54,t,cmtoe1d6r006npf4jcau5w7jd,cmtoe1d6x006ppf4j6jknoxsy
Empresa Errada,Fiesc,BUDDEMEYER,https://fiesc.pandape.com.br/,pandape,pandape,26,42,t,cmt0kx3pt009osw4jewr827op,cmt0kx3q0009qsw4jptk0slqr
"Fonte errada, excluir fonte e marcar empresa/adaptar como SAPSF",,B3 S/A,https://b3consultingpoland.teamtailor.com/,teamtailor,teamtailor,26,33,t,cmsxcflg0003znf4jqiupka65,cmsxcflgb0041nf4j9b84owza
ok,,Atento,https://atento.gupy.io/,gupy,gupy,25,62,t,cmsqp38lj0078o94jb2w1bv6q,cmsqp38lp007ao94j4936q64q
Empresa Errada,Brisanet,BRACELL PAPEIS NE,https://brisanet.gupy.io/,gupy,gupy,25,53,t,cmsxt5y4s2ahfnf4jdvve9r4c,cmsxt5y502ahhnf4j4gc8y4nr
Fonte para Bracell,https://brc-prd-pc.lgcloud.com.br/Vagas/c/AE376DCD-23AC-4802-8BC3-141A86E0B591/p/facapartedotime/pt-BR/Busca/Index,BRACELL PAPEIS NE,https://brisanet.gupy.io/,gupy,gupy,25,53,t,cmsxt5y4s2ahfnf4jdvve9r4c,cmsxt5y502ahhnf4j4gc8y4nr
Empresa Errada ,Lalink,"""ILINK SOLUTIONS SERVICOS DE TECNOLOGIA DA INFORMACAO LTDA",https://vempralanlink.gupy.io/,gupy,gupy,25,52,t,cmt2s7bbd60e5o14jaqqnujov,cmt2s7bbl60e7o14jijk69jo5
ok,,Grupo QuintoAndar,https://job-boards.greenhouse.io/quintoandar,greenhouse,greenhouse,24,38,t,cmsqp3cvx013qo94jmwajmjqs,cmsqp3cw3013so94jgyksrwnc
ok,,Minsait,https://minsait.gupy.io/,gupy,gupy,23,76,t,cmu5j4x5u005hqwvkza48pjn6,cmu5j4xin005jqwvkj77nct30
ok,,Localiza,https://localiza.gupy.io/,gupy,gupy,23,53,t,cmsqp3e4y01ddo94js3pirkyj,cmsqp3e5401dfo94jum5hkooa
ok,,SEMANTIX TECNOLOGIA EM SISTEMA DE INFORMACAO S.A.,https://semantix.inhire.app/,inhire,inhire,23,44,t,cmt27m6gy53ffo14j1n1biz89,cmt27m6h653fho14jfd0ppkpr
ok,,ADECCO RH,https://adecco.pandape.com.br/,pandape,pandape,23,41,t,cmt0g7z2p6f2dpd4jqou4lu1h,cmt0g7z2z6f2fpd4j2h0yf1yj
Renomear Empresa,Arco Educação,SAS Plataforma de Educação,https://job-boards.greenhouse.io/arcoeducacao/jobs/6139719004,greenhouse,greenhouse,22,35,t,cmsqp3fzv01s2o94j309islhp,cmsqp3g0001s4o94jd37xt4yt
ok,,Caedu,https://caedu.gupy.io/,gupy,gupy,21,53,t,cmsqp39wd00g8o94jq4j4mesz,cmsqp39wi00gao94jdvoy3dsh
ok,,Nubank,https://jobs.ashbyhq.com/nubank,ashby,ashby,21,52,t,cmsqp3ez801k1o94j4ri1nfv9,cmsqp3ezd01k3o94j5l0hap92
ok,,Santander CIB Brasil,https://santander.wd3.myworkdayjobs.com/SantanderCareers,workday,workday,21,48,t,cmsqp3g5r01t8o94jnb9kcjj0,cmsqp3g5w01tao94j8jyructq
ok,,Central Ailos,https://centralailos.gupy.io/,gupy,gupy,21,46,t,cmsqp3a5m00iho94jxtnycbrf,cmsqp3a5r00ijo94jd9l1mgmp
Empresa Errada,MTP Métodos e Tecnologia – Brasil,EMPRESA MATO-GROSSENSE DE TECNOLOGIA DA INFORMACAO - MTI,https://mtpbrasil.gupy.io/,gupy,gupy,21,35,t,cmt27m7pg53j6o14jvwiajjlj,cmt27m7pn53j8o14j3cb9dcek
ok,,ILIA DIGITAL S.A,https://boards.greenhouse.io/ilia,greenhouse,greenhouse,21,33,t,cmtnbwmeykpd1rp4jtbiyk9bf,cmtnbwmf4kpd3rp4jl3adlm99
ok,,Rede Américas,https://redeamericas.gupy.io/,gupy,gupy,21,27,t,cmsxlqeua1ip6nf4jh9ucqzmy,cmsxlqf0j1ip8nf4j5vtwj47t
Empresa Errada,Drogaria Araujo,D F ARAUJO EIXO CAPITAL LTDA,https://drogariaaraujo.pandape.com.br/,pandape,pandape,21,25,t,cmu2np1maaynwnx4jowr6st9e,cmu2np1mgaynynx4j0khhrkhq
Excluir fonte e empresa,,CETESB,https://idiadatecnologiaautomotivaltda.pandape.com.br/,pandape,pandape,21,21,t,cmt0g7zy36f4apd4jdduquh9m,cmt0g7zyd6f4cpd4jnmqg141c
ok,,TOPAZ CONSORCIO TECNOLOGIA S.A.,https://topazbrasil.gupy.io/,gupy,gupy,20,38,t,cmtoe1dr70088pf4jg0ufvrcr,cmtoe1drd008apf4jhu3vpqhe
ok,,YDUQS,https://yduqs.gupy.io/,gupy,gupy,19,143,t,cmpkcfsuq00q6oi4jsrovauf5,cmpkcfsus00q8oi4jjcembv9q
ok,,CTC - CENTRO DE TECNOLOGIA CANAVIEIRA S.A.,https://ctctech.inhire.app/,inhire,inhire,19,53,t,cmu30xlib000fn14jrwkp234p,cmu30xlim000hn14jj26oazo7
Empresa Errada,ValeNet,VALE DO PARANA (CMNP),https://valenetcarreiras.gupy.io/,gupy,gupy,18,45,t,cmsxt604r2aninf4jz17682uy,cmsxt60552anknf4jncsoi5cx
Empresa Errada,Compass UOL,COMPASS DOIS LTDA.,https://compass.gupy.io/,gupy,gupy,18,43,t,cmu2np3ocayshnx4jdbxm4y7n,cmu2np3oiaysjnx4jmhg0r6zq
ok,,KPMG Brasil,https://kpmg.inhire.app/vagas,inhire,inhire,18,36,t,cmsqp3drf01a5o94jwnk0310k,cmsqp3drk01a7o94jl96gk4xv
Empresa Errada,BYD Brasil,BDO Brasil,https://bydbrazil.teamtailor.com/,teamtailor,teamtailor,18,19,t,cmswbm9wn0i54ob4jxyf4x2nu,cmswbm9x30i56ob4jksuhbsep
Empresa Errada,Meet Recrutamento & Seleção,AGUIA BRANCA,https://meetrecrutamentoeselecao.pandape.com.br/,pandape,pandape,18,18,t,cmt0g82eb6f94pd4jn4f0qtbd,cmt0g82ek6f96pd4j15chtcrh
ok,,Vivo Tech Brasil,https://vivodigital.gupy.io/,gupy,gupy,17,59,t,cmsqp3hf7023bo94ju4kyq9c8,cmsqp3hfc023do94j6xkncv8i
ok,,AMCOM SISTEMAS DE INFORMACAO S/A,https://amcom.inhire.app/,inhire,inhire,17,43,t,cmtoe1c4r003tpf4jq5ge5y43,cmtoe1c4w003vpf4j5pk3oylp
ok,,DTI SISTEMAS LTDA,https://dtidigital.inhire.app/,inhire,inhire,17,37,t,cmt2s7bfl60eko14ja4ytar5w,cmt2s7bft60emo14jkmaewma6
ok,,INMETRICS LTDA,https://inmetrics.gupy.io/,gupy,gupy,17,34,t,cmt2s7biy60ewo14js2dqbsk2,cmt2s7bj660eyo14jl1ivclbd
ok,,MRV ENGENHARIA E PARTICIPAÇÕES,https://vagas-mrveco.gupy.io/,gupy,gupy,17,32,t,cmpkcfsp900mloi4jdhc9d8wp,cmpkcfspc00mnoi4jsdhppryh
Empresa errada,<db>,DB1 LABS LTDA,https://db.gupy.io/,gupy,gupy,17,31,t,cmtoe1cl4005bpf4j73md9ty4,cmtoe1clc005dpf4jq287uwor
ok,,DEAL TECHNOLOGIES LTDA.,https://deal.inhire.app/,inhire,inhire,17,27,t,cmtmvnyr5kee8rp4jhpurwj26,cmtmvnyrjkeearp4j66laj3qi
Empresa errada,Luandre Serviços,SEU TEMPO SERVICOS DIGITAIS E ADMINISTRATIVOS LTDA,https://luandreservicostemporariosltdac-i.pandape.com.br/,pandape,pandape,17,22,t,cmtoe1c8y0048pf4jlnlfuswl,cmtoe1c94004apf4jq113jbzi
ok,,VERO S/A,https://vero.gupy.io/,gupy,gupy,16,42,t,cmsxt5xnt2ah3nf4jhmxz3bwn,cmsxt5xo12ah5nf4j8c9nt4ed
ok,,RAIZEN S.A.,https://genteraizen.gupy.io/,gupy,gupy,16,35,t,cmpkcfsre00o0oi4jyd56jzvk,cmpkcfsrg00o2oi4jefhswqoi
ok,,HAPVIDA,https://hapvidandi.gupy.io/,gupy,gupy,16,28,t,cmpkcfsmv00l3oi4jcoo4ewqm,cmpkcfsmx00l5oi4j1ojxj0a0
Renomear Empresa,Extreme Digital Solutions,EXTREME DIGITAL CONSULTORIA E REPRESENTACOES LTDA,https://extremegroup.inhire.app/,inhire,inhire,16,23,t,cmtvkcrkohlqhrs4jjtov17iu,cmtvkcrkrhlqjrs4jpvyo1u1l
ok,,SPREAD TELEINFORMATICA LTDA,https://spread.gupy.io/,gupy,gupy,15,79,t,cmtoe1btv002tpf4j2n7c5u1k,cmtoe1bu2002vpf4ju696ghw5
ok,,IFOOD.COM AGENCIA DE RESTAURANTES ONLINE S.A.,https://boards.greenhouse.io/ifoodcarreiras,greenhouse,greenhouse,15,41,t,cmu2nozplayknnx4ji1j2pte6,cmu2nozpuaykpnx4j25we39hk
ok,,Visa Brasil,https://visa.wd5.myworkdayjobs.com/Visa,workday,workday,15,36,t,cmsqp3hdy0232o94j8wzzn099,cmsqp3he30234o94jkyw1uhgn
Empresa errada,Intertechne,INOVATECH NETWORK S/A,https://intertechne.inhire.app/,inhire,inhire,15,30,t,cmt2s7b2c60dho14jz54ljwdi,cmt2s7b2j60djo14j12j615ru
ok,,Asaas,https://asaas.gupy.io/,gupy,gupy,14,40,t,cmsqp38ja006no94jn5r59jgv,cmsqp38jf006po94j4hccxdei
ok,,Positivo Tecnologia,https://positivotecnologia.gupy.io/,gupy,gupy,14,34,t,cmsqp3flx01ozo94j6bq8b4mm,cmsqp3fm901p1o94jxb5qhbcb
ok,,3M DO BRASIL LTDA,https://3m.wd1.myworkdayjobs.com/pt-BR/Search,workday,workday,14,16,t,cmu2noxgaayfjnx4j2ls9w4a3,cmu2noxggayflnx4jpfhggc8a
ok,,MINERVA,https://minervafoods.gupy.io/,gupy,gupy,13,89,t,cmpkcfsii00i3oi4j5ipzk5wa,cmpkcfsik00i5oi4ji8yi5nb6
ok,,Globo,https://globo.gupy.io/,gupy,gupy,13,61,t,cmsqp3ckz0115o94jodokiljj,cmsqp3cl50117o94jeupz0mwn
ok,,IQVIA Brasil,https://iqvia.wd1.myworkdayjobs.com/IQVIA,workday,workday,13,26,t,cmsqp3dbv016zo94jpdh5w1hh,cmsqp3dc10171o94jzhqaz21w
ok,,Omie,https://carreirasomie.gupy.io/,gupy,gupy,13,26,t,cmsqp3f5l01lco94jvionvm35,cmsqp3f5r01leo94jrs00g873
ok,,EDENRED BRASIL PARTICIPACOES S.A.,https://edenpeople.wd3.myworkdayjobs.com/Edenred_Careers,workday,workday,13,17,t,cmu2nouglay9mnx4jt5hur2z0,cmu2nougsay9onx4jycewugfv
Criar empresa e fonte,,Rumo Logística,https://rumolog.gupy.io/,inhire,inhire,13,17,t,cmsxcfo5200bwnf4joem3ds7z,cmsxcfo5c00bynf4j0vkp1p72
Empresa errada,FSB Holding,RUMO MALHA PAULISTA,https://fsbholding.inhire.app/,inhire,inhire,13,17,t,cmsxcfo5200bwnf4joem3ds7z,cmsxcfo5c00bynf4j0vkp1p72
Empresa errada,Ligga Telecom,LINK-TWO TELECOM LTDA,https://liggatelecom.inhire.app/,inhire,inhire,13,15,t,cmtoe1bjm001wpf4jwjvf70k2,cmtoe1bjw001ypf4jv9c39uji
ok,,COLAB TECNOLOGIA E SERVICOS DE INTERNET S.A.,https://boards.greenhouse.io/colabsoftware,greenhouse,greenhouse,13,13,t,cmtoe1drs008bpf4j940dvjpf,cmtoe1drz008dpf4jj19vl69j
ok,,Axiaenergia,https://axiaenergia.gupy.io/,gupy,gupy,12,38,t,cmu5j4zks005kqwvkkj84zirj,cmu5j4zw6005mqwvkgm86x7rk
ok,,Cacau Show,https://cacaushow.gupy.io/,gupy,gupy,12,34,t,cmsqp39vp00g2o94jssqx962u,cmsqp39vv00g4o94jsk6axom0
Empresa errada,Gig Group,UTE PARNAIBA II,https://gigroup1.pandape.com.br/,pandape,pandape,12,29,t,cmsxt5wq62ae6nf4jvbd5udoj,cmsxt5wqe2ae8nf4jmfdmvcd0
ok,,CONSTRUTORA TENDA,https://tenda.gupy.io/,gupy,gupy,12,27,t,cmpkcfst500p3oi4jnndiv83w,cmpkcfst700p5oi4jhbss7gxp
Empresa Errada,BIP Brasil,B.C.F. PRODUCAO E GESTAO DE SOFTWARES LTDA,https://vemprabip.gupy.io/,gupy,gupy,12,26,t,cmtvkcrdahlpnrs4ji4tsmjuv,cmtvkcrddhlpprs4jhih5vgut
ok,,Jusbrasil,https://job-boards.greenhouse.io/jusbrasil,greenhouse,greenhouse,12,17,t,cmsqp3dqb019wo94j68ty0omt,cmsqp3dqh019yo94jwmi4bcqc
ok,,Vibra Energia (BR Distribuidora),https://vibraenergia.gupy.io/,gupy,gupy,12,17,t,cmsqp3hcm022qo94jtgdkp5ag,cmsqp3hcs022so94j0na0ua6l
Empresa Errada,Brasoftware,INFOR DO BRASIL SOFTWARES LTDA.,https://brasoftware.inhire.app/,inhire,inhire,12,16,t,cmt27m7dd53i9o14jgc8st6nk,cmt27m7dq53ibo14jad3fm4tc
ok,,BRITANIA S A ADMINISTRACAO DE BENS,https://britania.pandape.com.br/,pandape,pandape,12,13,t,cmu19mlb05zz8o64j7xg2ibnr,cmu19mlb55zzao64jxno0b0i2
ok,,Marisa Lojas,https://lojasmarisa.pandape.infojobs.com.br/,pandape,pandape,12,12,t,cmsqp3eg801fdo94jqtdymk27,cmsqp3egf01ffo94jvcqyye14
ok,,POSITIVO,https://positivo.gupy.io/,gupy,gupy,11,234,t,cmpkcfsr000nroi4jelmolw8z,cmpkcfsr300ntoi4jixx5oto2
ok,,UNIFIQUE TELECOMUNICAÇÕES S.A.,https://vemserunifique.gupy.io/,gupy,gupy,11,38,t,cmpkcfsm900kooi4jt93jnyo8,cmpkcfsmb00kqoi4jn5lg9mo6
Empresa Errada,RD Saúde,EDP SMART SERVICOS,https://rdsaude-corporativo.gupy.io/,gupy,gupy,11,33,t,cmt0nvmec0c1isw4jbpr9fbyd,cmt0nvmel0c1ksw4jz2m4biyw
Renomear Empresa,Loft,Loft (Lever2),https://loft.teamtailor.com/jobs,teamtailor,teamtailor,11,29,t,cmsqp3e6901dpo94jnc8bdu76,cmsqp3e6e01dro94jf1rjjzc7
ok,,RANDON,https://randoncorp.gupy.io/,gupy,gupy,11,27,t,cmpkcfsrm00o6oi4jrh5o58k2,cmpkcfsro00o8oi4j4odn70hf
ok,,GOVERNANCABRASIL S/A TECNOLOGIA E GESTAO EM SERVICOS,https://governancabrasil.gupy.io/,gupy,gupy,11,26,t,cmt27m7jw53iro14jpktzslcj,cmt27m7k453ito14jz8ox19ow
ok,,Iplace,https://iplace.gupy.io/,gupy,gupy,11,25,t,cmu5j3gwj003lqwvkegtt3rbu,cmu5j3h7x003nqwvkuv2gcvsr
ok,,Contabilizei,https://contabilizei.inhire.app/vagas,inhire,inhire,11,21,t,cmsqp3amj00mho94jov9hegbx,cmsqp3amq00mjo94jf8wleuvr
ok,,Vtex,https://boards-api.greenhouse.io/v1/boards/vtex/jobs,greenhouse,greenhouse,11,19,t,cmsqp3hgf023no94jkz0ukoki,cmsqp3hgk023po94j9s2pz7gx
ok,,BIONEXO S.A.,https://bionexo.inhire.app/,inhire,inhire,11,17,t,cmt27m79t53hxo14jng4kj7xi,cmt27m7a453hzo14jpcsjta7p
ok,,Grupo Alura,https://alun.inhire.app/alura/vagas,inhire,inhire,11,17,t,cmsqp3cnu011to94jc01e0al7,cmsqp3co7011vo94jpwa3bfwp
ok,,Grupo Volkswagen Brasil,https://vwbrasil.gupy.io/,gupy,gupy,11,17,t,cmsqp3cwl013wo94jw3v8gf4a,cmsqp3cwr013yo94jozn1u2ic
ok,,GRUPO ZELO,https://grupozelo.pandape.com.br/,pandape,pandape,11,14,t,cmt0nvmdi0c1fsw4jal9w5t2x,cmt0nvmdp0c1hsw4jica3fdo3
ok,,Rede D'Or São Luiz,https://rededor.gupy.io/,gupy,gupy,11,13,t,cmsqp3fv401qto94jjjijspqu,cmsqp3fva01qvo94jvi4z1ciq
ok,,Kapres,https://kapres.teamtailor.com/,teamtailor,teamtailor,11,12,t,cmu5j3lcd003rqwvk710n5tkj,cmu5j3lnp003tqwvkcl264tfd
ok,,Vivo / Telefônica,https://vivo.gupy.io/,gupy,gupy,10,88,t,cmsqp3hev0238o94jjoierp70,cmsqp3hf1023ao94jtmxi2izx
ok,,BHS,https://bhs.gupy.io/,gupy,gupy,10,32,t,cmsqp38sz008wo94j5g6vwb5p,cmsqp38t7008yo94jn6guadur
ok,,LIVELO,https://livelo.inhire.app/,inhire,inhire,10,20,t,cmsxcfn0r008knf4juqa3g26e,cmsxcfn10008mnf4jvclx75fy
Empresa Errada,Grupo OLX,6PLACE PLATAFORMA DIGITAL DE NEGOCIOS SA,https://vemsergrupoolx.gupy.io/,gupy,gupy,10,18,t,cmtoe1b6t000wpf4jwm13g9bl,cmtoe1b7b000ypf4jms6vrtfo
ok,,TIM BRASIL SERVICOS E PARTICIPACOES S.A,https://vemprotime.gupy.io/,gupy,gupy,10,18,t,cmtxdowrb0wszlk4jugzu2wcq,cmtxdowrh0wt1lk4jhb9wnzid
ok,,TOLEDO DO BRASIL,https://toledobrasil.gupy.io/,gupy,gupy,10,17,t,cmsxt5xby2ag3nf4jl6jeqgc6,cmsxt5xcd2ag5nf4jhdka6otg
ok,,Brasilseg,https://brasilseg.gupy.io/,gupy,gupy,10,16,t,cmsqp39a800cbo94jdby2106i,cmsqp39ae00cdo94jtqj720pp
ok,,Braze Brasil,https://boards.greenhouse.io/braze,greenhouse,greenhouse,10,16,t,cmsqp39bm00cno94jg7umjqme,cmsqp39bs00cpo94j8u2cb043
ok,,Brex Brasil Lever,https://job-boards.greenhouse.io/brex,greenhouse,greenhouse,10,16,t,cmsqp39by00cqo94jimhkd4om,cmsqp39c300cso94jtemd7lni
ok,,DIRECIONAL ENGENHARIA S/A,https://direcionalengenharia.inhire.app/,inhire,inhire,10,12,t,cmu2noyj7ayi1nx4j9vrl8eqb,cmu2noyjcayi3nx4jr1olzxrz
ok,,LOJAS AVENIDA S.A,https://grupoavenida.pandape.com.br/,pandape,pandape,10,11,t,cmu2np1n7aynznx4jyovaosaw,cmu2np1neayo1nx4jr4kp9f6v
ok,,OLIST SERVICOS DIGITAIS LTDA,https://olist.inhire.app/,inhire,inhire,10,11,t,cmu2novwiayddnx4jefcbnebd,cmu2novwoaydfnx4jesk8pxu3
Empresa Errada,Grupo SEB,SUPER ENSINO LTDA,https://gruposeb.gupy.io/,gupy,gupy,10,11,t,cmtvkcrg7hlpzrs4jb539buke,cmtvkcrgahlq1rs4joe5alu27
ok,,BLU LICENCIAMENTOS E PARTICIPACOES S.A.,https://blufinance.pandape.com.br/,pandape,pandape,10,10,t,cmu2noxrbayg7nx4jnlaps9ub,cmu2noxriayg9nx4j9w909byb
ok,,VALID,https://valid.gupy.io/,gupy,gupy,9,36,t,cmpkcfsu400proi4j2pl9ix0l,cmpkcfsu700ptoi4j2si9bh4u
ok,,Simpress Comércio,https://simpress.gupy.io/,gupy,gupy,9,35,t,cmsqp3gct01uwo94jvg14twtz,cmsqp3gcy01uyo94jl14qlhbd
ok,,Renner,https://renner.gupy.io/,gupy,gupy,9,29,t,cmsqp3fvw01qzo94jarr9nbsd,cmsqp3fw101r1o94jk9hubodg
ok,,VR Benefícios,https://vr.inhire.app/vagas,inhire,inhire,9,26,t,cmsqp3h9r0222o94jpuzwj3uo,cmsqp3h9w0224o94jzavhb1ss
ok,,BYD Brasil,https://bydbrasil.gupy.io/,gupy,gupy,9,23,t,cmsqp38zq009to94jfut354zc,cmsqp38zw009vo94jk67ek1cc
ok,,Fretebras,https://frete.inhire.app/,inhire,inhire,9,22,t,cmswbmaef0i6job4jaiq02d95,cmswbmael0i6lob4jttte75kg
ok,,Nuvemshop GH,https://nuvemshop-tiendanube.inhire.app/vagas,inhire,inhire,9,20,t,cmsqp3f0u01kfo94j1f24dfv2,cmsqp3f1001kho94jpymndem6
Empresa Errada,Grupo HTB,SRK-HTB,https://htb.gupy.io/,gupy,gupy,9,18,t,cmt0kx2zy007rsw4jwqunf5dc,cmt0kx306007tsw4ju3te967f
ok,,Smarthis,https://smarthis.gupy.io/,gupy,gupy,9,17,t,cmu5j3ukj0043qwvke0jkgldd,cmu5j3uvx0045qwvkzuy07ufp
ok,,SAIPOS SERVICOS DE SOFTWARE S.A,https://saipos.gupy.io/,gupy,gupy,9,16,t,cmt2s7bl160f2o14j1hhaf7iv,cmt2s7bl960f4o14j4gyxm0pd
ok,,Alelo,https://alelo.inhire.app/vagas,inhire,inhire,9,15,t,cmsqp3866003eo94j6g0tzk5b,cmsqp386c003go94jr2tovdsa
ok,,Andrade Gutierrez,https://andradegutierrez.gupy.io/,gupy,gupy,9,15,t,cmsqp38e6005bo94jp3znuwt5,cmsqp38ec005do94ja7trsk3b
ok,,CLICKSIGN GESTAO DE DOCUMENTOS S/A,https://clicksign.gupy.io/,gupy,gupy,9,15,t,cmtnbwm3gkpbvrp4jtfna32ww,cmtnbwm3nkpbxrp4ji5nabgpd
ok,,Casa dos Ventos,https://casadosventos.gupy.io/,gupy,gupy,9,15,t,cmsqp3a1g00heo94jmtud51gh,cmsqp3a1m00hgo94jc1vzfkoz
ok,,Solfácil,https://solfacil.inhire.app/vagas,inhire,inhire,9,13,t,cmsqp3gfs01vno94jgfwus37g,cmsqp3gfx01vpo94jxw5v7q81
ok,,Amaggi,https://amaggi.inhire.app/,inhire,inhire,9,9,t,cmswbman30i7job4jzbnkdlq5,cmswbmana0i7lob4jbsiix0st
ok,,GPS Serviços,https://grupogps.pandape.infojobs.com.br/,pandape,pandape,9,9,t,cmsqp3cei00zwo94j4l8jm198,cmsqp3cep00zyo94jvlxvpas0
ok,,Supermix,https://supermix.pandape.com.br/,pandape,pandape,9,9,t,cmu5j4f3p004tqwvke80jbhi2,cmu5j4ffp004vqwvkwu6iqru6
ok,,T-ENGENHARIA E SISTEMAS LTDA,https://engenharia.inhire.app/,inhire,inhire,9,9,t,cmtvkcraghlp8rs4jf3dm2lpm,cmtvkcrajhlpars4jwcbp26sc
ok,,Natura Cosméticos,https://natura.wd501.myworkdayjobs.com/pt-BR/NaturaCarreiras,workday,workday,8,30,t,cmsqp3et701imo94js1xk3mcs,cmsqp3etc01ioo94jyyji4kqv
ok,,Friboi / JBS Brasil,https://grupojbs.gupy.io/,gupy,gupy,8,29,t,cmsqp3c8s00yqo94j9fb3xm9g,cmsqp3c8x00yso94jgmhyy7bb
ok,,VALTECH BRASIL TECNOLOGIA DIGITAL LTDA,https://boards.greenhouse.io/valtech,greenhouse,greenhouse,8,26,t,cmtnbwlttkpayrp4juogoj37f,cmtnbwlu1kpb0rp4j6vuvhtvh
ok,,Iberdrola Brasil,https://iberdrola.wd3.myworkdayjobs.com/pt-BR/Iberdrola,workday,workday,8,25,t,cmsqp3dcz0175o94jj30pw7ko,cmsqp3ddk0177o94jv69z8a34
ok,,Cogna Educação,https://cogna.gupy.io/,gupy,gupy,8,23,t,cmsqp3af600kwo94jpuxhuyqr,cmsqp3afe00kyo94jiqwcflom
ok,,ALGAR,https://algar.gupy.io/,gupy,gupy,8,21,t,cmsqp37x6001to94j04d8zujz,cmsqp37xc001vo94jv5w0g8j4
ok,,FRANQ,https://franq.gupy.io/,gupy,gupy,8,20,t,cmsqp3byr00weo94jim0atorc,cmsqp3byw00wgo94jstncahft
ok,,STARIAN SISTEMAS S/A,https://starian.gupy.io/,gupy,gupy,8,19,t,cmt27m7es53ico14jz6y81y93,cmt27m7f053ieo14jysheeam5
Empresa Errada,SoftDesign,SOULLOOP DE DESENVOLVIMENTO DE SOFTWARES LTDA,https://softdesign.gupy.io/,gupy,gupy,8,17,t,cmtoe1dpg0082pf4j5z10sov1,cmtoe1dpl0084pf4jzv8fulir
ok,,Hypera Pharma,https://hyperapharma.gupy.io/,gupy,gupy,8,16,t,cmsqp3d8j016ko94j02d1apzu,cmsqp3d8s016mo94ji3beumtz
ok,,SKY.ONE TECNOLOGIA EM SOFTWARE S.A.,https://skyone.inhire.app/,inhire,inhire,8,15,t,cmt27m5zl53e3o14j2b8h26a9,cmt27m5zt53e5o14jxayqjnd4
Empresa Errada,Neohype,BRADESCO SEGUROS S/A,https://neohype.gupy.io/,gupy,gupy,8,14,t,cmtxdows90wt2lk4jsnth256e,cmtxdowsf0wt4lk4j6h0z12vp
ok,,Cobli,https://cobli.inhire.app/vagas,inhire,inhire,8,13,t,cmsqp3ad700keo94jpd67qp3k,cmsqp3adc00kgo94jc6l96x80
ok,,DWS BRASIL LTDA.,https://dwsbrazil.gupy.io/,gupy,gupy,8,13,t,cmt2s7c4860geo14jzxka8shf,cmt2s7c4g60ggo14jtxqhszi1
ok,,PHILIPS DO BRASIL LTDA,https://philips.wd3.myworkdayjobs.com/pt-BR/jobs-and-careers,workday,workday,8,12,t,cmu19mlqy600eo64jr4q4meq2,cmu19mlr3600go64j0xe2qjo8
ok,,SumUp Brasil,https://boards.greenhouse.io/sumup,greenhouse,greenhouse,8,12,t,cmswbm96o0i2yob4jf1mk9b3d,cmswbm96w0i30ob4j3zlc6y1i
ok,,WEX BRASIL SERVICOS DE TECNOLOGIA LTDA,https://wexinc.wd5.myworkdayjobs.com/pt-BR/WEXInc,workday,workday,8,12,t,cmt2s7az960d8o14j6m5o94jw,cmt2s7azg60dao14jnndvgaya
ok,,Azul Linhas Aéreas,https://voeazul.gupy.io/,gupy,gupy,8,11,t,cmsqp38q0008eo94jhrwumyri,cmsqp38q6008go94jmlxa3cpl
Empresa Errada,Elevor,EVOLV TECNOLOGIA EMPRESARIAL S.A,https://elevor.inhire.app/,inhire,inhire,8,10,t,cmtoe1dsq008epf4j44kddo4x,cmtoe1dsw008gpf4j60w2o9qy
ok,,ElevenLabs,https://jobs.ashbyhq.com/elevenlabs,ashby,ashby,8,10,t,cmsqp3bl700teo94jpwehvib0,cmsqp3blm00tgo94jjef5jivc
ok,,Gruposereng,https://gruposereng.gupy.io/,gupy,gupy,8,10,t,cmu5j4jlw004zqwvkf7502d7r,cmu5j4jxa0051qwvkx2kpkiji
ok,,MAKRO,https://makroengenharia.gupy.io/,gupy,gupy,8,10,t,cmsxt5woy2ae3nf4j750u71z0,cmsxt5wp92ae5nf4j5c98d8oe
ok,,Mercado Bitcoin,https://mb.inhire.app/vagas,inhire,inhire,8,10,t,cmsqp3ek701gdo94jxg37qy5x,cmsqp3ekc01gfo94jt3ggpscf
ok,,YANDEH TECNOLOGIA EM INFORMACAO UDI LTDA.,https://yandeh.inhire.app/,inhire,inhire,8,10,t,cmtnbwn6vkpfjrp4jn15rguap,cmtnbwn71kpflrp4jah5asb3q
Empresa Errada,Mobit Tecnologia,BIT SERVICES INOVACAO E TECNOLOGIA LTDA.,https://mobit.gupy.io/,gupy,gupy,8,9,t,cmt27m7iy53ioo14j5bdr61nb,cmt27m7j653iqo14jtnsejywe
ok,,Adilis,https://adilis.pandape.com.br/,pandape,pandape,8,8,t,cmu5j1bb8000rqwvkyt92kfka,cmu5j1bmi000tqwvkk6gsfj93
ok,,Talentosconsultoria,https://talentosconsultoria.pandape.com.br/,pandape,pandape,8,8,t,cmu5j1vxb001iqwvkpo51wasw,cmu5j1w8q001kqwvkkih5j9kf
ok,,VERZANI & SANDRINI,https://verzanisandrini.pandape.com.br/,pandape,pandape,8,8,t,cmsxkv9w11gt2nf4jqws6yzge,cmsxkv9wi1gt4nf4jr5iousfp
ok,,Equatorial Energia,https://equatorialenergia.gupy.io/,gupy,gupy,7,31,t,cmsqp3bqa00uko94jmh0wajf5,cmsqp3bqg00umo94ju9j8zbko
ok,,Stripe Brasil,https://job-boards.greenhouse.io/stripe,greenhouse,greenhouse,7,27,t,cmsqp3gkh01wwo94j5gzswt0g,cmsqp3gkn01wyo94jnoy06c87
ok,,Cadastra,https://cadastra.gupy.io/,gupy,gupy,7,24,t,cmsqp39w200g5o94j8sthf25m,cmsqp39w700g7o94j5jbhi6pk
ok,,Ambev,https://ambev.gupy.io/,gupy,gupy,7,21,t,cmsqp38at004ho94jnxoepdje,cmsqp38b0004jo94j1iusle34
ok,,CBA,https://cba.gupy.io/,gupy,gupy,7,18,t,cmsqp39gu00dwo94j2yhxol9w,cmsqp39h100dyo94jjeruyf2i
ok,,EDAG do Brasil,https://edag.gupy.io/,gupy,gupy,7,18,t,cmsqp3baz00rno94jvhdx1zy0,cmsqp3bb600rpo94jm9k50d0g
ok,,Nomad Global,https://nomadglobal.inhire.app/vagas,inhire,inhire,7,18,t,cmsqp3ex401jmo94jd1ymp267,cmsqp3ex901joo94jfq9ys5ck
ok,,Assaí Atacadista,https://assai.gupy.io/,gupy,gupy,7,17,t,cmsqp38jv006to94jjopdydiz,cmsqp38k1006vo94j6onitokg
ok,,Deliver IT,https://deliverit.gupy.io/,gupy,gupy,7,17,t,cmsqp3b5n00qbo94jc26qhifo,cmsqp3b5t00qdo94j9jj2khvp
ok,,Superlógica,https://superlogica.inhire.app/,inhire,inhire,7,16,t,cmswbm9ds0i3gob4j9qhkr56v,cmswbm9e50i3iob4j8cc6m018
ok,,Banco Daycoval,https://bancodaycoval.gupy.io/,gupy,gupy,7,15,t,cmsw3owvo009ao14jdzknr90p,cmsw3owvu009co14j4gq6z75u
Renomear Empresa,Isa Energia,ISA CTEEP,https://isaenergiabrasil.gupy.io/,gupy,gupy,7,15,t,cmsxcfmxh008bnf4j5fn3twqj,cmsxcfmxq008dnf4jws9q2peb
ok,,Sympla,https://sympla.inhire.app/vagas,inhire,inhire,7,15,t,cmsqp3gof01xwo94ju23vtcoq,cmsqp3gon01xyo94jd4umec6w
ok,,Alpargatas,https://alpargatas.gupy.io/,gupy,gupy,7,14,t,cmsqp388r003zo94j15s9alka,cmsqp388x0041o94j4cfvfb6x
Empresa Errada,Nio,SOMOS NUVEM DO BRASIL SERVICOS DE INTERNET LTDA,https://nio.gupy.io/,gupy,gupy,7,14,t,cmtnbwmrakpe4rp4jy00ndelt,cmtnbwmrgkpe6rp4jx337z5cs
ok,,Banco Digio,https://digio.gupy.io/,gupy,gupy,7,13,t,cmsw3owx2009go14jkrqhw6g8,cmsw3owxa009io14jme05gx8j
Empresa Errada,Join Creative Tech,CREATION IT TECNOLOGIA EM DESENVOLVIMENTO LTDA.,https://jointecnologia.gupy.io/,gupy,gupy,7,13,t,cmt2s7cdo60hbo14jpoam4y8z,cmt2s7cdu60hdo14jemvqgi1b
ok,,Funcional Health Tech,https://funcionalhealthtech.gupy.io/,gupy,gupy,7,13,t,cmsqp3c9e00ywo94jig5g9js5,cmsqp3c9k00yyo94jisvgzebb
ok,,Grupo Pereira Supermercados,https://grupopereira.pandape.infojobs.com.br/,pandape,pandape,7,13,t,cmsqp3cuy013ho94jzrbv22jw,cmsqp3cv4013jo94j1x7fxhyq
Empresa Errada,Unicred,UPL DO BRASIL,https://unicredbr.gupy.io/,gupy,gupy,7,13,t,cmsxcfmtl0082nf4j6etyzp0n,cmsxcfmtv0084nf4jizgfjyu8
ok,,Auvo Tecnologia,https://auvotecnologia.inhire.app/vagas,inhire,inhire,7,12,t,cmsqp38nf007qo94jekye87wm,cmsqp38nk007so94j0ggpydxm
Empresa Errada,Vertem,ESFERA FIDELIDADE,https://queroservertem.gupy.io/,gupy,gupy,7,12,t,cmsxcfqua00k2nf4j2c6mh7eb,cmsxcfqum00k4nf4j7ezidja5
ok,,ORIZON VALORIZACAO DE RESIDUOS S.A,https://orizon.gupy.io/,gupy,gupy,7,12,t,cmu19ml7n5zywo64jfjs99xh4,cmu19ml7r5zyyo64jynd7j1bc
ok,,VITRU EDUCACAO S.A.,https://vitru.inhire.app/,inhire,inhire,7,12,t,cmu1qzc65003pnx4j1nb6f31h,cmu1qzc6c003rnx4jw3p7e1k6
ok,,I4PRO,https://i4pro.gupy.io/,gupy,gupy,7,11,t,cmsxlnu3d1ihrnf4jvtdjyyxt,cmsxlnu9e1ihtnf4j3kf6o3j7
Empresa Errada,Unisys,UNIDASUL,https://unisys.wd5.myworkdayjobs.com/External,workday,workday,7,11,t,cmsxcfpas00fhnf4jb05hym6s,cmsxcfpb300fjnf4jbgtkpits
ok,,VIVEO (MAFRA HOSPITALAR),https://viveo.gupy.io/,gupy,gupy,7,11,t,cmsxcfli10045nf4j69gey4bh,cmsxcflid0047nf4jnj6jp9wd
ok,,Pagaleve,https://pagaleve.gupy.io/,gupy,gupy,7,9,t,cmstg0x9w5buoo94j8ljl6wgt,cmstg0xff5buqo94j1t77u6iz
Empresa Errada,Solutions,BROADRIDGE TRADING AND CONNECTIVITY SOLUTIONS DO BRASIL LTDA,https://boards.greenhouse.io/solutions,greenhouse,greenhouse,7,8,t,cmtnbwlvbkpb4rp4jv35k26it,cmtnbwlvhkpb6rp4jpf9zvbcz
Empresa Errada,EQI,ITAGUACU INVESTIMENTOS S.A.,https://eqi.inhire.app/,inhire,inhire,7,8,t,cmu2np12vaymznx4j1ankf0zp,cmu2np130ayn1nx4j1w04db3r
ok,,SHIFT TECNOLOGIA E SERVICOS LTDA,https://shift.gupy.io/,gupy,gupy,7,8,t,cmtnbwm84kpcdrp4jwkgqextj,cmtnbwm8akpcfrp4jsm9vmzi3
ok,,SULZER,https://sulzer.wd502.myworkdayjobs.com/SulzerJobs,workday,workday,7,8,t,cmt0nvn5q0c39sw4j2afyo9yu,cmt0nvn5z0c3bsw4jhuzym1u7
ok,,CLINICA EXPERTS S.A,https://clinicaexperts.inhire.app/,inhire,inhire,7,7,t,cmtvkcr3thlo8rs4jhxnb31qq,cmtvkcr3whloars4jgk0hhqzu
ok,,TRACK & FIELD CO S.A.,https://tfcarreira.gupy.io/,gupy,gupy,6,162,t,cmpkcfst900p6oi4j1esnlfka,cmpkcfstb00p8oi4jfs11lgff
ok,,ELDORADO BRASIL,https://vagaseldoradobrasil.gupy.io/,gupy,gupy,6,36,t,cmpkcfsv000qcoi4j5nysgpz7,cmpkcfsv200qeoi4jc22wzamr
ok,,Solar CocaCola,https://solarcocacola.gupy.io/,gupy,gupy,6,25,t,cmstg1nsq5buro94joihd2l1j,cmstg1nyh5buto94jjocga35q
Renomear Empresa,Telefonica Tech,TELEFONICA CLOUD,https://ttech.gupy.io/,gupy,gupy,6,21,t,cmsxkv9uu1gsznf4je31iu86z,cmsxkv9v61gt1nf4j3mtz8p66
ok,,ALARES INTERNET S/A,https://alaresinternet.gupy.io/,gupy,gupy,6,19,t,cmu2nox0dayejnx4j04k39z7y,cmu2nox0mayelnx4j7ue8pvje
ok,,Ipiranga Produtos,https://ipiranga.gupy.io/,gupy,gupy,6,18,t,cmsqp3djt018ko94jpi8ek3by,cmsqp3djz018mo94jn5iru6b2
ok,,GE VERNOVA ENERGY HOLDING DO BRASIL LTDA,https://gevernova.wd5.myworkdayjobs.com/Vernova_ExternalSite,workday,workday,6,17,t,cmtxdown80wsnlk4jrsu8rgp4,cmtxdownf0wsplk4jo728jbn4
ok,,Banco BMG,https://bmg.gupy.io/,gupy,gupy,6,16,t,cmsw3owwa009do14jcd1i68s6,cmsw3owwg009fo14jcy9zb0tm
ok,,CRUZEIRO DO SUL EDUC,https://cruzeirodosuleducacional.gupy.io/,gupy,gupy,6,15,t,cmt0g7zop6f3mpd4j7rm0wx8j,cmt0g7zp26f3opd4j69biuwe4
ok,,Santander Brasil,https://santander.wd3.myworkdayjobs.com/pt-BR/SantanderCareers,workday,workday,6,15,t,cmsqp3g5g01t5o94jnnq2dvb1,cmsqp3g5l01t7o94j85ufpihl
ok,,Banco Mercantil,https://mercantil.gupy.io/jobs,gupy,gupy,6,14,t,cmsqp391x00abo94j852ve2j4,cmsqp392200ado94jgmhpa3qj
ok,,ELECTROLUX DO BRASIL S/A,https://electrolux.wd3.myworkdayjobs.com/ElectroluxCareerSite,workday,workday,6,14,t,cmu2noywdayixnx4jp1b3wexl,cmu2noywiayiznx4j8z9mdrdg
ok,,Mastercard Brasil,https://mastercard.wd1.myworkdayjobs.com/CorporateCareers,workday,workday,6,14,t,cmsqp3egw01fjo94j42d33ai8,cmsqp3eh201flo94jtxwsefu3
ok,,FINNET S/A - TECNOLOGIA E INSTITUICAO DE PAGAMENTO,https://finnet.gupy.io/,gupy,gupy,6,13,t,cmtnbwm56kpc1rp4jmv2oxq3y,cmtnbwm5ckpc3rp4j97ans5x1
ok,,Cocamar,https://cocamar.gupy.io/,gupy,gupy,6,12,t,cmsqp3aej00kqo94jblrdrdir,cmsqp3aeq00kso94jg7mpdof5
ok,,DOCTORALIA BRASIL SERVICOS ONLINE E SOFTWARE LTDA,https://jobs.ashbyhq.com/doctoralia-brasil,ashby,ashby,6,11,t,cmt27m5rs53dfo14jswjemtpe,cmt27m5s053dho14j1272vtwh
ok,,Farmácia São João,https://farmaciasaojoao.gupy.io/,gupy,gupy,6,11,t,cmsqp3c0d00wqo94js2294kb5,cmsqp3c0j00wso94j1o7dbjtu
ok,,Flash Benefícios,https://jobs.lever.co/flashapp,lever,lever,6,11,t,cmsqp3c5000xto94jsii7h442,cmsqp3c5900xvo94jnoare5aj
ok,,JHSF Participações,https://jhsf.gupy.io/,gupy,gupy,6,11,t,cmsqp3dnc0198o94j229pdzb8,cmsqp3dni019ao94j9sta3a2t
Empresa Errada,AG TaxTech,FINUSE CAPITAL LTDA,https://grupoagcapital.inhire.app/,inhire,inhire,6,10,t,cmtnbwn3okpfdrp4jo7dfjaj5,cmtnbwn40kpffrp4jd9yr88u9
Renomear Empresa,Banco PAN,PAN FINANCEIRA S.A. - SOCIEDADE DE CREDITO FINANCIAMENTO E INVESTIMENTOS,https://boards.greenhouse.io/bancopan,greenhouse,greenhouse,6,10,t,cmu2nowyqayednx4jkg39xvy2,cmu2nowywayefnx4juerbgk9p
ok,,B4A,https://b4a.gupy.io/,gupy,gupy,6,9,t,cmsqp38qb008ho94jbrr2xl5w,cmsqp38qh008jo94j0sgdbw5g
ok,,Evonik Brasil,https://evonik.wd3.myworkdayjobs.com/External_Careers,workday,workday,6,9,t,cmsqp3bvj00vto94jz11tbe2i,cmsqp3bvq00vvo94j2mghk7b5
ok,,LEO MADEIRAS,https://leomadeiras.gupy.io/,gupy,gupy,6,9,t,cmsxkv8vk1gqenf4jgj9ey8nj,cmsxkv8vs1gqgnf4j5hsvg6jg
ok,,Pravaler,https://pravaler.inhire.app/vagas,inhire,inhire,6,9,t,cmsqp3fmf01p2o94jrzcc4glc,cmsqp3fmk01p4o94jo7bkwi5z
ok,,Eurofarma,https://eurofarma.gupy.io/,gupy,gupy,6,8,t,cmsqp3bv600vqo94j3ryqb092,cmsqp3bvc00vso94jm7dbxr61
ok,,Vidalink,https://vidalink.gupy.io/,gupy,gupy,6,8,t,cmu5j0xjx0009qwvkzfvdjb5t,cmu5j0xvb000bqwvkoi3o9i5f
ok,,CIA. HERING,https://ciahering.gupy.io/,gupy,gupy,6,7,t,cmu2nou6say8ynx4j7q0jhulh,cmu2nou6yay90nx4jtwy27vcl
ok,,Conexão Talento,https://conexaotalento.gupy.io/,gupy,gupy,6,7,t,cmsqp3al600m5o94jujcewwbj,cmsqp3alb00m7o94jefupd26l
ok,,Fadami,https://fadami.gupy.io/,gupy,gupy,6,7,t,cmsqp3bzi00wko94jymbfkrnl,cmsqp3bzo00wmo94jt5wmemdt
ok,,Gertec Brasil,https://gertec.gupy.io/,gupy,gupy,6,7,t,cmsqp3cjr010to94jawxmge2m,cmsqp3cjx010vo94j91aeyzur
ok,,CARE PLUS MEDICINA ASSISTENCIAL LTDA,https://careplus.pandape.com.br/,pandape,pandape,6,6,t,cmu2nozm2aykenx4j2v48vv37,cmu2nozm8aykgnx4j0gh287vj
ok,,NOTRE DAME INTERMEDICA MINAS GERAIS LTDA.,https://intermedica.pandape.com.br/,pandape,pandape,6,6,t,cmu2np33fayrhnx4jcqkjsfly,cmu2np33layrjnx4jvjooim0e
ok,,Claro,https://vempraclaro.gupy.io/,gupy,gupy,5,27,t,cmsqp3aad00jqo94jpi3yx0fy,cmsqp3aan00jso94j1gwo0y3o
ok,,TUPY,https://tupy.gupy.io/,gupy,gupy,5,22,t,cmpkcfstr00pioi4ju8yqqdy8,cmpkcfstt00pkoi4jx1u3y8nf
ok,,NUCLEA,https://nuclea.gupy.io/,gupy,gupy,5,20,t,cmsxijzyz19rvnf4j39t6oetd,cmsxijzz919rxnf4jk4py0oqg
ok,,RD Station,https://job-boards.greenhouse.io/rdstation,greenhouse,greenhouse,5,20,t,cmsqp3frd01pzo94jijy3rmsz,cmsqp3frj01q1o94jmi2xrrp7
ok,,CERTSYS TECNOLOGIA DA INFORMACAO LTDA,https://certsys.gupy.io/,gupy,gupy,5,18,t,cmt2s7bqk60feo14jjmcklwoy,cmt2s7bqs60fgo14je2skgen5
Empresa Errada,Bernoulli Educação,ESCOLA DAS LENDAS PORTAL DE CONTEUDO DE JOGOS LTDA,https://bernoullieducacao.gupy.io/,gupy,gupy,5,15,t,cmtoe1bhb001npf4j2iv1ffhs,cmtoe1bhk001ppf4joti3vdw0
ok,,Bemobi,https://bemobi.gupy.io/,gupy,gupy,5,14,t,cmsqp395k00b5o94j7a67keqs,cmsqp395p00b7o94jq4timnu5
ok,,Bauducco,https://bauducco.gupy.io/,gupy,gupy,5,12,t,cmsqp394j00awo94ju7t6tnw6,cmsqp394p00ayo94jmzos9qkx
ok,,CAIXA SEGURIDADE,https://caixavidaeprevidencia.gupy.io/,gupy,gupy,5,12,t,cmsxijwwf19jynf4jnl4h1d2y,cmsxijwwp19k0nf4jx9lonf9c
ok,,CSN,https://csn.gupy.io/,gupy,gupy,5,12,t,cmsqp39r400fqo94jlluaovfd,cmsqp39r900fso94jwel8bmn8
ok,,Engbras,https://engbras.gupy.io/,gupy,gupy,5,12,t,cmu5j3sd80040qwvknggznn39,cmu5j3som0042qwvky2bpunh0
ok,,BLIP (CURUPIRA),https://boards.greenhouse.io/blip-global,greenhouse,greenhouse,5,11,t,cmt0g80co6f5apd4jp7ah1208,cmt0g80d16f5cpd4jnt1ntqxk
ok,,Bravaenergia,https://bravaenergia.gupy.io/,gupy,gupy,5,11,t,cmu5j540o005qqwvk1f7f7zte,cmu5j54c9005sqwvkd5qid5tm
ok,,SLC Agrícola,https://slcagricola.gupy.io/,gupy,gupy,5,11,t,cmsqp3g1501s8o94jmlspgznc,cmsqp3g1b01sao94jls6kntbs
ok,,TALKDESK BRASIL CX CLOUD SOFTWARE LTDA.,https://boards.greenhouse.io/talkdesk2,greenhouse,greenhouse,5,11,t,cmtoe1bi2001qpf4jukoh0lul,cmtoe1bia001spf4jhj6hh2in
ok,,TECBAN,https://tecban.gupy.io/,gupy,gupy,5,11,t,cmsxcfpoi00ghnf4ji6k36l12,cmsxcfpor00gjnf4j0reg034l
ok,,Alice Saúde,https://alice.inhire.app/vagas,inhire,inhire,5,10,t,cmsqp387a003no94j1whlmjru,cmsqp387f003po94joqeqt2i9
ok,,Genial Investimentos,https://genial.gupy.io/,gupy,gupy,5,10,t,cmswbm94j0i2pob4jpnx5f7a9,cmswbm94q0i2rob4j2rtphsp5
ok,,Viaflow,https://viaflow.gupy.io/,gupy,gupy,5,10,t,cmu5j2c7u0023qwvkg7932zo2,cmu5j2cj80025qwvknxq8moep
ok,,CERC SA,https://cerc.inhire.app/,inhire,inhire,5,9,t,cmt27m60g53e6o14j1i2imojn,cmt27m60o53e8o14jsb1uwxpi
ok,,Creditas,https://creditas.gupy.io/,gupy,gupy,5,9,t,cmsqp3auz00obo94jl0mw67e7,cmsqp3av500odo94j10924ehd
ok,,Cury Construtora,https://cury.gupy.io/,gupy,gupy,5,9,t,cmsqp3aye00p2o94juaxmti3i,cmsqp3ayl00p4o94jis32rbn9
ok,,EVEO S.A.,https://eveo.inhire.app/,inhire,inhire,5,9,t,cmtnbwm45kpbyrp4jqnf4m9qu,cmtnbwm4ckpc0rp4jgto86l89
ok,,INFLEET SOLUCOES EM TECNOLOGIA LTDA,https://infleet.inhire.app/,inhire,inhire,5,9,t,cmt2s7bzi60fzo14j63kzg7i1,cmt2s7bzp60g1o14j6r1mrnay
Empresa Errada,Via Soft,VIWARE DESENVOLVIMENTO DE SISTEMAS E SOFTWARE S/A,https://viasoft.gupy.io/,gupy,gupy,5,8,t,cmtoe1dee007bpf4jcyarbqcy,cmtoe1dek007dpf4jxqhmzlh8
ok,,Americanas,https://americanas.gupy.io/,gupy,gupy,5,7,f,cmsqp38ds0058o94jkaqmsww9,cmsqp38dz005ao94jgbx62xqf
ok,,BeFly,https://befly.gupy.io/,gupy,gupy,5,7,t,cmsqp394v00azo94jtrxd8j46,cmsqp395100b1o94jcyaduysc
ok,,CIMED,https://cimed.gupy.io/,gupy,gupy,5,7,t,cmsxijxei19lanf4jd3cw6fmu,cmsxijxeu19lcnf4j3zlglo6h
ok,,CSU CARDSYSTEM,https://csu.inhire.app/,inhire,inhire,5,7,t,cmt0g80vy6f6dpd4jzkqw44bt,cmt0g80w76f6fpd4js1zittau
ok,,Cortex Intelligence,https://cortex.gupy.io/,gupy,gupy,5,7,t,cmsqp3asg00nqo94jrtxvp3gj,cmsqp3asm00nso94jykkrvlzh
ok,,Fast Shop,https://fastshop.gupy.io/,gupy,gupy,5,7,t,cmsqp3c1f00wzo94jpb1gx59f,cmsqp3c1l00x1o94j1ikyswvw
ok,,Grupocvlb,https://grupocvlb.gupy.io/,gupy,gupy,5,7,t,cmu5j1tn2001fqwvkell7uit4,cmu5j1tye001hqwvkxc4jexsa
ok,,Neogrid,https://neogridcarreiras.gupy.io/,gupy,gupy,5,7,t,cmsqp3etk01ipo94j68pefwjn,cmsqp3etq01iro94j2lf08u8r
ok,,OCEANICA ENGENHARIA,https://sejaoceanica.gupy.io/,gupy,gupy,5,7,t,cmsxt5w272ac3nf4jxihw36df,cmsxt5w2h2ac5nf4jpa7ll79y
Renomear Empresa,Up Brasil,UP POINTS SERVICOS EMPRESARIAIS S.A.,https://upbrasilservicos.pandape.com.br/,pandape,pandape,5,7,t,cmtoe1do7007zpf4jb3of2nh2,cmtoe1dod0081pf4jenp60kfn
ok,,Yamaha Motor Brasil,https://yamaha.gupy.io/,gupy,gupy,5,7,t,cmsqp3hnb0255o94jvi4ykgdk,cmsqp3hnk0257o94jrva3p2n4
ok,,Aegea Saneamento,https://aegea.gupy.io/jobs,gupy,gupy,5,6,t,cmsqp382s002ko94j7wex5gc5,cmsqp382y002mo94jvd5axa4o
ok,,GREEN4T PARTICIPACOES S.A.,https://green4t.gupy.io/,gupy,gupy,5,6,t,cmu2noxxmaygjnx4j9po6ewz8,cmu2noxxsayglnx4jo13xka4d
ok,,GRUPO MADERO,https://grupomadero1.pandape.com.br/,pandape,pandape,5,6,t,cmsxijxbw19l4nf4js7nf1r9n,cmsxijxcb19l6nf4j1oczx9lj
ok,,MARKETDATA SOLUTIONS BRASIL LTDA,https://boards.greenhouse.io/marketdata,greenhouse,greenhouse,5,6,t,cmtoe1c7m0042pf4j0n5ge610,cmtoe1c7s0044pf4jyshlswmh
ok,,Madero Indústria e Comércio,https://restaurantemadero.pandape.infojobs.com.br/,pandape,pandape,5,6,t,cmsqp3edb01emo94j9qeb3l4c,cmsqp3edh01eoo94jnnxraylr
Empresa Errada,Scheffer,O TELHAR AGROPECUARIA LTDA,https://scheffer.gupy.io/,gupy,gupy,5,6,t,cmu2noxaoayf7nx4jmbqs4r7c,cmu2noxawayf9nx4jwlhrwuu6
ok,,OMNICOM BRASIL SERVICOS LTDA,https://vemseromni.gupy.io/,gupy,gupy,5,6,t,cmu2np24wayp5nx4jiqaa2ibn,cmu2np253ayp7nx4ja0cih5xw
ok,,SECONCI - SP,https://seconci-sp.gupy.io/,gupy,gupy,5,6,t,cmsxijwvb19jvnf4jg59lsawv,cmsxijwvr19jxnf4jxjqbqlwb
ok,,Solargrid,https://solargrid.gupy.io/,gupy,gupy,5,6,t,cmu5j0p3s0000qwvkvwyhckok,cmu5j0pqj0002qwvkgvl5tvoj
ok,,Swap Financial,https://swapfinancial.gupy.io/jobs,gupy,gupy,5,6,t,cmsqp3go401xto94jrmc8695i,cmsqp3goa01xvo94jlsduf71m
ok,,VESTE S.A. ESTILO,https://veste.pandape.com.br/,pandape,pandape,5,6,t,cmu2np2e8aypwnx4jn308fgvt,cmu2np2egaypynx4jhp2gj528
ok,,Ambev Tech (InHire),https://ambevtech.gupy.io/jobs,gupy,gupy,5,5,t,cmsqp38c3004to94jrh81ks01,cmsqp38c8004vo94jc2kfifuc
Empresa Errada,Accerth Serviços e Tecnologia,BUSINESS TO TECHNOLOGY CONSULTORIA E ANALISE DE SISTEMAS LTDA,https://accerthservicosetecnologialtda.pandape.com.br/,pandape,pandape,5,5,t,cmtvkcrashlpbrs4j4i5fyen1,cmtvkcravhlpdrs4jm5wnv50w
ok,,GEX Instituto Experience,https://gex.inhire.app/vagas,inhire,inhire,5,5,t,cmsqp3cc000zko94jdza2zvu0,cmsqp3cc500zmo94jn1flj9sx
Empresa Errada,Relx,LECCE HOLDINGS S.A.,https://relx.wd3.myworkdayjobs.com/relx,workday,workday,5,5,t,cmu19mlhs5zzqo64j2hefqhic,cmu19mlhy5zzso64jsy8ul1q2
ok,,Otis Elevadores Brasil,https://otis.wd504.myworkdayjobs.com/REC_Ext_Gateway,workday,workday,5,5,t,cmsqp3f8e01m0o94je00wqrgw,cmsqp3f8k01m2o94j1o74t1j2
ok,,QI TECH LTDA.,https://qitech.inhire.app/,inhire,inhire,5,5,t,cmt2s7cee60heo14jxnqwfb7q,cmt2s7cel60hgo14j1dzc17e9
ok,,R3S SEGURANCA E COMERCIO LTDA.,https://rs3servicosgeraisltda.pandape.com.br/,pandape,pandape,5,5,t,cmtnbwmuzkpegrp4jhvvng2qx,cmtnbwmv5kpeirp4jrdsjpbro
ok,,TalentX,https://talentx.inhire.app/vagas,inhire,inhire,5,5,t,cmsxli2bb1iaanf4jhwdkprke,cmsxli2j01iacnf4j4dar1lm3
Empresa Errada,Pvax,VELOTAX SERVICOS DE TECNOLOGIA DA INFORMACAO LTDA.,https://pvax1.pandape.com.br/,pandape,pandape,5,5,t,cmt27m77953hoo14jngl59bz3,cmt27m77g53hqo14jw5etoe2d
ok,,Motiva,https://motiva.gupy.io/,gupy,gupy,4,44,t,cmstfxf7r5bu9o94jp5l1uxm1,cmstfxfdi5bubo94jo5l0l7dp
ok,,Sem Parar / Ultragaz,https://semparar.gupy.io/,gupy,gupy,4,23,t,cmsqp3g8x01tzo94javk1yto5,cmsqp3g9201u1o94jkbux7arl
ok,,EQS ENGENHARIA,https://eqsengenharia.pandape.com.br/,pandape,pandape,4,21,t,cmsxt5wz92aexnf4jr9xchku2,cmsxt5wzh2aeznf4j2sfb09ci
ok,,NAVA SOFTWARE LTDA.,https://boards.greenhouse.io/navapbc,greenhouse,greenhouse,4,17,t,cmt2s7cbt60h5o14jn15otdmo,cmt2s7cc060h7o14jdy1dnjar
ok,,ASCENTY,https://ascenty.pandape.com.br/,pandape,pandape,4,14,t,cmsxijz6f19ppnf4jf8am15z0,cmsxijz6v19prnf4jjrex0me8
ok,,Grupo Energisa,https://grupoenergisa.gupy.io/,gupy,gupy,4,14,t,cmstg29at5buuo94jrkj6hf9g,cmstg29gs5buwo94jj5afim46
ok,,3coracoes,https://3coracoes.gupy.io/,gupy,gupy,4,13,t,cmu5j0zs7000cqwvkfcbkclcd,cmu5j109b000eqwvko0iefpzf
ok,,Weg Transformadores,https://weg.gupy.io/,gupy,gupy,4,13,t,cmsqp3hjv024eo94jcmvmsl7o,cmsqp3hk1024go94j61ytkauz
ok,,ALVOAR LACTEOS (BETANIA),https://alvoarlacteos.gupy.io/,gupy,gupy,4,12,t,cmsxcfqdq00iknf4jaaaxs92v,cmsxcfqdz00imnf4j8qgvw6ex
ok,,Cyrela,https://cyrela.gupy.io/,gupy,gupy,4,12,t,cmsqp3az900p8o94jmjexyx7d,cmsqp3azf00pao94jv5pwf7ve
ok,,Darede,https://darede.gupy.io/,gupy,gupy,4,12,t,cmsqp3b3f00pto94jmk8ediir,cmsqp3b3l00pvo94jxsleof6q
ok,,Tokio Marine Brasil,https://tokiomarine.gupy.io/,gupy,gupy,4,12,t,cmsqp3gyi01zko94jwvbtvh3p,cmsqp3gys01zmo94jnazrqclv
ok,,Qive,https://qive.inhire.app/vagas,inhire,inhire,4,11,t,cmsqp3fpc01pno94jeba5uza9,cmsqp3fpi01ppo94jliu91ewe
ok,,TSEA ENERGIA (TOSHIBA),https://tsaengenharia.gupy.io/,gupy,gupy,4,11,t,cmsxkva091gtenf4jzvrjf9yq,cmsxkva0h1gtgnf4jlxec5kcc
ok,,BRASAL PARTICIPACOES S/A,https://brasal.gupy.io/,gupy,gupy,4,10,t,cmu2novntaycsnx4jd1awfwsc,cmu2novnzaycunx4jtfl91mul
ok,,Melhor Envio,https://lwsa.inhire.app/melhor-envio/vagas,inhire,inhire,4,10,t,cmsqp3ejk01g7o94j2sr90lfz,cmsqp3ejq01g9o94jh99jgr99
ok,,Softplan,https://softplan.gupy.io/,gupy,gupy,4,10,t,cmsqp3gfh01vko94jlou8nnkh,cmsqp3gfn01vmo94jq4rmexgz
ok,,Banco Fibra,https://bancofibra.gupy.io/,gupy,gupy,4,9,t,cmsqp391m00a8o94jjanokktu,cmsqp391r00aao94ji1028grt
ok,,CLARANET TECHNOLOGY S.A.,https://claranet.gupy.io/,gupy,gupy,4,9,t,cmtmvnz17keezrp4jfzlwzme5,cmtmvnz1ekef1rp4jyeme4bjq
ok,,CVC Corp,https://cvccorp.gupy.io/,gupy,gupy,4,9,t,cmsqp39s400fwo94jei8c6rdk,cmsqp39sc00fyo94jwgtksng7
ok,,Daikin Brasil,https://daikinbrasil.gupy.io/,gupy,gupy,4,9,t,cmsqp3b2e00pko94ja8yux41f,cmsqp3b2k00pmo94jbrr25fq5
ok,,KEEGGO TECHNOLOGY BRASIL S/A,https://keeggotech.gupy.io/,gupy,gupy,4,9,t,cmtoe1cq1005qpf4jyjkdzhpg,cmtoe1cq7005spf4j8clyl4tg
ok,,Kraken,https://jobs.ashbyhq.com/kraken.com,ashby,ashby,4,9,t,cmsxlv5671ir0nf4jgtrx0005,cmsxlv5cg1ir2nf4jfakoy60g
ok,,Neon Bank GH,https://jobs.lever.co/neon,lever,lever,4,9,t,cmsqp3euh01iyo94jnld2k45u,cmsqp3eun01j0o94j4npwu8x4
Empresa Errada,Concetrix,TMF BRASIL SERVICOS ADMINISTRATIVOS E PROCESSAMENTO DE DADOS LTDA.,https://concentrixbrasil.pandape.com.br/,pandape,pandape,4,9,t,cmtnbwl7jkp9yrp4juqpb1eiw,cmtnbwl7okpa0rp4jvgpczvyy
Empresa Errada,Agrotis,AGRINLOG CIENCIA E TECNOLOGIA LTDA,https://agrotis.gupy.io/,gupy,gupy,4,8,t,cmtnbwmvmkpejrp4jb64xbb65,cmtnbwmvrkpelrp4j8wctdbio
ok,,Banco Safra,https://venhasersafra.gupy.io/,gupy,gupy,4,8,t,cmsw3owtt0094o14jqpi1rlps,cmsw3owu40096o14jdcfw8jf5
ok,,Dexco,https://dexco.gupy.io/,gupy,gupy,4,8,t,cmsqp3b7d00qqo94jzdcb0lza,cmsqp3b7i00qso94jhp7w4fsz
ok,,HP Brasil,https://hp.wd5.myworkdayjobs.com/ExternalCareerSite,workday,workday,4,8,t,cmsqp3czw014ko94jy1rnzl7i,cmsqp3d01014mo94jbhblw01e
ok,,INDICIUM TECNOLOGIA DE DADOS LTDA,https://indicium.inhire.app/,inhire,inhire,4,8,t,cmtnbwm5ukpc4rp4jvikhghvg,cmtnbwm60kpc6rp4javklgont
ok,,Automob,https://automob.gupy.io/,gupy,gupy,4,7,t,cmu5j4ax2004oqwvkczbgyrwe,cmu5j4b8d004qqwvkwg3wcu6g
ok,,ELETROMIDIA S.A.,https://eletromidia.gupy.io/,gupy,gupy,4,7,t,cmpkcfsli00k6oi4jz9xoqqfo,cmpkcfslk00k8oi4j60oj7ogv
ok,,Pagbrasil,https://pagbrasil.gupy.io/,gupy,gupy,4,7,t,cmu5j1ker0013qwvkka2okvpl,cmu5j1kq80015qwvkxm7lsbmg
ok,,3tentos,https://3tentos.gupy.io/,gupy,gupy,4,6,t,cmsqp37td000zo94jmjgcgevp,cmsqp37tj0011o94j3nix5ym2
ok,,Autbank,https://autbank.gupy.io/,gupy,gupy,4,6,t,cmsqp38mt007ko94jtt3251uu,cmsqp38my007mo94j704vnqg7
ok,,BRINOX,https://grupobrinox.gupy.io/,gupy,gupy,4,6,t,cmt0kx4pa00cfsw4jh8u5tx8y,cmt0kx4pi00chsw4jfdhso2xu
ok,,CBC,https://vempracbc.gupy.io/,gupy,gupy,4,6,t,cmsxcfqsi00jwnf4jshujf22g,cmsxcfqsr00jynf4j2v9jlwpe
ok,,Engeform,https://engeform.gupy.io/,gupy,gupy,4,6,t,cmu5j2u6b002rqwvkxaeis4qw,cmu5j2uhr002tqwvkfxsz3e1g
ok,,INFOBIP BRASIL SERVICOS DE VALOR ADICIONADO LTDA,https://infobip.wd3.myworkdayjobs.com/InfobipCareers,workday,workday,4,6,t,cmtnbwlodkpadrp4jdecjqy0h,cmtnbwlokkpafrp4j0pgxpffk
Renomear Empresa,MFS Corretora de Seguros,IRB-BRASIL RESSEGUROS S.A.,https://vemsermds.gupy.io/,gupy,gupy,4,6,t,cmu19mkoh5zxqo64jx7qqye8h,cmu19mkol5zxso64jjrbtb9vi
ok,,LOGCOMEX LTDA.,https://logcomex.gupy.io/,gupy,gupy,4,6,t,cmtmu3uuvke7erp4j0ety2crd,cmtmu3uv5ke7grp4j8od7aiaj
ok,,Lojas Quero-Quero,https://sedeadministrativaquero-quero.pandape.infojobs.com.br/,pandape,pandape,4,6,t,cmsqp3e7501dyo94jgzz7q4f5,cmsqp3e7a01e0o94jjgkgnl0g
ok,,MOVIDA,https://movida.gupy.io/,gupy,gupy,4,6,t,cmpkcfsp400mioi4jm3vhpr7f,cmpkcfsp700mkoi4jgscrvm3k
ok,,Qualidados,https://qualidados.gupy.io/,gupy,gupy,4,6,t,cmu5j2nin002iqwvkh145ui2e,cmu5j2nu0002kqwvkg4gguc1f
ok,,SIMPAR S.A.,https://simpar.gupy.io/,gupy,gupy,4,6,t,cmpkcfssd00oooi4jtvy6e0wy,cmpkcfssf00oqoi4j2va41xaq
ok,,Thomas Case & Associados,https://thomascase.inhire.app/vagas,inhire,inhire,4,6,t,cmsqp3gvq01z2o94jsg0vbjg0,cmsqp3gvy01z4o94jw6zqbfdl
ok,,BAGAGGIO,https://bagaggio.gupy.io/,gupy,gupy,4,5,t,cmsqp38qm008ko94jskkq6gyb,cmsqp38qs008mo94jrkwvpqow
ok,,BANCO BS2 S.A.,https://bancobs2.inhire.app/,inhire,inhire,4,5,t,cmu2np2v7ayr2nx4jlohdz87b,cmu2np2vdayr4nx4jddvplvro
ok,,BOURBON SPECIALTY COFFEES,https://bourbon.pandape.com.br/,pandape,pandape,4,5,t,cmt0kx388008fsw4j7wy32f7j,cmt0kx38g008hsw4j7j553m2h
ok,,DMCORE HOLDING FINANCEIRA S.A.,https://vocedm.inhire.app/,inhire,inhire,4,5,t,cmu2np0yjaymknx4jv0z6vwz0,cmu2np0ypaymmnx4jusu4q271
ok,,Housi,https://housi.inhire.app/,inhire,inhire,4,5,t,cmswbm9vj0i51ob4jtmyeycnc,cmswbm9vs0i53ob4jvw32ph31
ok,,OpenAI,https://jobs.ashbyhq.com/openai,ashby,ashby,4,5,t,cmsqp3f6701lio94jn6a12btu,cmsqp3f6d01lko94j7qy1efmf
ok,,Prio (Petro Rio),https://prio.gupy.io/,gupy,gupy,4,5,t,cmsqp3fn001p8o94jac6650jt,cmsqp3fn601pao94j4z6c4m10
ok,,T13 TURING TELECOMUNICACOES & TECNOLOGIAS LTDA,https://boards.greenhouse.io/turing,greenhouse,greenhouse,4,5,t,cmu2np23payp2nx4jfjvm4iaj,cmu2np23vayp4nx4jid0pqqw9
Empresa Errada,Interplayers Soluções Integradas,TRL SOLUCOES INTEGRADAS SA,https://interplayerssolucoesintegradassa1.pandape.com.br/,pandape,pandape,4,5,t,cmtnbwml5kpdmrp4j7pp4li0n,cmtnbwmlbkpdorp4jngxbjzp9
ok,,CCL Industries,https://ccl.gupy.io/,gupy,gupy,4,4,t,cmsqp39if00e8o94j32etlf7u,cmsqp39il00eao94j7q3t93lk
ok,,Cushman & Wakefield Brasil,https://cushmanwakefield.pandape.infojobs.com.br/,pandape,pandape,4,4,t,cmsqp3ayr00p5o94j401t2eru,cmsqp3az300p7o94jl688qjq6
ok,,G4S BRAZIL HOLDING LTDA.,https://g4s.pandape.com.br/,pandape,pandape,4,4,t,cmu2now4naydmnx4jd1k66srd,cmu2now4taydonx4jav77yr3h
ok,,GALILEO GLOBAL EDUCATION BRASIL LTDA,https://galileo.wd3.myworkdayjobs.com/galileo_career_site,workday,workday,4,4,t,cmu2np4upaytqnx4jyilvnfuz,cmu2np4uwaytsnx4jt3yxfnc7
ok,,IT4YOU CONSULTORIA EM INFORMATICA LTDA,https://vemprait4us.gupy.io/,gupy,gupy,4,4,t,cmtvkcr9yhlp5rs4jzhf86eou,cmtvkcra1hlp7rs4jxw894yvv
ok,,Innovarecursoshumanosltda,https://innovarecursoshumanosltda.pandape.com.br/,pandape,pandape,4,4,t,cmu5j310s0030qwvkux58p8xw,cmu5j31ca0032qwvk64egi4wy
ok,,Luft SE,https://luft.pandape.infojobs.com.br/,pandape,pandape,4,4,t,cmsqp3e7z01e4o94js1uuko1r,cmsqp3e8501e6o94jkthw6v87
ok,,SOUZA DUARTE CONSULT LTDA,https://souzasantosconsultoria.pandape.com.br/,pandape,pandape,4,4,t,cmu2noyckayhsnx4j6yik6z2f,cmu2noycqayhunx4jhfp60sk9
ok,,THOMSON REUTERS BRASIL CONTEUDO E TECNOLOGIA LTDA,https://thomsonreuters.wd5.myworkdayjobs.com/pt-BR/External_Career_Site,workday,workday,4,4,t,cmt27m7aq53i0o14jnsb2hsoi,cmt27m7ax53i2o14jgiuioltj
Empresa Errada,Inova Tecnologia,TPV INOVA SOLUCOES EM INFORMATICA S/A,https://inovatecnologia.pandape.com.br/,pandape,pandape,4,4,t,cmtvkcqwfhln8rs4jczzj38bg,cmtvkcqwihlnars4jdhm98s2h
ok,,Sabesp,https://vemprasabesp.gupy.io/,gupy,gupy,3,35,t,cmsqp3g2301sbo94jygi7gvcm,cmsqp3g2b01sdo94jof0tew6d
ok,,WIZ CO,https://wiz.gupy.io/,gupy,gupy,3,21,t,cmpkcfsuh00q0oi4jthi77qpu,cmpkcfsuj00q2oi4j2cvpfozx
ok,,Votorantim Cimentos,https://votorantimcimentos.gupy.io/,gupy,gupy,3,14,t,cmsqp3hg4023ko94j7ubj4es0,cmsqp3hg9023mo94j7w7hn7gk
ok,,MedSênior,https://medsenior.gupy.io/,gupy,gupy,3,13,t,cmsqp3eix01g1o94jlg4lnsn5,cmsqp3ej301g3o94jn1ltpm0e
Empresa Errada,Energisa Tech,CAPITALE ENERGIA,https://energisatech.gupy.io/,gupy,gupy,3,12,t,cmsxt5yz62ajxnf4j9xnmapup,cmsxt5yzd2ajznf4j7azxrcob
ok,,NEXA BR,https://vempranexa.gupy.io/,gupy,gupy,3,12,t,cmsxcfn4t008wnf4joqy3gn7p,cmsxcfn54008ynf4jcb5tqhu7
ok,,Elgin,https://sejaelgin.gupy.io/,gupy,gupy,3,11,t,cmsqp3bls00tho94jsymnf3av,cmsqp3blz00tjo94jz376j7t9
ok,,Conexa Saúde,https://conexasaude.gupy.io/,gupy,gupy,3,10,t,cmstfygyh5buco94jkkesruau,cmstfyh4q5bueo94j4df8tbl3
ok,,Jamef Transportes,https://vemserjamef.pandape.infojobs.com.br/,pandape,pandape,3,10,t,cmsqp3dp0019ko94j7v2y0wys,cmsqp3dp6019mo94jl4l255ys
ok,,UOL,https://uoledtech.gupy.io/,gupy,gupy,3,10,t,cmswbm9ym0i5aob4jyjplqwws,cmswbm9ys0i5cob4jfuwuthj4
ok,,EMBRAMACO,https://embracontecnico.gupy.io/,gupy,gupy,3,9,t,cmsxkv97i1grbnf4jczev3inj,cmsxkv97r1grdnf4jrt9npu5e
ok,,FTD EDUCACAO,https://vempraftd.gupy.io/,gupy,gupy,3,9,t,cmsxijzm219qvnf4jly3z1k1g,cmsxijzme19qxnf4j8e4wqdi7
ok,,GRENDENE,https://facapartegrendene.gupy.io/,gupy,gupy,3,9,t,cmpkcfsmr00l0oi4jd8zvd5u7,cmpkcfsmt00l2oi4ja8y6vzij
Renomear Empresa,Prosegur,SEGURPRO,https://prosegur.pandape.com.br/,pandape,pandape,3,9,t,cmsxijztl19rgnf4jprkqurzs,cmsxijztx19rinf4j96zeh8c6
Empresa Errada,Grupo Trade Technology,TRIAD INTEGRATION SERVICOS E TECNOLOGIA DA INFORMACAO LTDA.,https://tradetechnology.gupy.io/,gupy,gupy,3,9,t,cmt2s7c8860gto14jqdpft2jd,cmt2s7c8g60gvo14j5vjucslx
ok,,Unidas,https://unidas.gupy.io/,gupy,gupy,3,9,t,cmsqp3h63021eo94jbdrd57js,cmsqp3h67021go94jgo7ad8gw
ok,,CENTER NORTE,https://cidadecenternorte.gupy.io/,gupy,gupy,3,8,t,cmt0kx4hd00brsw4jtvkig1ni,cmt0kx4hl00btsw4ju4zp8it8
ok,,Eurobike,https://eurobike.gupy.io/,gupy,gupy,3,8,t,cmsqp3buv00vno94jgxooxxgd,cmsqp3bv000vpo94jqtjk75f4
ok,,FEBRACIS,https://febracis.gupy.io/,gupy,gupy,3,8,t,cmsqp3bwc00vzo94jl25b3o55,cmsqp3bwk00w1o94jy8b0gthz
ok,,FLEXTRONICS INTERNATIONAL TECNOLOGIA LTDA,https://flextronics.wd1.myworkdayjobs.com/pt-BR/Careers,workday,workday,3,8,t,cmu2noxbnayfanx4jkcb9sjqn,cmu2noxbtayfcnx4jaq8lf60f
ok,,INPASA AGROINDUSTRIAL,https://inpasabrasil.gupy.io/,gupy,gupy,3,8,t,cmsxcfktw0028nf4j9pboplh7,cmsxcfku6002anf4j0xcb1f4w
Empresa Errada,Hospital Care,INTUITIVE CARE INTELIGENCIA HOSPITALAR S.A.,https://hospitalcare.gupy.io/,gupy,gupy,3,8,t,cmtoe1d8y006tpf4j32vjjgo1,cmtoe1d94006vpf4jcqly04f6
ok,,Iguá Saneamento (Gupy2),https://vemserigua.gupy.io/,gupy,gupy,3,8,t,cmsqp3de4017bo94jqbdkdt5o,cmsqp3dea017do94j6rnzuozp
ok,,Piracanjuba,https://piracanjuba.gupy.io/,gupy,gupy,3,8,t,cmsqp3fjr01oeo94j9b6q5l5l,cmsqp3fjx01ogo94jibnj5btl
ok,,SMARTSPACE SOLUCOES DE COMUNICACAO LTDA,https://smartspace.gupy.io/,gupy,gupy,3,8,t,cmtnbwmxykpesrp4jbqostkem,cmtnbwmy4kpeurp4j4bwuywib
ok,,Spcbrasil,https://spcbrasil.gupy.io/,gupy,gupy,3,8,t,cmu5j3j4t003oqwvk6r7583k9,cmu5j3jga003qqwvkf38dzd0k
ok,,TEMPEST SERVICOS DE INFORMATICA S.A.,https://tempest.inhire.app/,inhire,inhire,3,8,t,cmt27m6vq53gro14jrwy3knjk,cmt27m6vw53gto14jql7bbu6e
ok,,Viaappia,https://viaappia.gupy.io/,gupy,gupy,3,8,t,cmu5j3en2003iqwvkvaa0vqxp,cmu5j3eyh003kqwvkblgpy7am
Empresa Errada,Ouribank,BANCO INBURSA S.A.,https://ouribank.gupy.io/,gupy,gupy,3,7,t,cmu2nouhbay9pnx4jnniujwur,cmu2nouhjay9rnx4jr2ippb21
ok,,BERTOLINI,https://bertolini.gupy.io/,gupy,gupy,3,7,t,cmt0g82ym6fagpd4ju8vbtxhi,cmt0g82yw6faipd4jpsy4d4h1
ok,,Grupomarista,https://grupomarista.gupy.io/,gupy,gupy,3,7,t,cmu5j3a1k003cqwvkul3ry8d2,cmu5j3acz003eqwvkfk7vlqbv
ok,,Grupoultra,https://grupoultra.gupy.io/,gupy,gupy,3,7,t,cmu5j58g4005wqwvkna3hwvi7,cmu5j58rf005yqwvktj5c50dx
ok,,ITURAN ROAD TRACK MONITORAMENTO DE VEICULOS LTDA.,https://vagasituran.gupy.io/,gupy,gupy,3,7,t,cmtnbwmdykpcyrp4j1ihk0836,cmtnbwme4kpd0rp4jg1wwk3p3
ok,,JSL Logística,https://jsl.gupy.io/,gupy,gupy,3,7,t,cmsqp3do0019eo94jyh95skom,cmsqp3do8019go94jmzcr3g89
ok,,MK SOLUTIONS TECNOLOGIA S.A.,https://mksolutions.inhire.app/,inhire,inhire,3,7,t,cmt2s7bh560eqo14jl9ztigal,cmt2s7bhc60eso14j4z6hun2s
ok,,Matera Systems,https://matera.inhire.app/vagas,inhire,inhire,3,7,t,cmsqp3eh901fmo94jtnfbd2jw,cmsqp3ehf01foo94jsuursbzc
ok,,Midea Carrier,https://mideacarrier.gupy.io/,gupy,gupy,3,7,t,cmstfr2965bu6o94j9j3bx6ks,cmstfr2ev5bu8o94j8xk7qtpo
ok,,Solinftec,https://solinftec.gupy.io/,gupy,gupy,3,7,t,cmu5j2gnv0029qwvkrup7xugk,cmu5j2gz6002bqwvkbbe0y9na
Empresa Errada,Software.com.br,THOUGHTWORKS BRASIL SOFTWARE LTDA,https://software.gupy.io/,gupy,gupy,3,7,t,cmt27m5te53dlo14j0aymc6qr,cmt27m5tl53dno14jnrxengyb
ok,,ZARAPLAST,https://zaraplast.gupy.io/,gupy,gupy,3,7,t,cmsxijx2s19kgnf4j9xjepmuo,cmsxijx3219kinf4jprkrt9z8
ok,,AJINOMOTO DO BRASIL INDUSTRIA E COMERCIO DE ALIMENTOS LTDA.,https://ajinomotoabr.gupy.io/,gupy,gupy,3,6,t,cmu2np2ljayqhnx4jmsr1mnlt,cmu2np2lqayqjnx4jvqs7fa35
Empresa Errada,Alfa Laval,ALBRAS,https://alfalaval.wd3.myworkdayjobs.com/Alfa_Laval_jobs,workday,workday,3,6,t,cmsxcfmn1007knf4jywh8ccwc,cmsxcfmna007mnf4j4i36xqpe
ok,,Aiko (Automação),https://aiko.inhire.app/vagas,inhire,inhire,3,6,t,cmsqp385h0038o94jfjm2tjru,cmsqp385n003ao94jaaxgj4yi
ok,,BETHA SISTEMAS LTDA,https://betha.inhire.app/,inhire,inhire,3,6,t,cmtoe1bq9002hpf4jgn4po2bo,cmtoe1bqf002jpf4jw922z9la
ok,,BTS,https://bts.gupy.io/,gupy,gupy,3,6,t,cmsqp38ze009qo94j3i2odmzr,cmsqp38zk009so94jdvoh6k9f
ok,,Brasilprev,https://brasilprev.gupy.io/,gupy,gupy,3,6,t,cmswbmb5n0i9job4jso3hs1ab,cmswbmb5t0i9lob4jed3hypnz
ok,,CCEE,https://ccee.gupy.io/,gupy,gupy,3,6,t,cmsqp39i400e5o94ju2l42hih,cmsqp39ia00e7o94j1osaw0ct
ok,,CLAVIS BBR CONSULTORIA EM INFORMATICA S.A.,https://clavis.inhire.app/,inhire,inhire,3,6,t,cmtnbwmp2kpdvrp4joqlro225,cmtnbwmp8kpdxrp4jm7rhnjw9
ok,,Conta Azul,https://contaazul.inhire.app/vagas,inhire,inhire,3,6,t,cmsqp3alv00mbo94jic4pkojf,cmsqp3am100mdo94jo7xw66sr
ok,,Cora (Fintech),https://cora.inhire.app/vagas,inhire,inhire,3,6,t,cmsqp3apy00n8o94j71xps36w,cmsqp3aq400nao94je12sbvmm
ok,,FARMAX,https://vagasfarmax.gupy.io/,gupy,gupy,3,6,t,cmt0nvlz40c0fsw4jeigu9tv2,cmt0nvlzd0c0hsw4jbv5qqwv8
ok,,LIVEMODE SERVICOS DIGITAIS S.A.,https://livemode.inhire.app/,inhire,inhire,3,6,t,cmt27m74853hio14jzg4xrxtp,cmt27m74g53hko14j3xiup5y3
ok,,MARQUISE,https://grupomarquise.gupy.io/,gupy,gupy,3,6,t,cmt0g834n6favpd4joi985eta,cmt0g834w6faxpd4jzfygb7ph
ok,,NEOBPO,https://neobpo.pandape.com.br/,pandape,pandape,3,6,t,cmt0g81g76f7jpd4jg7w0vgpo,cmt0g81gg6f7lpd4j119rxgd5
Empresa Errada,Suno,NSP INVESTIMENTOS S.A. EM RECUPERACAO JUDICIAL,https://gruposunojobs.gupy.io/,gupy,gupy,3,6,t,cmu1qzcxb005pnx4jc1yo6777,cmu1qzcxh005rnx4jg71u6zza
ok,,TRANSUNION BRASIL SISTEMAS EM INFORMATICA LTDA,https://transunion.wd5.myworkdayjobs.com/en-GB/TransUnion,workday,workday,3,6,t,cmtoe1cmo005hpf4je33qk3uk,cmtoe1cmu005jpf4jgl0aoimm
ok,,AVEVA SOFTWARE BRASIL LTDA.,https://aveva.wd3.myworkdayjobs.com/AVEVA_careers,workday,workday,3,5,t,cmt27m83h53kco14jkuwppibv,cmt27m83s53keo14jkbpopmpc
ok,,Ambarenergia,https://ambarenergia.gupy.io/,gupy,gupy,3,5,t,cmu5j16r8000lqwvkyrrlpuvg,cmu5j172p000nqwvkjge6rp07
ok,,E-CONSTRUMARKET TECNOLOGIA E SERVICOS S.A.,https://construmarket.gupy.io/,gupy,gupy,3,5,t,cmtoe1cjq0055pf4j2bdv26nc,cmtoe1cjw0057pf4jipx6zt4i
ok,,ESTADAO,https://estadao.gupy.io/,gupy,gupy,3,5,t,cmt0nvmac0c16sw4jskbivfl1,cmt0nvmal0c18sw4j0dibiqbf
ok,,GIMBA,https://gimba.pandape.com.br/,pandape,pandape,3,5,t,cmt0g821d6f8gpd4jvvl11rke,cmt0g822c6f8ipd4jqolycit2
Empresa Errada,GW Cloud,GOOGLE CLOUD BRASIL COMPUTACAO E SERVICOS DE DADOS LTDA.,https://sejagwcloud.gupy.io/,gupy,gupy,3,5,t,cmt27m5fz53cio14jdxinzmq1,cmt27m5g853cko14j3m94rnkx
ok,,GUPY TECNOLOGIA EM RECRUTAMENTO LTDA,https://tech-career.gupy.io/,gupy,gupy,3,5,t,cmt27m72y53hfo14j2gr0kx66,cmt27m73753hho14jc9c6sj1j
ok,,LEMON LVM ENERGIAS RENOVAVEIS LTDA,https://lemonenergia.inhire.app/,inhire,inhire,3,5,t,cmt27m68753ero14jozgtocz2,cmt27m68k53eto14jldfks8yv
Empresa Errada,Invillia,OLIVIA AI DO BRASIL LTDA,https://invillia.gupy.io/,gupy,gupy,3,5,t,cmt2s7bk660ezo14jnbpkllaf,cmt2s7bke60f1o14jfrzh5j2q
Empresa Errada,Arteris Engenharia,REGIS BITTENCOURT,https://arterisengenharia.gupy.io/,gupy,gupy,3,5,t,cmsxt5yb32ai0nf4jkshczukg,cmsxt5ybb2ai2nf4jwdyx4nbl
ok,,SERVOPA,https://gruposervopa.pandape.com.br/,pandape,pandape,3,5,t,cmsxkva2j1gtknf4j5935p3zj,cmsxkva2x1gtmnf4jy41xd7py
Empresa Errada,Nucleo Engenharia,VALEC ENGENHARIA CONSTRUCOES E FERROVIAS S/A,https://nucleoengenharia.gupy.io/,gupy,gupy,3,5,t,cmu19mkrg5zxzo64jtvve6nvg,cmu19mkrk5zy1o64jehaf05yk
ok,,VAMOS LOCAÇÃO DE CAMINHÕES. MÁQUINAS E EQUIP.,https://vamos.gupy.io/,gupy,gupy,3,5,t,cmpkcfstw00ploi4jlv4ap86i,cmpkcfsty00pnoi4jwavd93oy
ok,,VOLTZ CAPITAL S.A.,https://voltz.gupy.io/,gupy,gupy,3,5,t,cmt27m5wq53dxo14jafnrzcxb,cmt27m5wy53dzo14j1o4y04co
ok,,AUTOMA POWER & UTILITIES LTDA,https://automa.inhire.app/,inhire,inhire,3,4,t,cmt2s7b5u60dqo14jbd9dajxx,cmt2s7b6160dso14je6mlfznj
ok,,BELGO ARAMES,https://belgo.gupy.io/,gupy,gupy,3,4,t,cmsxcfn9t009bnf4jf6ahkss2,cmsxcfna2009dnf4jtcfxtk1l
ok,,Bancorbras,https://bancorbras.gupy.io/,gupy,gupy,3,4,t,cmu5j4uwz005eqwvktiojfrp1,cmu5j4v8d005gqwvky9oxuw9m
ok,,Ecolab Brasil,https://ecolab.gupy.io/,gupy,gupy,3,4,t,cmsqp3bic00sqo94jygy36gme,cmsqp3bik00sso94ja6a9pgjb
ok,,Elastic Brasil,https://boards.greenhouse.io/elastic,greenhouse,greenhouse,3,4,t,cmsqp3bjq00t2o94junzl2qlv,cmsqp3bk100t4o94jjapwie77
ok,,Hospital Santa Catarina,https://redesantacatarinahospitalsantacatarinapaulista.pandape.infojobs.com.br/,pandape,pandape,3,4,t,cmsqp3d5k015zo94j8y99rci3,cmsqp3d5q0161o94jjzahgj4w
ok,,Inbrands,https://inbrands.gupy.io/,gupy,gupy,3,4,t,cmsxiuoxg1atgnf4juxv84dq4,cmsxiup351atinf4j5ycsalg3
ok,,Juntoseguros,https://juntoseguros.gupy.io/,gupy,gupy,3,4,t,cmu5j41j5004cqwvk2qhe8h1f,cmu5j41wq004eqwvk7jt2tnco
ok,,LEXISNEXIS SERVICOS DE ANALISE DE RISCO LTDA.,https://relx.wd3.myworkdayjobs.com/RiskSolutions,workday,workday,3,4,t,cmt27m5qu53dco14juvm5kb0k,cmt27m5r253deo14jgm0xjgrw
Empresa Errada,Smart Travel,LOOMY SMART SOLUTIONS LTDA,https://smart.gupy.io/,gupy,gupy,3,4,t,cmtoe1bnk002bpf4jfd3ns2zt,cmtoe1bnr002dpf4j66gzjqme
ok,,MEREO TECH S.A.,https://mereo.inhire.app/,inhire,inhire,3,4,t,cmtoe1dd60078pf4j9yq63lsx,cmtoe1ddd007apf4js2w1fjg0
Empresa Errada,BRN Construtora,MULTIPLAN EMPREENDIMENTOS IMOBILIARIOS S/A,https://brnpar.gupy.io/,gupy,gupy,3,4,t,cmu19mm8p601eo64jughp7mvh,cmu19mm8s601go64j54rwxfq3
ok,,Pipeimob,https://pipeimob.gupy.io/,gupy,gupy,3,4,t,cmu5j2efp0026qwvkf90hgmi1,cmu5j2er40028qwvkext36ai8
ok,,QUESTOR SISTEMAS S.A,https://questores.inhire.app/,inhire,inhire,3,4,t,cmtoe1cls005epf4jrcg7ulsm,cmtoe1clx005gpf4jjskommxd
Empresa Errada,Anbima,RAL 2 CONSULTORIA SERVICOS FINANCEIROS INVESTIMENTOS E APLICACOES LTDA,https://anbima.gupy.io/,gupy,gupy,3,4,t,cmtxdov820wqelk4jx43x9yw5,cmtxdov880wqglk4j5w2udt11
ok,,RODOIL,https://rodoil.gupy.io/,gupy,gupy,3,4,t,cmsxcfmg9006znf4jvtgsrsk5,cmsxcfmgj0071nf4jk3bxy6k8
Empresa Errada,Seed,SEEDZ MARKETING E FIDELIDADE S/A,https://boards.greenhouse.io/seed,greenhouse,greenhouse,3,4,t,cmt27m67353eoo14jugkih5b6,cmt27m67b53eqo14j1taykwxw
ok,,Tigre,https://tigre.gupy.io/,gupy,gupy,3,4,t,cmsqp3gwx01zbo94j2cqj5cld,cmsqp3gx601zdo94ju0dad1of
ok,,Vexpenses,https://vexpenses.gupy.io/,gupy,gupy,3,4,t,cmsqp3hcb022no94jvjke1rf6,cmsqp3hch022po94jxh2sg49k
ok,,AME,https://ame.gupy.io/,gupy,gupy,3,3,t,cmsqp37yt001wo94j3vy8f3co,cmsqp37yz001yo94jrwb19swr
ok,,ANDRE MAGGI PARTICIPACOES S/A,https://grupomag.gupy.io/,gupy,gupy,3,3,t,cmu19mlak5zz5o64jn4ikk8v3,cmu19mlao5zz7o64j363pjyey
ok,,ATMOSFERA (ELIS),https://elisbrasil.pandape.com.br/,pandape,pandape,3,3,t,cmt0g802d6f4mpd4ju3zs6dfv,cmt0g802m6f4opd4jgrlanak0
ok,,CARGO SAPIENS SOFTWARE LTDA,https://cargosapiens.inhire.app/,inhire,inhire,3,3,t,cmtnbwm6gkpc7rp4jnun970ce,cmtnbwm6lkpc9rp4jjypqanns
ok,,Cinemark,https://cinemark.gupy.io/,gupy,gupy,3,3,t,cmsqp3a9300jeo94jtny7xhii,cmsqp3a9900jgo94jb9xb5rgl
ok,,GIRO.TECH,https://girotech.gupy.io/,gupy,gupy,3,3,t,cmsqp3ccb00zno94j3mwmwfqi,cmsqp3ccg00zpo94jwr0i7ami
ok,,GRUPO TOKY SA,https://tokstok.pandape.com.br/,pandape,pandape,3,3,t,cmu2noz3yayjhnx4jor7tws0r,cmu2noz45ayjjnx4j4eojyco7
ok,,KUNUMI SERVICOS E PESQUISAS LTDA.,https://boards.greenhouse.io/kunumi,greenhouse,greenhouse,3,3,t,cmt2s7aky60bzo14jozf6b2lp,cmt2s7al760c1o14jcf9hwyfn
ok,,Motorola Solutions Brasil,https://motorolasolutions.wd5.myworkdayjobs.com/Careers,workday,workday,3,3,t,cmsqp3eqd01hyo94j4s0o2rjy,cmsqp3eqi01i0o94jj08t04ps
ok,,RENAULT DO BRASIL S.A.,https://renault.pandape.com.br/,pandape,pandape,3,3,t,cmtxdox7i0wtwlk4jnszfz53z,cmtxdox7r0wtylk4jtt3gqnac
ok,,SCHERER AUTOPECAS,https://scherersacomerciodeautopecas.pandape.com.br/,pandape,pandape,3,3,t,cmsxijyse19opnf4jagzff9ny,cmsxijysu19ornf4jtsjjgnz7
Empresa Errada,SuperSim,SUPER IMEC,https://supersim.gupy.io/,gupy,gupy,3,3,t,cmsxijzn319qynf4jjetouqt5,cmsxijzne19r0nf4jgk762dt7
ok,,Tecnofit,https://tecnofit.gupy.io/,gupy,gupy,3,3,t,cmu5j1doj000uqwvkiuxetn7o,cmu5j1dzy000wqwvkefn370l9
ok,,USINA NARDINI,https://nardini.gupy.io/,gupy,gupy,3,3,t,cmsxijxwg19manf4j7cdtx3hy,cmsxijxwr19mcnf4juo46fsvg
ok,,W3,https://w3hauscarreiras.gupy.io/,gupy,gupy,3,3,t,cmufduorbid2kpc5fl719yd0e,cmsxt5zuv2amqnf4jzx0kpnk1
ok,,Banco Votorantim (BV),https://jobs.lever.co/bv,lever,lever,2,29,t,cmsw3owuu0097o14j3l8tlxkx,cmsw3owv20099o14j0il56dmv
ok,,Zup Innovation,https://job-boards.greenhouse.io/zupinnovation,greenhouse,greenhouse,2,24,t,cmsqp3hrr025zo94jtwv0b00i,cmsqp3hrx0261o94jmr81v06v
ok,,Rock Ecantech,https://rockencantech.inhire.app/vagas,inhire,inhire,2,18,t,cmsxlt6qp1iqjnf4jawjgcthy,cmsxlt6we1iqlnf4jvvcytmec
ok,,Scania Brasil,https://scania.gupy.io/,gupy,gupy,2,17,t,cmsqp3g7201tko94j6b1say18,cmsqp3g7801tmo94ji1cj1ygv
ok,,Aliare,https://aliare.gupy.io/,gupy,gupy,2,16,t,cmsqp386y003ko94j4vmw8c28,cmsqp3873003mo94jazqbc4ff
ok,,Caju Benefícios,https://caju.gupy.io/,gupy,gupy,2,15,t,cmsqp39xd00gho94jkc457gf8,cmsqp39xj00gjo94j8vi1cprb
ok,,Findes,https://findes.gupy.io/,gupy,gupy,2,14,t,cmsqp3c3800xeo94jcim3bhy9,cmsqp3c3f00xgo94jzpyjufog
ok,,PLANO & PLANO DESENVOLVIMENTO IMOBILIÁRIO S.A.,https://vemserplano.gupy.io/,gupy,gupy,2,13,t,cmpkcfsqr00nloi4jjvczk0jr,cmpkcfsqu00nnoi4jto4bddy3
ok,,Certisign,https://certisign.gupy.io/,gupy,gupy,2,11,t,cmsqp3a6j00iqo94jsgj88yee,cmsqp3a6p00iso94j92h83r44
ok,,BENNER SISTEMAS S/A,https://vemserbenner.gupy.io/,gupy,gupy,2,10,t,cmtvkcr73hloqrs4j5yvcr491,cmtvkcr76hlosrs4jov04tyu5
Empresa Errada,MRM Brasil,Bayer Brasil,https://mrm.gupy.io/,gupy,gupy,2,10,t,cmswbmap00i7pob4jk0v10tuh,cmswbmap70i7rob4jkylpsww6
Empresa Errada,MODEC,CMOC BRASIL,https://modec-br.gupy.io/,gupy,gupy,2,10,t,cmsxcfnhr009znf4jdov1ny9a,cmsxcfni100a1nf4j5afqsqkm
ok,,Roche Brasil,https://roche.wd3.myworkdayjobs.com/roche-ext,workday,workday,2,10,t,cmsqp3fyf01rno94j3ki80qwu,cmsqp3fyl01rpo94jm6ppyt9q
ok,,Strattner,https://strattner.gupy.io/,gupy,gupy,2,10,t,cmsqp3gk501wto94jgrhdmhcb,cmsqp3gkb01wvo94j1ejnhpof
ok,,APPMAX PLATAFORMA DE PAGAMENTOS LTDA,https://appmax.inhire.app/,inhire,inhire,2,9,t,cmt27m7sp53jfo14j4gn9bdjn,cmt27m7sy53jho14j0hz1fa1i
ok,,Leve Saúde,https://levesaude.gupy.io/,gupy,gupy,2,9,t,cmsqp3e1301cdo94j8tpj21vb,cmsqp3e1901cfo94j30j40fhi
Empresa Errada,KEMPetro,GPC QUIMICA,https://vocenakempetro.gupy.io/,gupy,gupy,2,8,t,cmsxik10q19ujnf4je6sjymbu,cmsxik11419ulnf4j3xu7kfka
ok,,Iugu,https://vempraiugu.gupy.io/,gupy,gupy,2,8,t,cmsxlabu41hyhnf4jh7b3qtto,cmsxlabzw1hyjnf4jkaktzgqv
ok,,RNP,https://rnp.gupy.io/,gupy,gupy,2,8,t,cmt0kx4rn00clsw4j06oqlrq6,cmt0kx4rw00cnsw4j8d1zm340
ok,,Unilever Brasil,https://unilever.wd3.myworkdayjobs.com/pt-BR/Unilever_Experienced_Professionals,workday,workday,2,8,t,cmswbmai90i6yob4j04tzlpvz,cmswbmaig0i70ob4jy5eazvv2
ok,,Zenvia,https://zenvia.gupy.io/,gupy,gupy,2,8,t,cmsqp3hqh025qo94jtrefguj1,cmsqp3hqp025so94jsvvihuwt
ok,,ARAMIS (VCI VANGUARD),https://aramis.gupy.io/,gupy,gupy,2,7,t,cmt0g82vp6faapd4j0b1q0ion,cmt0g82vy6facpd4jvpkhv44u
ok,,DOMO DIGITAL TECNOLOGIA S/A,https://domo.gupy.io/,gupy,gupy,2,7,t,cmtmvnyj5kednrp4jyj7ma162,cmtmvnyjdkedprp4jv7fnwzik
ok,,Expresso São Miguel,https://sejaesm.gupy.io/,gupy,gupy,2,7,t,cmul8grdbidpppc5fdgpi92gb,cmt0g81jx6f7upd4j0i8iaaoy
ok,,MILLS,https://mills.gupy.io/,gupy,gupy,2,7,t,cmpkcfsou00mcoi4jrzyd60g0,cmpkcfsow00meoi4j8l2emhjf
Empresa Errada,Teltec Solutions,SOFTTEK TECNOLOGIA DA INFORMACAO LTDA.,https://teltecsolutions.gupy.io/,gupy,gupy,2,7,t,cmt27m80753k3o14jeqgqxpso,cmt27m80e53k5o14jpnrlwqn8
ok,,Suzano,https://suzano.gupy.io/,gupy,gupy,2,7,t,cmsqp3gnf01xno94j9olvd6g6,cmsqp3gnk01xpo94jcq8bolh7
ok,,ALPER,https://alpercarreiras.gupy.io/,gupy,gupy,2,6,t,cmpkcfsi900hxoi4jpq63wp9g,cmpkcfsib00hzoi4j9ro1gfgf
ok,,ALTHAIA S/A,https://grupoalthaia.gupy.io/,gupy,gupy,2,6,t,cmt0g808v6f51pd4jbwadw714,cmt0g80996f53pd4j3spfj19z
ok,,Aché Laboratórios,https://vagasache.gupy.io/jobs,gupy,gupy,2,6,t,cmsqp381q002bo94jde8o2wpq,cmsqp381w002do94jfgmhvb0x
ok,,CNPEM,https://cnpem.gupy.io/,gupy,gupy,2,6,t,cmt0kx4v700cusw4jngwvjnvp,cmt0kx4vg00cwsw4jrajbctnn
ok,,Cargolift,https://cargolift.gupy.io/,gupy,gupy,2,6,t,cmsqp39zu00h2o94jw7volrqc,cmsqp3a0000h4o94jxb1th7ff
ok,,Honda Brasil,https://honda.gupy.io/,gupy,gupy,2,6,t,cmsqp3d3r015ko94j2ksd0jww,cmsqp3d3y015mo94j0i38tuad
ok,,JOHNSON CONTROLS BE DO BRASIL LTDA.,https://jci.wd5.myworkdayjobs.com/en-US/JCI,workday,workday,2,6,t,cmu2nozv5aykznx4jmiyv4n9j,cmu2nozvbayl1nx4j163g1iv3
Empresa Errada,Invet Software,NOVENTIQ INTERNATIONAL BRASIL COMERCIO E LICENCIAMENTO DE SOFTWARE LTDA,https://inventsoftware.gupy.io/,gupy,gupy,2,6,t,cmt27m81o53k6o14jrgdghyza,cmt27m81v53k8o14j5irz2sbm
Empresa Errada,PlanIT Gerenciamento,PLANOVA PLANEJAMENTO,https://planit.gupy.io/,gupy,gupy,2,6,t,cmt0kx33p0083sw4jijcjxcw5,cmt0kx33x0085sw4jwei2c39w
ok,,Populos,https://populos.gupy.io/,gupy,gupy,2,6,t,cmu5j35il0036qwvkd8v0uaos,cmu5j35tx0038qwvk476us2op
ok,,QUALICORP,https://carreirasquali.gupy.io/,gupy,gupy,2,6,t,cmpkcfsra00nxoi4jl6v704bc,cmpkcfsrc00nzoi4jjc3rsow5
ok,,Argenta,https://argenta.gupy.io/,gupy,gupy,2,5,t,cmu5j48jv004lqwvkxt2dkwwq,cmu5j48v9004nqwvkjjixj86e
ok,,Avantia,https://avantia.gupy.io/,gupy,gupy,2,5,t,cmsqp38o0007wo94j2iy2f37p,cmsqp38o8007yo94jua6b7xz5
ok,,BANCO CNH INDUSTRIAL CAPITAL S.A.,https://bib.gupy.io/,gupy,gupy,2,5,t,cmu1qzcdz004dnx4j4fw4e620,cmu1qzce9004fnx4jmqvvw0qx
Empresa Errada,CBA Corp,CCB BRAZIL FINANCIAL HOLDING - INVESTIMENTOS E PARTICIPACOES LTDA.,https://cbaempreendimentos.gupy.io/,gupy,gupy,2,5,t,cmu19mlbz5zzbo64j6uwqj30g,cmu19mlc45zzdo64jukx9xejq
Empresa Errada,Fundação Casper Libero,CPFL PAULISTA,https://fcl.gupy.io/,gupy,gupy,2,5,t,cmsxcfkm1001knf4j6x2fn95p,cmsxcfkmb001mnf4jln6f0rqc
ok,,Conta Simples,https://contasimples.gupy.io/,gupy,gupy,2,5,t,cmsqp3am800meo94jufijqz87,cmsqp3ame00mgo94jg8pnzlgo
ok,,Cristália Farmacêutica,https://cristalia.gupy.io/,gupy,gupy,2,5,t,cmsqp3ax200oqo94jxhfmxdka,cmsqp3ax800oso94j1x0byyvf
ok,,E-DEPLOY SOLUCOES E SERVICOS DE INFORMATICA LTDA,https://e-deploy.gupy.io/,gupy,gupy,2,5,t,cmt2s7bss60fko14jw6pd6rzo,cmt2s7bsz60fmo14junr8am1z
ok,,Gaudium,https://gaudium.gupy.io/,gupy,gupy,2,5,t,cmsqp3ch80108o94jn9rs0bg3,cmsqp3che010ao94j2oilk5i9
Empresa Errada,EBM,IBEFAM - IRANI BERTOLINI FAMILIA PARTICIPACOES E EMPREENDIMENTOS LTDA.,https://ebm.gupy.io/,gupy,gupy,2,5,t,cmu2np2m9ayqknx4jp3pv4rh5,cmu2np2mfayqmnx4jrmscgdhp
Empresa Errada,OnSet,ITCAPITAL SERVICOS DE TECNOLOGIA LTDA.,https://onset.gupy.io/,gupy,gupy,2,5,t,cmtoe1bde001epf4jfjwkp1r9,cmtoe1bdk001gpf4j3ulhbra0
ok,,Imaginarium / Grupo SBF,https://gruposbftalentos.gupy.io/,gupy,gupy,2,5,t,cmsqp3deh017eo94jua84m0sr,cmsqp3dem017go94ja9y2w00l
Empresa Errada,Th Gestão e Pessoas,N1 ALIMENTOS,https://thgestaoepessoas.inhire.app/,inhire,inhire,2,5,t,cmt0nvmpq0c2csw4jpkcl4i7a,cmt0nvmq60c2esw4joakjmhzb
ok,,Pipo Saúde,https://piposaude.inhire.app/vagas,inhire,inhire,2,5,t,cmsqp3fjg01obo94j1uyaf36e,cmsqp3fjl01odo94jdkmr9qyt
ok,,SANTA HELENA ALIMENTOS,https://santahelena.gupy.io/,gupy,gupy,2,5,t,cmsxt5yj62ailnf4jzk1bzrml,cmsxt5yje2ainnf4jfbmno0gw
ok,,SCALA DATA CENTERS,https://scaladatacenters.gupy.io/,gupy,gupy,2,5,t,cmt0g81dx6f7gpd4j4avd3fpe,cmt0g81e56f7ipd4jagiaylv7
ok,,Sanofi Brasil,https://sanofi.wd3.myworkdayjobs.com/SanofiCareers,workday,workday,2,5,t,cmsqp3g4g01swo94jfoj58d4v,cmsqp3g4l01syo94j59hv72fm
Empresa Errada,EBS-IT Services,UST GLOBAL CONSULTORIA EM INFORMATICA DO BRASIL LTDA,https://ebs-itservices.gupy.io/,gupy,gupy,2,5,t,cmtvkcr6phlonrs4jeeejyj6p,cmtvkcr6shloprs4j73l62yul
ok,,Unimed Brasil,https://unimed-brasil.gupy.io/,gupy,gupy,2,5,t,cmsqp3h6c021ho94ja4uk5iu3,cmsqp3h6h021jo94jnon8m0tm
ok,,WAY2 SERVICOS DE TECNOLOGIA S.A.,https://way2.inhire.app/,inhire,inhire,2,5,t,cmt2s7cla60hwo14j5ov3af3e,cmt2s7clk60hyo14jskjaqzqb
ok,,AGIS CONSTRUCAO,https://vagasagis.gupy.io/,gupy,gupy,2,4,t,cmsxt5wly2adunf4jxerra40h,cmsxt5wmd2adwnf4ju8qpfmbw
ok,,APC (PUC-PR),https://pucpr.gupy.io/,gupy,gupy,2,4,t,cmsxik0zx19ugnf4j1p5wymqf,cmsxik10519uinf4j2scvoxf3
Empresa Errada,Grupo JCA,AUTO VIACAO 1001 LTDA,https://embarquejca.gupy.io/,gupy,gupy,2,4,t,cmt0g7zau6f2vpd4j4k18x1si,cmt0g7zb36f2xpd4juxk1aj5c
ok,,COPA ENERGIA,https://carreirascopaenergia.gupy.io/,gupy,gupy,2,4,t,cmsxcfl0u002tnf4j94y99yq0,cmsxcfl14002vnf4jw1u0anrr
ok,,Fin-X,https://finxapp.gupy.io/,gupy,gupy,2,4,t,cmsqp3c2t00xbo94j59fkts30,cmsqp3c2z00xdo94jy7udwyb5
ok,,Fluency,https://fluencyacademy.gupy.io/,gupy,gupy,2,4,t,cmsqp3c6300y2o94j7wwllgig,cmsqp3c6900y4o94j5u02yrry
Empresa Errada,Ultragaz,GLP Brasil,https://vagasultragaz.gupy.io/,gupy,gupy,2,4,t,cmswbmac20i6aob4janvzklca,cmswbmac90i6cob4jebyhpit9
ok,,HOSPITAL SAO CAMILO,https://sbsc.gupy.io/,gupy,gupy,2,4,t,cmsxcfphx00g2nf4ju23x71xc,cmsxcfpi600g4nf4jajd31gbu
ok,,INCOGNIA TECNOLOGIA DA INFORMACAO LTDA,https://boards.greenhouse.io/incognia,greenhouse,greenhouse,2,4,t,cmt27m61c53e9o14j2v7b8nfv,cmt27m61j53ebo14jlwu0msy0
ok,,J&F,https://j-f.gupy.io/,gupy,gupy,2,4,t,cmsw5qjhm009mob4jz8wcswa2,cmsw5qjna009oob4jnm0y5eqc
ok,,LET'S RENT A CAR,https://rentcars.inhire.app/,inhire,inhire,2,4,t,cmsxt5yvy2ajonf4jw7ezih5s,cmsxt5ywb2ajqnf4j1zlbnmsf
Empresa Errada,Roldão,LOREDO HOLDING S.A.,https://roldao.gupy.io/,gupy,gupy,2,4,t,cmu1baszc008iqb4jxkvn73aq,cmu1baszf008kqb4j9dgoiffu
Empresa Errada,Daiichi Sankyo Brasil,MEDICINIA TERAPIAS E BIOMARCADORES DIGITAIS LTDA,https://dsbr.gupy.io/,gupy,gupy,2,4,t,cmtvkcr45hlobrs4j1ufetnne,cmtvkcr49hlodrs4jpo0jtikg
Empresa Errada,Mais Mobi,MOBI-RIO,https://maismobi.gupy.io/,gupy,gupy,2,4,t,cmt0kx2vo007isw4jom9jea23,cmt0kx2w1007ksw4jvle68apo
ok,,NETSKOPE CLOUD SECURITY DO BRASIL LTDA,https://boards.greenhouse.io/netskope,greenhouse,greenhouse,2,4,t,cmt2s7bvo60fno14jgxhthh70,cmt2s7bvv60fpo14jg2fkftwu
ok,,Nexaas,https://nexaas.inhire.app/vagas,inhire,inhire,2,4,t,cmsqp3evw01jao94jalrp58y6,cmsqp3ew101jco94jwfmko7yr
ok,,PADTEC,https://padtec.gupy.io/,gupy,gupy,2,4,t,cmt0nvmmo0c23sw4j3bn64hnw,cmt0nvmmx0c25sw4jsyz30p9i
ok,,PANASONIC DO BRASIL LIMITADA,https://panasonicdobrasil.pandape.com.br/,pandape,pandape,2,4,t,cmu2nowthaye1nx4jessjr987,cmu2nowtnaye3nx4jadq0gt8a
ok,,PASSARELA BRASIL HOLDING LTDA,https://carreiraspassarelli.gupy.io/,gupy,gupy,2,4,t,cmu19mkyr5zyeo64judcjg1ud,cmu19mkyw5zygo64jzoka1kv4
ok,,Pier Digital,https://pier.inhire.app/vagas,inhire,inhire,2,4,t,cmsqp3fhr01nwo94jhze65a9a,cmsqp3fhx01nyo94jrvw4es86
Empresa Errada,Corex Copper Brasil,ROCHA TERMINAIS,https://corexcopperbrasil.gupy.io/,gupy,gupy,2,4,t,cmt0kx3en008rsw4jp1x2i13i,cmt0kx3ev008tsw4jb24c59bf
ok,,Ri Happy,https://gruporihappy.pandape.infojobs.com.br/,pandape,pandape,2,4,t,cmsqp3fwu01r8o94jf88h2ri3,cmsqp3fwz01rao94ji221qtda
ok,,Rodonaves,https://rodonaves.gupy.io/,gupy,gupy,2,4,t,cmswbmadg0i6gob4jxfvxuiu9,cmswbmadn0i6iob4jol66s7mr
Empresa Errada,Scout,SC GAS,https://boards.greenhouse.io/scoutmotors,greenhouse,greenhouse,2,4,t,cmsxcfqlu00jbnf4jjg7fx1wm,cmsxcfqm400jdnf4j46rs3rmo
Empresa Errada,Brasil Terrenos,TERNIUM BRASIL LTDA.,https://vemprabrasilterrenos.gupy.io/,gupy,gupy,2,4,t,cmu19mk8g5zwho64jh113n7qk,cmu19mk8p5zwjo64jlzuwv66h
ok,,Unico IDtech,https://unico.inhire.app/vagas,inhire,inhire,2,4,t,cmsqp3h5s021bo94jfgqtokvn,cmsqp3h5y021do94js0lkk7bh
Empresa Errada,Rodobens,"""B3 S.A. - BRASIL",https://rodobenscarreiras.gupy.io/,gupy,gupy,2,3,t,cmtxdovm10wr2lk4js51shc1o,cmtxdovm70wr4lk4ja12ljl1b
Empresa Errada,PA Gold,"""PJK ENERGIA E MINERIOS",https://pagold.gupy.io/,gupy,gupy,2,3,t,cmtxdoulo0wozlk4j41pn40dd,cmtxdoulu0wp1lk4jljthy94k
ok,,A MAIS SOLUCOES EDUCACIONAIS S.A.,https://maisaedu.gupy.io/,gupy,gupy,2,3,t,cmt2s7arm60cko14jiv1ijgnk,cmt2s7art60cmo14jbfspa2ca
ok,,AGROTERENAS CANA,https://agt.gupy.io/,gupy,gupy,2,3,t,cmsxik1dd19vjnf4jt114xipn,cmsxik1do19vlnf4j7qjba4a7
Empresa Errada,Pacaembu Autopeças,AUTOZONE BRASIL COMERCIO DE AUTOPECAS LTDA.,https://pabu.gupy.io/,gupy,gupy,2,3,t,cmu1qzbb20024nx4jlf2bte2b,cmu1qzbb80026nx4j6yb3oehv
ok,,CNA Idiomas,https://cnaidiomas.gupy.io/,gupy,gupy,2,3,t,cmsqp39o500f8o94jc8e5ss3s,cmsqp39oc00fao94jstjk662f
Empresa Errada,Luz,COMPANHIA PAULISTA DE FORCA E LUZ,https://sualuz.gupy.io/,gupy,gupy,2,3,t,cmu2noui1ay9snx4jkisb6jlk,cmu2noui7ay9unx4j9f1h7szu
Empresa Errada,Concrejato Engenharia,CONCREMAT,https://concrejato.gupy.io/,gupy,gupy,2,3,t,cmsxt5x7f2afonf4jksklufb2,cmsxt5x7n2afqnf4jtcndptw7
ok,,Cielo,https://cielo.inhire.app/vagas,inhire,inhire,2,3,t,cmsqp3a8i00j8o94jyy5we7bx,cmsqp3a8n00jao94jagiwb5is
ok,,ClickBus,https://clickbus.gupy.io/,gupy,gupy,2,3,t,cmsqp3ab700jwo94j5f6c6m8z,cmsqp3abf00jyo94jr9hciys6
ok,,Cohere Brasil,https://jobs.ashbyhq.com/cohere,ashby,ashby,2,3,t,cmsqp3agt00l5o94jkhh3rk2w,cmsqp3ah100l7o94j0jv4ek8c
ok,,Concessionária Novo Litoral,https://concessionarianovolitoral.gupy.io/,gupy,gupy,2,3,t,cmsqp3ajx00lto94jbmfnhtk0,cmsqp3ak300lvo94jryc0phs6
ok,,DATTOS S.A.,https://dattos.inhire.app/,inhire,inhire,2,3,t,cmtnbwlzxkpbjrp4j291ne8gl,cmtnbwm05kpblrp4jsq6orz46
ok,,Data Engenharia,https://dataengenharia.gupy.io/,gupy,gupy,2,3,t,cmsqp3b3s00pwo94jj7zbu6xd,cmsqp3b3y00pyo94jnh4z776x
ok,,FERROPORT,https://ferroport.inhire.app/,inhire,inhire,2,3,t,cmsxkv8sd1gq5nf4ju8tiyidu,cmsxkv8ss1gq7nf4jsqiib86s
ok,,Fintalk,https://fintalk.inhire.app/vagas,inhire,inhire,2,3,t,cmsqp3c3l00xho94jqhtcy8lt,cmsqp3c3r00xjo94jj7fql0nt
ok,,Fiscaltech,https://fiscaltech.gupy.io/,gupy,gupy,2,3,t,cmsqp3c4o00xqo94j06ntvsgv,cmsqp3c4u00xso94jyn3njpga
ok,,GUARARAPES,https://guararapes.gupy.io/,gupy,gupy,2,3,t,cmsxkv8xq1gqknf4j1wjlde51,cmsxkv8xy1gqmnf4jcjixp42o
ok,,Galapos,https://galapos.gupy.io/,gupy,gupy,2,3,t,cmsqp3cgx0105o94jh2k6ryrh,cmsqp3ch20107o94jl5qffdwu
ok,,Grupo Soma,https://gruposoma.gupy.io/,gupy,gupy,2,3,t,cmsqp3cw8013to94jqzxt7e6g,cmsqp3cwe013vo94jq7mvxy7z
ok,,Grupotecnoset,https://grupotecnoset.gupy.io/,gupy,gupy,2,3,t,cmu5j2pq4002lqwvkan7nspua,cmu5j2q1i002nqwvkpplspphh
ok,,HIDROVIAS - VILA DO CONDE,https://hidrovias.gupy.io/,gupy,gupy,2,3,t,cmsxt5ya62ahxnf4ju1r1mx8j,cmsxt5yag2ahznf4j9q5xfbxl
Empresa Errada,HM Engenharia,HMA BRASIL LTDA,https://hmengenharia.gupy.io/,gupy,gupy,2,3,t,cmtnbwmpokpdyrp4jdv9xqzbu,cmtnbwmpukpe0rp4jrvptuigw
ok,,ICONIC LUBRIFICANTES,https://iconic.gupy.io/,gupy,gupy,2,3,t,cmsxcfodk00cknf4j29z6hmqb,cmsxcfodv00cmnf4jgwrked06
ok,,JIRAU ENERGIA,https://jirauenergia.gupy.io/,gupy,gupy,2,3,t,cmsxcfoma00dbnf4j2l5g0arr,cmsxcfomj00ddnf4j7qffclt9
ok,,Kinross Brasil,https://kinross.gupy.io/,gupy,gupy,2,3,t,cmsqp3dtu01ato94j7dkf96md,cmsqp3du001avo94j3vjcuvga
ok,,Kovi,https://kovi.gupy.io/,gupy,gupy,2,3,t,cmsqp3dva01b8o94jv4e98f52,cmsqp3dvf01bao94jeg33i6mi
Empresa Errada,Âncora Group,METALURGICA GERDAU SOCIEDADE ANONIMA,https://ancoragroup.gupy.io/,gupy,gupy,2,3,t,cmtxdovxj0wrqlk4j5eg0vz9e,cmtxdovxr0wrslk4jgleepxqc
ok,,Motriz,https://motriz.gupy.io/,gupy,gupy,2,3,t,cmu5j2ry8002oqwvkn7w2z6ch,cmu5j2s9l002qqwvkh5swlx4x
ok,,PANTANAL AGRICOLA,https://pantanalagricola.gupy.io/,gupy,gupy,2,3,t,cmsxik17619v1nf4jv7ho3th0,cmsxik17f19v3nf4j6659u6rf
ok,,Realize,https://realize.gupy.io/,gupy,gupy,2,3,t,cmu5j51sq005nqwvktj27w58p,cmu5j5249005pqwvk7gmar4s8
ok,,Rheserva,https://rheserva.pandape.com.br/,pandape,pandape,2,3,t,cmu5j4sno005bqwvk6ffzl4rl,cmu5j4sz4005dqwvk5x6a1cgr
Empresa Errada,Icomm Group,S2G SERVICOS DE CONSULTORIA PARA E-COMMERCE LTDA.,https://icommgroup.gupy.io/,gupy,gupy,2,3,t,cmtoe1be9001hpf4jvvt18oey,cmtoe1beg001jpf4j5dpvhpw9
ok,,Sabin Medicina Diagnóstica,https://gruposabin.gupy.io/,gupy,gupy,2,3,t,cmsqp3g2h01seo94j9e42w00p,cmsqp3g2n01sgo94jznbhrj3e
ok,,Swift,https://swift.gupy.io/,gupy,gupy,2,3,t,cmu5j14ip000iqwvkmv6byqsm,cmu5j14u0000kqwvkiju9amw7
ok,,TMSA,https://tmsa.gupy.io/,gupy,gupy,2,3,t,cmt0g82sb6fa4pd4jz6rv5jh5,cmt0g82sn6fa6pd4j17thlb09
ok,,Thales Brasil,https://thales.wd3.myworkdayjobs.com/Careers,workday,workday,2,3,t,cmsqp3gv001ywo94jg6wb862j,cmsqp3gv601yyo94j5eti1a24
ok,,Tirolez,https://tirolez.gupy.io/,gupy,gupy,2,3,t,cmu5j4ltz0052qwvklo2zbtm3,cmu5j4m5l0054qwvkqh9j39qv
ok,,UCB BIOPHARMA,https://ucb.gupy.io/,gupy,gupy,2,3,t,cmt0kx3tc009xsw4jpdmi0hwh,cmt0kx3tn009zsw4j87etfm4e
Empresa Errada,Veolia,VEOLIA SERVICOS AMBIENTAIS BRASIL LTDA,https://carreirasveo.gupy.io/,gupy,gupy,2,3,t,cmu2np3mraysbnx4jmhi6k1l9,cmu2np3mwaysdnx4jyq16gtkn
ok,,Zurich Airport,https://jobszurichairportbrasil.gupy.io/,gupy,gupy,2,3,t,cmstg3gbx5bvbo94j0hxha68g,cmstg3gh55bvdo94jhobcsf2k
Excluir fonte,D2,A21 MOTORS LTDA,https://d21motors.gupy.io/,gupy,gupy,2,2,t,cmu2noyy6ayj3nx4jvg0ngh8j,cmu2noyybayj5nx4jhkxfn8lb
ok,,AACD,https://aacd.gupy.io/,gupy,gupy,2,2,t,cmsqp37ub0018o94jv8z1zidz,cmsqp37ug001ao94jv0sgvu7o
ok,,ALMEIDA JUNIOR SHOPPING CENTERS S.A.,https://almeidajunior.inhire.app/,inhire,inhire,2,2,t,cmu1qzcqe0054nx4jaceixzjv,cmu1qzcqj0056nx4jq5xajoug
ok,,ANGLO AMERICAN NIQUEL BRASIL LTDA,https://atlanticnickel.gupy.io/,gupy,gupy,2,2,t,cmu19mlgq5zzko64jxuyg4vif,cmu19mlgv5zzmo64jbxwoilyp
Empresa Errada,Parque Inovação Tecnológica,AQUARELA INOVACAO TECNOLOGICA DO BRASIL S.A.,https://pitsjc.gupy.io/,gupy,gupy,2,2,t,cmtoe1cwm006bpf4j0int6t3x,cmtoe1cyt006dpf4jj9b7qz6h
Empresa Errada,Arteris Tecnologia e Inovação,ARIUS AUTOMACAO E PROGRAMACAO LTDA,https://arteristecnologia.gupy.io/,gupy,gupy,2,2,t,cmt2s7anj60c5o14jov9disdx,cmt2s7anr60c7o14jr0j4qhzr
Empresa Errada,Arbore Engenharia,ARVORE SA EMPREENDIMENTOS E PARTICIPACOES,https://arborevagas.gupy.io/,gupy,gupy,2,2,t,cmu2noypcayignx4jg88ncz9p,cmu2noyphayiinx4jvjzdaxob
ok,,ASPER TECNOLOGIA - RIO DE JANEIRO LTDA,https://asper.inhire.app/,inhire,inhire,2,2,t,cmtnbwmh5kpdarp4j2orbd0jf,cmtnbwmhbkpdcrp4jax2zuu3p
ok,,Alberblanc,https://alberblanc.teamtailor.com/,teamtailor,teamtailor,2,2,t,cmu5j1y5q001lqwvkwds0hk77,cmu5j1yha001nqwvkxz6znq2a
ok,,Allcare Gestora de Saúde,https://allcare.gupy.io/,gupy,gupy,2,2,t,cmsqp387l003qo94jmizif7fh,cmsqp387r003so94j1e42a8zj
ok,,Banco Topázio,https://bancotopazio.gupy.io/,gupy,gupy,2,2,t,cmsqp392y00ako94j0vakveqz,cmsqp393a00amo94jwd4f9iwo
ok,,Brinks Brasil,https://brinks.wd5.myworkdayjobs.com/pt-BR/Carreiras_Brinks,workday,workday,2,2,t,cmsqp39ck00cwo94jvac443pl,cmsqp39cp00cyo94jll5c80fd
ok,,C&M SOFTWARE LICENCIAMENTO DE SISTEMAS LTDA.,https://cmcorp.gupy.io/,gupy,gupy,2,2,t,cmtmvnym4kedwrp4jgq98xz9c,cmtmvnymbkedyrp4j3i2b20k5
ok,,CCB Construtora,https://ccbconstrutora.gupy.io/,gupy,gupy,2,2,t,cmsqp39hp00e2o94jy0nmwct0,cmsqp39hx00e4o94jcroa5r6h
ok,,CPFL SERVICOS,https://cpflenergia.pandape.com.br/,pandape,pandape,2,2,t,cmsxt5yzx2ak0nf4jlizqi9wn,cmsxt5z052ak2nf4j2rx00qj4
ok,,ConectCar,https://conectcar.gupy.io/,gupy,gupy,2,2,t,cmsqp3akv00m2o94j4ezkyhlq,cmsqp3al000m4o94jx8jvlgfi
ok,,DPASCHOAL,https://ciadpaschoal.gupy.io/,gupy,gupy,2,2,t,cmsxcfpr500gqnf4jnk8qbuzs,cmsxcfpre00gsnf4jld9qy522
Excluir fonte,,E-SALES SOLUCOES DE INTEGRACAO LTDA,https://sales.inhire.app/,inhire,inhire,2,2,t,cmtoe1dan006zpf4jp8da16fb,cmtoe1dat0071pf4jhsl5l67o
ok,,EBANX BRASIL HOLDING LTDA,https://boards.greenhouse.io/ebanx,greenhouse,greenhouse,2,2,t,cmu2novi1aycdnx4jm4xaa9ci,cmu2novi7aycfnx4j8adb5juf
Empresa Errada,Flex,ERPFLEX SOFTWARE LTDA,https://jobs.lever.co/Flex,lever,lever,2,2,t,cmtoe1diy007qpf4jo6qvha61,cmtoe1dj3007spf4jrdqp6kam
Empresa Errada,Sistema Indústria – CNI,ESSITY DO BRASIL INDUSTRIA E COMERCIO LTDA,https://sistemaindustria.gupy.io/,gupy,gupy,2,2,t,cmu2np0tdaym5nx4jlcvvxa2i,cmu2np0tjaym7nx4j6p3a471o
ok,,Ecogen Brasil,https://ecogenbrasil.gupy.io/,gupy,gupy,2,2,t,cmucvxw71000wqp5ga83m7gcv,cmt27m7gs53iko14jhydud8ow
ok,,Effecti,https://effecti.gupy.io/,gupy,gupy,2,2,t,cmsqp3bir00sto94jkdrvopzp,cmsqp3bix00svo94j91a925w4
Empresa Errada,Ferramentas Gerais,FEMABRA COMERCIO DE FERRAMENTAS E MAQUINAS LTDA,https://ferramentasgerais.gupy.io/,gupy,gupy,2,2,t,cmu19mkhk5zx5o64jyhl1cil8,cmu19mkhq5zx7o64jecm6nltn
Excluir fonte,,FRST  FALCONI ROAD OF SKILLS AND TALENTS TREINAMENTO E DESENVOLVIMENTO DE PESSOAS S.A.,https://talents.inhire.app/,inhire,inhire,2,2,t,cmtvkcqt5hlmwrs4j8pcwl6u2,cmtvkcqtdhlmyrs4jecid3ck6
ok,,Finx,https://finx.gupy.io/,gupy,gupy,2,2,t,cmsqp3c3x00xko94j49so7t1j,cmsqp3c4300xmo94j8hp5etja
Empresa Errada,Planet Tech Serviços e Comércia,G6 PRESTACAO DE SERVICOS DE ACESSO A INTERNET E VALOR ADICIONADO LTDA,https://planettechservicosecomerciodetecnologialtda.pandape.com.br/,pandape,pandape,2,2,t,cmtoe1bbo0018pf4jbk4lighu,cmtoe1bbu001apf4j8hyka8hp
ok,,Gruposinosserra,https://gruposinosserra.gupy.io/,gupy,gupy,2,2,t,cmu5j3nxh003uqwvk3nxihak4,cmu5j3o8v003wqwvkqzgakysx
ok,,Helbor Empreendimentos,https://helbor.gupy.io/,gupy,gupy,2,2,t,cmsqp3d270155o94jeabdc75q,cmsqp3d2d0157o94jbm8ergr3
ok,,Hyperativa,https://hyperativa.gupy.io/,gupy,gupy,2,2,t,cmu5j2yn0002xqwvkjdek2f26,cmu5j2yye002zqwvkylso3sam
ok,,ICATU HOLDING S/A,https://icatu.inhire.app/,inhire,inhire,2,2,t,cmu2np35qayrnnx4jv2vx74c7,cmu2np35xayrpnx4js99y5phs
Empresa Errada,ISH Tecnologia,IHS BRASIL,https://ishtecnologia.gupy.io/,gupy,gupy,2,2,t,cmt0g7zkp6f3gpd4jilbhqzlq,cmt0g7zkz6f3ipd4jpd25ds5n
Empresa Errada,Instituto Infnet,INFINEUM BRASIL,https://vagas-infnet.gupy.io/,gupy,gupy,2,2,t,cmsxt5xm62agxnf4jwaes5s5m,cmsxt5xmi2agznf4j9ic5i0hc
Empresa Errada,CS Infra,INFRA BR V RODOVIAS HOLDING I S.A,https://csinfra.gupy.io/,gupy,gupy,2,2,t,cmu2novspayd7nx4jyi779ycp,cmu2novsyayd9nx4jj3z27sux
ok,,Inbetta,https://inbetta.gupy.io/,gupy,gupy,2,2,t,cmu5j3wxo0046qwvkd4ltfrjp,cmu5j3x940048qwvkinodvho6
Empresa Errada,JM Geste e Gestão,J2X DESENVOLVIMENTO E CONSULTORIA S.A.,https://jmrecrutamento.pandape.com.br/,pandape,pandape,2,2,t,cmtvkcr2ehlo2rs4jv0dzwr90,cmtvkcr2ihlo4rs4jlkxp02gd
Empresa Errada,Café Guaxupé,JACOBS DOUWE EGBERTS BR COMERCIALIZACAO DE CAFES LTDA.,https://exportadoraguaxupe.gupy.io/,gupy,gupy,2,2,t,cmu19ml9m5zz2o64jy28vn8tc,cmu19ml9r5zz4o64jdqinb4gc
Empresa Errada,JLL,Jones Lang LaSalle Brasil,https://jll.pandape.infojobs.com.br/,pandape,pandape,2,2,t,cmsqp3dpp019qo94jo4zpzrhi,cmsqp3dpv019so94jweb7g4zg
ok,,Jovem Pan,https://radiojovempan.pandape.infojobs.com.br/,pandape,pandape,2,2,t,cmsqp3dq0019to94juggsup2t,cmsqp3dq5019vo94jveammj7e
ok,,KUHN DO BRASIL,https://kuhndobrasil.pandape.com.br/,pandape,pandape,2,2,t,cmsxt5vqm2abfnf4jxhd40hvw,cmsxt5vr82abhnf4ja2dbo26k
ok,,Kamino,https://kamino.inhire.app/vagas,inhire,inhire,2,2,t,cmsqp3drq01a8o94jocsomfo1,cmsqp3drv01aao94j85uz8nyr
ok,,Komatsu Brasil,https://komatsudobrasil.pandape.infojobs.com.br/,pandape,pandape,2,2,t,cmsqp3duq01b2o94jnd88c9p0,cmsqp3duv01b4o94jnwsfzds7
ok,,LHG MINING CORUMBA S.A,https://lhgmining.gupy.io/,gupy,gupy,2,2,t,cmu1qzcup005gnx4j4hvb26cb,cmu1qzcuv005inx4jmd4htdcd
ok,,MELNICK DESENVOLVIMENTO IMOBILIARIO S.A.,https://melnick.inhire.app/,inhire,inhire,2,2,t,cmu2np1vsayonnx4jn56llglv,cmu2np1vyayopnx4jqg9b9dvh
Excluir fonte,,MPM CORPOREOS S.A,https://monolithicpower.wd12.myworkdayjobs.com/MPS_Careers,workday,workday,2,2,t,cmu2novvsaydanx4jbcma1v6h,cmu2novvzaydcnx4jd0qyirgm
Empresa Errada,Gomes de Matos Consultoria,MSG GLOBAL SOLUTIONS DO BRASIL DESENVOLVIMENTO E CONSULTORIA EM SISTEMAS E SOFTWARE LTDA.,https://gomesdematos.gupy.io/,gupy,gupy,2,2,t,cmtnbwmb9kpcprp4jldb8lnn0,cmtnbwmbgkpcrrp4jmqbvizzh
ok,,NADIR FIGUEIREDO,https://nadir.gupy.io/,gupy,gupy,2,2,t,cmpkcfspj00mroi4j3ho8noxu,cmpkcfspl00mtoi4jxejr63gk
Empresa Errada,Or,NOVONOR S.A - EM RECUPERACAO JUDICIAL,https://or.gupy.io/,gupy,gupy,2,2,t,cmu19mm7n601bo64j2x3okgws,cmu19mm7r601do64j45wb3cyp
Empresa Errada,NSG Group,NSX BETFAIR BRASIL S.A.,https://nsggroup.gupy.io/,gupy,gupy,2,2,t,cmu1qzbm5002mnx4jpv41qno3,cmu1qzbmc002onx4jcuegm4sg
ok,,OUROFINO AGROCIENCIA,https://ourofinoagro.gupy.io/,gupy,gupy,2,2,t,cmsxijxiu19lmnf4j8vnyni85,cmsxijxj319lonf4j1ktvf60v
Empresa Errada,Pif Paf Alimentos,PFG DO BRASIL LTDA,https://pifpafalimentosadministrativo.gupy.io/,gupy,gupy,2,2,t,cmu2np035aylknx4jrzwn0w11,cmu2np03baylmnx4j850eh43a
ok,,PRYSMIAN,https://prysmiangroup.wd3.myworkdayjobs.com/Careers,workday,workday,2,2,t,cmsxcfowf00e8nf4jz4mnuoxa,cmsxcfowo00eanf4jhcvpom58
Empresa Errada,Grupo Lider,RECREIO MOTOS,https://grupolider.inhire.app/,inhire,inhire,2,2,t,cmt0kx3wk00a3sw4jc1ymvg6s,cmt0kx3ws00a5sw4j1vno8jg3
ok,,RENAULT,https://alliancewd.wd3.myworkdayjobs.com/renault-group-careers,workday,workday,2,2,t,cmsxcfkmx001nnf4jj8lu400y,cmsxcfkn6001pnf4jqoeyyyv4
ok,,ROTA DO OESTE,https://rotadooeste.gupy.io/,gupy,gupy,2,2,t,cmsxkv8qk1gpznf4jeomcsr6f,cmsxkv8qt1gq1nf4jad4dw1xc
ok,,Remessa Online,https://remessaonline.inhire.app/,inhire,inhire,2,2,t,cmswbm9ak0i37ob4jvgxkto5e,cmswbm9b20i39ob4jxqgl2aot
ok,,Slcmaquinas,https://slcmaquinas.gupy.io/,gupy,gupy,2,2,t,cmu5j568o005tqwvkovfbkkz6,cmu5j56jz005vqwvk83wdi5y5
ok,,Sodexo Brasil,https://sodexoonsiteoperacao.pandape.infojobs.com.br/,pandape,pandape,2,2,t,cmsqp3geg01vbo94jm7br8i4i,cmsqp3gel01vdo94je0fstj0f
ok,,TB SERVICOS,https://grupoempresarialtb.pandape.com.br/,pandape,pandape,2,2,t,cmt0g82nk6f9spd4jtx5s3y3l,cmt0g82nt6f9upd4j7d7fx569
ok,,TOTAL BIO (BIOTROP),https://biotropbr.gupy.io/,gupy,gupy,2,2,t,cmt0g81w56f87pd4jmtc95023,cmt0g81wf6f89pd4jo95jpyl6
ok,,Unimed Campinas,https://unimedcampinas.gupy.io/,gupy,gupy,2,2,t,cmsqp3h6m021ko94jkumaj6pp,cmsqp3h6r021mo94jw7l50g4p
ok,,WILSON SONS S.A.,https://wilsonsons.gupy.io/,gupy,gupy,2,2,t,cmu2nowutaye4nx4j8rofqhj0,cmu2nowuzaye6nx4jatpsqpuj
Empresa Errada,Yees Incorporadora e Construtora,YES ECOSYSTEMS TECHNOLOGY LTDA,https://jjr.gupy.io/,gupy,gupy,2,2,t,cmtmvnyuvkeehrp4jadgpr3xi,cmtmvnyv7keejrp4jcg7w6rpk
ok,,Yusen Logistics,https://yusenlogistics.gupy.io/,gupy,gupy,2,2,t,cmucvvkpp000nqp5gncp6m2d2,cmu2noufyay9lnx4jdrja61pa
ok,,BTG Pactual,https://job-boards.greenhouse.io/btgpactual,greenhouse,greenhouse,1,64,t,cmsqp38z3009no94jb25m22d8,cmsqp38z9009po94jfhe62q20
ok,,Paytrack,https://paytrack.inhire.app/vagas,inhire,inhire,1,17,t,cmsqp3fea01mzo94jbcz9rqs6,cmsqp3feg01n1o94jn6lqxu1h
ok,,C.VALE,https://vale.eightfold.ai/careers,eightfold,eightfold,1,13,t,cmsxcfkhj0015nf4j1wy6ko07,cmsxcfkht0017nf4j6hcs6nve
ok,,Gradus,https://gradus.gupy.io/,gupy,gupy,1,13,t,cmu5j1fwd000xqwvkl4ed2nom,cmu5j1g7t000zqwvk9jgwneny
Empresa Errada,VW Caminhões e Ônibus,4 BUS TECNOLOGIA NO TRANSPORTE DE PASSAGEIROS S/A,https://vwco.gupy.io/,gupy,gupy,1,10,t,cmtmvnynykee2rp4j0sg5bykg,cmtmvnyo6kee4rp4j9zn2e7l9
ok,,Agendaassessoria,https://agendaassessoria.gupy.io/,gupy,gupy,1,8,t,cmu5j20l4001oqwvk0zjkgcls,cmu5j20wk001qqwvkdria5l0k
ok,,BP - A Beneficência Portuguesa,https://vemserbp.gupy.io/,gupy,gupy,1,8,t,cmsqp38vq0095o94j2pwrtclj,cmsqp38vw0097o94jzgg2sms5
ok,,Memed,https://memed.gupy.io/,gupy,gupy,1,8,t,cmswbma7h0i61ob4je7bgj7wu,cmswbma7o0i63ob4jl9gkb2w6
ok,,Aurum,https://aurum.gupy.io/,gupy,gupy,1,7,t,cmsqp38mh007ho94js4f0ssu8,cmsqp38mo007jo94jz9289cas
ok,,DIA BRASIL SOCIEDADE LIMITADA,https://diabrasil.pandape.com.br/,pandape,pandape,1,7,t,cmu19mlku5zzzo64jpahffzq7,cmu19mlkz6001o64jlsms5yn3
ok,,HDI Seguros,https://grupohdi.gupy.io/,gupy,gupy,1,7,t,cmsqp3cza014ho94j7ih85s99,cmsqp3czf014jo94jior3q5k3
ok,,Libbs Farmacêutica,https://vempralibbs.gupy.io/,gupy,gupy,1,7,t,cmsqp3e1q01cjo94jtv22ecgf,cmsqp3e1v01clo94jluhtkafk
ok,,Allrede Telecom,https://allrede.gupy.io/,gupy,gupy,1,6,t,cmsqp388e003wo94j9oc75jf7,cmsqp388k003yo94jj0s33ccc
ok,,Dotz,https://dotz.gupy.io/,gupy,gupy,1,6,t,cmsqp3b9o00rbo94jn15h0gpv,cmsqp3b9u00rdo94jppxlj20x
ok,,FOZ AGUAS 5,https://rhffozdoiguacu.pandape.com.br/,pandape,pandape,1,6,t,cmt0kx49b00b9sw4jkvlfzug8,cmt0kx49i00bbsw4jmmuskxx1
Empresa Errada,ERO,MINERACAO CARAIBA,https://vempraerobrasil.gupy.io/,gupy,gupy,1,6,t,cmsxijy1o19mpnf4jv6gle7gy,cmsxijy2219mrnf4jw1zuwna3
Empresa Errada,Just a Little Data,MUTTERHAUS LTDA,https://justalittledata.gupy.io/,gupy,gupy,1,6,t,cmt27m6bl53f0o14j2y0ebgke,cmt27m6bt53f2o14jjwjq32rl
ok,,OMNIA BR PC 01 S.A.,https://omnia.gupy.io/,gupy,gupy,1,6,t,cmt27m6du53f6o14j0v7zpagq,cmt27m6e353f8o14jh0x2aevm
ok,,PASCHOALOTTO,https://paschoalotto.gupy.io/,gupy,gupy,1,6,t,cmsxt5xir2agonf4j0tpiq4fk,cmsxt5xj12agqnf4jkswvkc0m
Empresa Errada,Valgroup,VALLOUREC TUBOS,https://valgroup.gupy.io/,gupy,gupy,1,6,t,cmsxcflup0055nf4jrkzoey17,cmsxcflux0057nf4jpkyfhwpq
Empresa Errada,Alea,ALYA CONSTRUTORA,https://alea.gupy.io/,gupy,gupy,1,5,t,cmsxkv9tv1gswnf4j6ukysaml,cmsxkv9u41gsynf4j6jqzh3ze
ok,,Alcoa Brasil,https://alcoa.wd5.myworkdayjobs.com/pt-BR/Careers,workday,workday,1,5,t,cmsqp385u003bo94jcgy2nive,cmsqp3860003do94jjgqo1pg6
ok,,Araguaia,https://araguaia.gupy.io/,gupy,gupy,1,5,t,cmsqp38g1005to94jvrvgmzse,cmsqp38g6005vo94jf4jz3by2
ok,,Auren Energia,https://aurenenergia.gupy.io/,gupy,gupy,1,5,t,cmsqp38m6007eo94jz75d2fd3,cmsqp38mc007go94ji6gt0x18
ok,,Auxiliadora Predial,https://auxiliadorapredial.gupy.io/,gupy,gupy,1,5,t,cmsqp38np007to94jqerd3kej,cmsqp38nv007vo94juegihmhb
Empresa Errada,Atento Corporate,CASTILHO,https://atentocorporate.gupy.io/,gupy,gupy,1,5,t,cmsxkv99w1grhnf4jcxv0eyks,cmsxkv9a61grjnf4jw657s50a
ok,,FISERV HOLDING DO BRASIL LTDA.,https://fiserv.wd5.myworkdayjobs.com/EXT,workday,workday,1,5,t,cmu1qzctp005dnx4j2vh3b5kb,cmu1qzctv005fnx4ju6mj3c1u
ok,,Gupy (própria),https://vempra.gupy.io/,gupy,gupy,1,5,t,cmsqp3cx70142o94jqxi6jkj0,cmsqp3cxd0144o94j7y8ve36h
ok,,KARSTEN,https://karsten.gupy.io/,gupy,gupy,1,5,t,cmsxt5zyh2an0nf4j3i3bucb2,cmsxt5zyr2an2nf4j9menyslg
ok,,KSB,https://ksb.wd3.myworkdayjobs.com/KSB_ExternalCareerSite,workday,workday,1,5,t,cmsxt5xep2agcnf4jnpfcv46t,cmsxt5xey2agenf4jpeujmdyc
ok,,Luzagroup,https://luzagroup.gupy.io/,gupy,gupy,1,5,t,cmu5j33at0033qwvku6s1f8m3,cmu5j33m70035qwvkt2n0rnty
Empresa Errada,Nidec Global Appliance,NIBRASCO,https://nidecga-br.gupy.io/,gupy,gupy,1,5,t,cmt0g7zt06f3vpd4jmcu8j5d2,cmt0g7zt96f3xpd4j909raxz5
ok,,NTS Brasil,https://nts.inhire.app/vagas,inhire,inhire,1,5,t,cmsqp3es901ido94j9kudlcmq,cmsqp3esf01ifo94j7oczflke
Empresa Errada,Via Araucaria,ROTA DAS BANDEIRAS,https://vempraviaaraucaria.gupy.io/,gupy,gupy,1,5,t,cmsxik0rj19tsnf4jyp69w724,cmsxik0rv19tunf4jf3uyidxn
ok,,VILLARES METALS,https://villaresmetals.gupy.io/,gupy,gupy,1,5,t,cmsxcfqcu00ihnf4jgmvp8y47,cmsxcfqd300ijnf4jwk84a8ub
ok,,AMICCI SHEFA ZAHAV PLATAFORMA DE DESENVOLVIMENTO DE PRODUTOS EXCLUSIVOS LTDA,https://amicci.inhire.app/,inhire,inhire,1,4,t,cmt2s7ak360bwo14jz438cbuy,cmt2s7akc60byo14j8wkeukrh
ok,,Aurora Alimentos,https://auroracoop.gupy.io/,gupy,gupy,1,4,t,cmswbmakz0i7aob4jp1qomhc6,cmswbmal60i7cob4j8lela30t
ok,,Auto Avaliar,https://autoavaliar.gupy.io/,gupy,gupy,1,4,t,cmsqp38n4007no94jzndtbwim,cmsqp38n9007po94jp285wpgi
ok,,BANCO GM S.A,https://generalmotors.wd5.myworkdayjobs.com/Careers_GM,workday,workday,1,4,t,cmu1qzd4u006dnx4j1nw61kx0,cmu1qzd50006fnx4jmnfivr6w
ok,,Banco ABC Brasil,https://abcbrasil.gupy.io/,gupy,gupy,1,4,t,cmsqp391a00a5o94j6n9zkgwr,cmsqp391g00a7o94jz3m2u9ft
ok,,China Link Trading,https://chinalinktrading.inhire.app/vagas,inhire,inhire,1,4,t,cmsqp3a7600iwo94jsxdzjrc8,cmsqp3a7e00iyo94j0a602fl4
Empresa Errada,E-Vertical Tecnologia,EVERTEC BRASIL INFORMATICA S.A.,https://evertical.gupy.io/,gupy,gupy,1,4,t,cmt27m5a153c6o14jyhsruqgr,cmt27m5ah53c8o14jndaalfl3
Empresa Errada,Way Brasil,GOMES DA COSTA,https://waybrasil.gupy.io/,gupy,gupy,1,4,t,cmsxik0o219tjnf4jc62qqv1g,cmsxik0oc19tlnf4jo7sjqkwv
ok,,Grupo Petz,https://petz.gupy.io/,gupy,gupy,1,4,t,cmsqp3cva013ko94jxhuz6c3f,cmsqp3cvg013mo94jlrnld265
ok,,IHARABRAS,https://ihara.gupy.io/,gupy,gupy,1,4,t,cmsxcfnzp00bhnf4jblw1vvgr,cmsxcfo0100bjnf4jidtnebxu
Empresa Errada,SESC em Minas,INVEST MULTIMERCADO SPE S.A.,https://sescmg.gupy.io/,gupy,gupy,1,4,t,cmu19ml0n5zyho64jt057e85h,cmu19ml0u5zyjo64jp9dda7xl
ok,,LIGHT,https://talentoslight.gupy.io/,gupy,gupy,1,4,t,cmpkcfsnt00looi4jzqtxmbg7,cmpkcfsnv00lqoi4jgndo07bp
ok,,LOG COMMERCIAL PROPERTIES,https://logcp.gupy.io/,gupy,gupy,1,4,t,cmpkcfsnx00lroi4jj73d2r94,cmpkcfso000ltoi4jp3ki01h6
ok,,Looqbox,https://looqbox.gupy.io/,gupy,gupy,1,4,t,cmu5j27md001xqwvkxo64i8ht,cmu5j27xq001zqwvki4m9ojqy
ok,,MERCANTIL DO BRASIL FINANCEIRA,https://mercantil.gupy.io/,gupy,gupy,1,4,t,cmpkcfsop00m9oi4jxb0d09za,cmpkcfsos00mboi4jyprkh7ka
Empresa Errada,Grupo Minas Verde,MINASMAQUINAS,https://minasverde.gupy.io/,gupy,gupy,1,4,t,cmsxkv9fl1grwnf4j6a053d0r,cmsxkv9fw1grynf4j9ng3gllq
Empresa Errada,CGN Brasil,NORTE ENERGIA,https://cgn.gupy.io/,gupy,gupy,1,4,t,cmsxcfmde006qnf4jsd99hqub,cmsxcfmdn006snf4jm18kpzr8
ok,,Nazaria,https://nazaria.gupy.io/,gupy,gupy,1,4,t,cmu5j3zbd0049qwvk4bbli739,cmu5j3zmw004bqwvknydseaa0
ok,,OdontoPrev,https://vagasodontoprev.gupy.io/,gupy,gupy,1,4,t,cmsqp3f3u01kxo94jjy7xpkgo,cmsqp3f3z01kzo94jkc6jim8w
Renomear Empresa,Viceri Seidor,SEIDOR PROJECT SERVICES DO BRASIL CONSULTORIA LTDA,https://viceri-vagas.gupy.io/,gupy,gupy,1,4,t,cmtoe1cry005wpf4je8c6qf9m,cmtoe1cs5005ypf4jn648znnz
ok,,TODESCHINI,https://empresastodeschini.gupy.io/,gupy,gupy,1,4,t,cmt0kx4cp00bfsw4js272ajej,cmt0kx4cw00bhsw4jw2zfewec
ok,,VALEO SISTEMAS AUTOMOTIVOS LTDA.,https://valeo.wd3.myworkdayjobs.com/en-EN/valeo_jobs,workday,workday,1,4,t,cmu30xm6b0020n14j78mazn7m,cmu30xm6g0022n14j70ynpq41
ok,,WebMotors,https://webmotors.gupy.io/,gupy,gupy,1,4,t,cmswbm9ti0i4vob4j5rhew37h,cmswbm9tq0i4xob4jz2zfw954
ok,,ZAFFARI,https://grupozaffari.gupy.io/,gupy,gupy,1,4,t,cmsxcflxm005enf4jhfcxzfyc,cmsxcflxz005gnf4j0pj0f829
Empresa Errada,Lojas Torra,"""SBA TORRES BRASIL",https://lojastorra.gupy.io/,gupy,gupy,1,3,t,cmu1qzbmu002pnx4j5t4d9gvq,cmu1qzbn0002rnx4jlgnrq2vx
,,ADAMA,https://adama.gupy.io/,gupy,gupy,1,3,t,cmsqp37v9001ho94j2gd4oudb,cmsqp37vf001jo94j2ppb959m
Excluir fonte,,BARCAS S/A,https://barclays.wd3.myworkdayjobs.com/en-US/External_Career_Site_Barclays,workday,workday,1,3,t,cmsxt5za92akxnf4j8tm5ghvi,cmsxt5zah2akznf4jxksb48wy
Empresa Errada,Allos,BR MALLS,https://carreirasallos.gupy.io/,gupy,gupy,1,3,t,cmt0g833i6faspd4j4j9qeyi8,cmt0g833r6faupd4j660gedum
Empresa Errada,Grupo SA,BXXIII GROUP S/A,https://sagrupo.gupy.io/,gupy,gupy,1,3,t,cmt27m6i753fio14jxj1m4vj7,cmt27m6if53fko14jkm259eu5
ok,,Banco Sofisa,https://bancosofisa.gupy.io/,gupy,gupy,1,3,t,cmsqp392m00aho94jwvaf5erc,cmsqp392s00ajo94jous514fc
ok,,Bridgestone Brasil,https://bridgestone.wd5.myworkdayjobs.com/pt-BR/LATAMExternalCareers,workday,workday,1,3,t,cmsqp39c800cto94jquxpa25j,cmsqp39ce00cvo94jdf253lw7
ok,,Cataguá Soluções Imobiliárias,https://catagua.gupy.io/,gupy,gupy,1,3,t,cmsqp3a2q00hqo94j1b2e5qeq,cmsqp3a2v00hso94jjzta0vz2
ok,,Condor,https://condor.gupy.io/,gupy,gupy,1,3,t,cmsqp3ak900lwo94je6gavgsp,cmsqp3akf00lyo94j2tlro592
ok,,Convenia,https://convenia.gupy.io/,gupy,gupy,1,3,t,cmsqp3anl00mqo94j6sf9odnq,cmsqp3anr00mso94jvtxkuojj
Empresa Errada,Mobi7,DORIS.MOBI TECNOLOGIA S.A.,https://mobi7.gupy.io/,gupy,gupy,1,3,t,cmt27m7q953j9o14jjdz1pbxd,cmt27m7qi53jbo14jivuzr5bz
Empresa Errada,VB Alimentos,EMPRESA BAIANA DE ALIMENTOS S/A EBAL,https://vbalimentos.gupy.io/,gupy,gupy,1,3,t,cmu2np2hdayq5nx4jmna7t2ht,cmu2np2hiayq7nx4jav0e9g5i
ok,,EZTec,https://eztec.gupy.io/,gupy,gupy,1,3,t,cmsqp3bg700s8o94ja7voagvf,cmsqp3bgd00sao94jtkia0gvu
Excluir fonte,,FIRST,https://firstam.wd1.myworkdayjobs.com/firstamericancareers,workday,workday,1,3,t,cmsxkv9ql1gsnnf4jpz1htyuv,cmsxkv9r11gspnf4jqhl9rv3t
ok,,Faber-Castell Brasil,https://fabercastell.gupy.io/,gupy,gupy,1,3,t,cmsqp3bz300who94j1wyrjubn,cmsqp3bza00wjo94jsyqmjlsa
ok,,Flora Cosméticos e Limpeza,https://flora.gupy.io/,gupy,gupy,1,3,t,cmsqp3c5r00xzo94jcokff0aw,cmsqp3c5x00y1o94jwjvn5sfa
ok,,Fundação Itaú,https://fundacaoitau.gupy.io/,gupy,gupy,1,3,t,cmsqp3ca000z2o94jbx3rv5g9,cmsqp3caa00z4o94juvpdc707
Empresa Errada,Aviva Carreiras,HOTELARIA ALBA S.A.,https://avivacarreiras.gupy.io/,gupy,gupy,1,3,t,cmu2nozb8ayjwnx4jm7uau20k,cmu2nozbfayjynx4jvk1q3sqm
Empresa Errada,Ibmec,IBM BRASIL-INDUSTRIA MAQUINAS E SERVICOS LIMITADA,https://ibmec.gupy.io/,gupy,gupy,1,3,t,cmu2np4k2aytbnx4jauo0ifmh,cmu2np4k8aytdnx4jalat3ltj
Empresa Errada,Monte Carlo,IGUATEMI EMPRESA DE SHOPPING CENTERS S/A,https://montecarlo.gupy.io/,gupy,gupy,1,3,t,cmu19mmcz601qo64jjh4pvom8,cmu19mmd4601so64jsb16ewn2
Empresa Errada,FG Empreendimentos,JARDIM E MACEDO 2001 EMPREENDIMENTOS LTDA,https://fgempreendimentos.inhire.app/,inhire,inhire,1,3,t,cmt2s7ca960gzo14jf3pflnr1,cmt2s7cah60h1o14j03zymnnt
ok,,LOG-IN LOGÍSTICA INTERMODAL,https://loginlogistica.gupy.io/,gupy,gupy,1,3,t,cmpkcfso200luoi4jp3wnt7h9,cmpkcfso400lwoi4jjrv3c324
ok,,Liber Capital,https://liber.inhire.app/vagas,inhire,inhire,1,3,t,cmsqp3e2201cmo94jewxn7m3m,cmsqp3e2801coo94jdytx57b8
Empresa Errada,Enaex Brasil,MINERACAO MORRO DO IPE,https://enaexbrasil.gupy.io/,gupy,gupy,1,3,t,cmsxijzzt19rynf4j25asviva,cmsxik01k19s0nf4j91qma19q
ok,,MITRE REALTY EMPREENDIMENTOS E PARTICIPACOES S.A.,https://mitrerealty.gupy.io/,gupy,gupy,1,3,t,cmu2np0z6aymnnx4jl2nk3n3q,cmu2np0zcaympnx4j2jaw9m6d
ok,,MPE ENGENHARIA,https://mpdengenharia.gupy.io/,gupy,gupy,1,3,t,cmt0g7zuz6f41pd4j905zolj3,cmt0g7zv96f43pd4j7hwln344
ok,,NEXT TECNOLOGIA,https://nexatecnologia.gupy.io/,gupy,gupy,1,3,t,cmsxt5ztj2amlnf4jkgsgeafa,cmsxt5ztw2amnnf4j4xrgxj5f
ok,,PLOOMES SISTEMAS EMPRESARIAIS S.A.,https://ploomes.gupy.io/,gupy,gupy,1,3,t,cmtoe1df1007epf4jcl9uodzh,cmtoe1df6007gpf4j3f3a3fig
ok,,PORTOBELLO,https://portobello.gupy.io/,gupy,gupy,1,3,t,cmsxijx9i19kynf4jct31v2h1,cmsxijx9w19l0nf4jf6jzcr5n
Empresa Errada,Prime Results,PRIME SISTEMAS DE ATENDIMENTO AO CONSUMIDOR LTDA.,https://primeresults.gupy.io/,gupy,gupy,1,3,t,cmtmvnyfikedhrp4jhsigba3j,cmtmvnyfzkedjrp4jd752bi9q
ok,,Rottas,https://rottas.gupy.io/,gupy,gupy,1,3,t,cmu5j46ao004iqwvk9ua7thi5,cmu5j46ng004kqwvk842108np
ok,,Soprano,https://soprano.gupy.io/,gupy,gupy,1,3,t,cmu5j3cew003fqwvk5m4au3hq,cmu5j3cqc003hqwvk4yw16hkt
Empresa Errada,Teltex Tecnologia,TELMEX SOLUTIONS TELECOMUNICACOES S.A.,https://teltex.gupy.io/,gupy,gupy,1,3,t,cmtxdovpt0wrblk4jw1osjlav,cmtxdovpz0wrdlk4jnk74bow2
ok,,TPC Logística,https://tpc.gupy.io/,gupy,gupy,1,3,t,cmsqp3gqd01y2o94juzbsfy60,cmsqp3gqj01y4o94jzsuhkg7m
ok,,UNINTER,https://uninter.inhire.app/,inhire,inhire,1,3,t,cmsxt5zze2an3nf4jvsfxvhim,cmsxt5zzm2an5nf4jjlr6env7
ok,,77Sol,https://77sol.gupy.io/,gupy,gupy,1,2,t,cmsqp37u00015o94jp6zjl6ul,cmsqp37u50017o94jq1oka33i
ok,,ACCESSTAGE TECNOLOGIA S.A.,https://vempraaccesstage.inhire.app/,inhire,inhire,1,2,t,cmtoe1d66006kpf4jox3mfuhv,cmtoe1d6b006mpf4jsue0ex8p
ok,,AGILITA E-COMMERCE E TECNOLOGIA LTDA,https://somosagility.gupy.io/,gupy,gupy,1,2,t,cmtnbwmn8kpdprp4j6luin5pv,cmtnbwmngkpdrrp4jaqkklo5a
ok,,ALUBAR METAIS E CABOS,https://sejaalubar.gupy.io/,gupy,gupy,1,2,t,cmsxijwlc19j7nf4j8kzt0hdv,cmsxijwln19j9nf4juxtzrhfz
ok,,AVIVATEC SOLUCOES EM TECNOLOGIA DA INFORMACAO LTDA,https://avivatec.inhire.app/,inhire,inhire,1,2,t,cmtoe1d8d006qpf4jwo8mft7i,cmtoe1d8i006spf4j1rlhed14
ok,,Afinz,https://afinz.gupy.io/,gupy,gupy,1,2,t,cmsqp3834002no94jpyh8xpm1,cmsqp383a002po94jo1ufleyw
ok,,Associação Nova Escola,https://novaescola.gupy.io/,gupy,gupy,1,2,t,cmsqp38k7006wo94j76nocbpq,cmsqp38kc006yo94jqbrex5d9
ok,,BANCO INTER S.A,https://boards.greenhouse.io/inter,greenhouse,greenhouse,1,2,t,cmtxdowyp0wtblk4jnrcjzygf,cmtxdowyv0wtdlk4j4v2zznae
Empresa Errada,BRB Seguros,BANCOSEGURO S.A.,https://brbseguros.gupy.io/,gupy,gupy,1,2,t,cmu2now7faydsnx4jhd0925av,cmu2now7laydunx4j93isqhjn
Empresa Errada,BEMISA,BEM BRASIL,https://vemserbemisa.gupy.io/,gupy,gupy,1,2,t,cmsxcfp1300ennf4jzysv1skh,cmsxcfp1f00epnf4jn0z9ua5v
ok,,BUSCHLE & LEPPER,https://buschle.gupy.io/,gupy,gupy,1,2,t,cmt0kx3fl008usw4jp46fizlf,cmt0kx3fx008wsw4jar1gs6fi
ok,,Baptistaleal,https://baptistaleal.gupy.io/,gupy,gupy,1,2,t,cmu5j3q5i003xqwvklefe4tz9,cmu5j3qgw003zqwvkeewdl3a6
ok,,Barcelos,https://barcelos.gupy.io/,gupy,gupy,1,2,t,cmsqp393v00aqo94jfptk0jfy,cmsqp394100aso94jlxxutwi0
ok,,Bunge,https://bunge.gupy.io/,gupy,gupy,1,2,t,cmsqp39e300dbo94j9c40b5fr,cmsqp39e900ddo94j69wn84r9
ok,,CASA GRANADO,https://granado.gupy.io/,gupy,gupy,1,2,t,cmsxt5zd32al6nf4jeu9qbbdt,cmsxt5zdj2al8nf4jg0b5dr3u
Empresa Errada,Conasa,COMPANHIA DE PARTICIPACOES EM CONCESSOES,https://vemserconasa.gupy.io/,gupy,gupy,1,2,t,cmu1qzdn3007pnx4j7pcleag9,cmu1qzdna007rnx4j0ip64spg
Empresa Errada,Atlético Mineiro,COPASUL,https://galo.gupy.io/,gupy,gupy,1,2,t,cmsxcfmj70078nf4jif966ke0,cmsxcfmjg007anf4jladchcfr
ok,,CS BRASIL FROTAS,https://csbrasil.gupy.io/,gupy,gupy,1,2,t,cmsxik07c19sdnf4jj4nnlry7,cmsxik07u19sfnf4j87kp8iwe
ok,,Casa do Fitness,https://casadofitness.gupy.io/,gupy,gupy,1,2,t,cmsqp3a1500hbo94jq3v94kut,cmsqp3a1b00hdo94jgole27ws
ok,,Comgás (Cosan),https://vemsercomgas.gupy.io/,gupy,gupy,1,2,t,cmsqp3aja00lno94j6n872yhh,cmsqp3ajg00lpo94jbug7wo95
ok,,Crownembalagens,https://crownembalagens.gupy.io/,gupy,gupy,1,2,t,cmu5j4qfv0058qwvk1wy7f8c7,cmu5j4qr8005aqwvkxipci6p8
ok,,DATARAIN CONSULTING E SERVICOS DE TECNOLOGIA SA,https://dataraincareers.gupy.io/,gupy,gupy,1,2,t,cmtnbwmzykpeyrp4jazago59u,cmtnbwn04kpf0rp4jgoq2xmva
ok,,Decathlon Brasil,https://carreirasdecathlon.gupy.io/jobs,gupy,gupy,1,2,t,cmsqp3b4i00q2o94jixxyj23c,cmsqp3b4s00q4o94j6pcar1ap
Empresa Errada,Grupo Eletropoll,ELETROCAL INDUSTRIA E COMERCIO DE MATERIAIS ELETRICOS LTDA,https://eletropoll.gupy.io/,gupy,gupy,1,2,t,cmu2np04laylnnx4jh68pis8d,cmu2np07caylpnx4jx6d5hx4v
Excluir empresa,,EUROCHEM COMERCIO DE PRODUTOS QUIMICOS LTDA.,https://carreiras.gupy.io/,gupy,gupy,1,2,t,cmu19mllp6002o64jq5pcagnc,cmu19mllu6004o64jquopskha
ok,,EXA SERVICOS DE TECNOLOGIA S.A.,https://jobs.ashbyhq.com/exa,ashby,ashby,1,2,t,cmtoe1bxi0035pf4j0d5f8iy2,cmtoe1bxp0037pf4jvxdoxpc5
ok,,Enjoei,https://enjoei.inhire.app/,inhire,inhire,1,2,t,cmswbm9zw0i5gob4j1j12vs6f,cmswbma080i5iob4j9ggtt0xu
ok,,FERTILIZANTES HERINGER,https://heringer.gupy.io/,gupy,gupy,1,2,t,cmsxcfmq9007tnf4j2h5qo6jr,cmsxcfmqk007vnf4je31kof1k
ok,,FISIA (NIKE),https://fisiatalentos.gupy.io/,gupy,gupy,1,2,t,cmsxcfnnq00ahnf4js3tzl9gz,cmsxcfno100ajnf4jy27qj96o
ok,,FMC Agricultural Brasil,https://fmc.wd12.myworkdayjobs.com/pt-BR/FMC,workday,workday,1,2,t,cmsqp3by200w8o94jyiswny4d,cmsqp3by800wao94jg7rjrgi7
ok,,FRUKI,https://vagasfruki.gupy.io/,gupy,gupy,1,2,t,cmt0g835u6faypd4juofr5pbs,cmt0g83626fb0pd4jj23n0776
ok,,Forma Turismo,https://formaturismo.gupy.io/,gupy,gupy,1,2,t,cmsqp3c7300ybo94jwnxq345g,cmsqp3c7900ydo94jwu5suwbh
Empresa Errada,G2L,GERDAU ACOMINAS,https://vemprag2l.gupy.io/,gupy,gupy,1,2,t,cmsxcfkl4001hnf4jgjqjvzh5,cmsxcfkle001jnf4jscobzrmc
Empresa Errada,Motiva Rodovias,GOOGLE INFRAESTRUTURA BRASIL LTDA,https://motivaengenharia.gupy.io/,gupy,gupy,1,2,t,cmu2np168ayn5nx4jky8c96tx,cmu2np16dayn7nx4jdt7zlr0m
Renomear Empresa,Grupo GPS,GPS PARTICIPACOES E EMPREENDIMENTOS S.A.,https://gpssa.pandape.com.br/,pandape,pandape,1,2,t,cmu19mm1x600zo64j6gh78olw,cmu19mm216011o64j60fli42f
ok,,Grupoitg,https://grupoitg.gupy.io/,gupy,gupy,1,2,t,cmu5j1p5l0019qwvkek6g5i1x,cmu5j1ph2001bqwvkvpe9hnx4
ok,,HT MICRON,https://htmicron.gupy.io/,gupy,gupy,1,2,t,cmt0nvlwd0c09sw4jrvjw53tk,cmt0nvlwt0c0bsw4j2pqi9utj
ok,,IDS DESENVOLVIMENTO DE SOFTWARE E ASSESSORIA LTDA,https://ids.gupy.io/,gupy,gupy,1,2,t,cmt2s7bc860e8o14je2lx0kry,cmt2s7bcf60eao14j0wfpdz39
Empresa Errada,INCO,INDAC - INVESTIMENTOS E PARTICIPACOES S.A.,https://inco.inhire.app/,inhire,inhire,1,2,t,cmu2nouzeayavnx4jq4etboek,cmu2nouzmayaxnx4jdbyb7s7w
Empresa Errada,Leite de Rosas,LEITESOL (LA SERENISSIMA),https://leitederosas.gupy.io/,gupy,gupy,1,2,t,cmsxt5y8h2ahrnf4jranu857z,cmsxt5y8r2ahtnf4jpjb65y70
ok,,MAGALU CLOUD LTDA,https://magazineluiza.inhire.app/,inhire,inhire,1,2,t,cmt27m7kn53iuo14j9kvnam6i,cmt27m7ku53iwo14juw1nrs6f
ok,,MOVECTA,https://movecta.inhire.app/,inhire,inhire,1,2,t,cmt0g82d96f91pd4jqacaeaj3,cmt0g82dk6f93pd4jtts4f7o0
ok,,NISSAN DO BRASIL AUTOMOVEIS LTDA,https://alliance.wd3.myworkdayjobs.com/pt-BR/nissanjobs,workday,workday,1,2,t,cmtxdox4e0wtqlk4jhuj13fna,cmtxdox4k0wtslk4jtd48nzvq
Empresa Errada,Natto,NORDESTE ALIMENTOS,https://natto.gupy.io/,gupy,gupy,1,2,t,cmsxt60ud2aplnf4jeekjsmml,cmsxt60uo2apnnf4jrb7ech7j
Empresa Errada,Origo Energia,Omega Energia,https://origoenergia.gupy.io/,gupy,gupy,1,2,t,cmswbmayk0i8vob4jxyz2u6le,cmswbmayq0i8xob4j0740zilm
ok,,PETROBAHIA,https://petrobahia.gupy.io/,gupy,gupy,1,2,t,cmsxcflwi005bnf4j73yjpc5a,cmsxcflwy005dnf4j259um7xu
Empresa Errada,CROSS,PRODAM SP,https://cross.gupy.io/,gupy,gupy,1,2,t,cmt0kx4qk00cisw4jl5x66u3y,cmt0kx4qs00cksw4jkoc964bm
ok,,Ripio Brasil,https://ripio.teamtailor.com/jobs,teamtailor,teamtailor,1,2,t,cmsqp3fxf01reo94jee02a15n,cmsqp3fxl01rgo94jinxbknbj
ok,,S.I.N. IMPLANT SYSTEM LTDA,https://vemprasin.gupy.io/,gupy,gupy,1,2,t,cmu1qzcgd004jnx4j4xdir1s4,cmu1qzcgj004lnx4j4siu0d7f
Empresa Errada,Serhum Consultoria em RH,SALOBO METAIS,https://serhum.gupy.io/,gupy,gupy,1,2,t,cmsxcfkyu002nnf4j8qn5ia4s,cmsxcfkz2002pnf4jnbbndlg1
ok,,SBT,https://sejasbt.gupy.io/,gupy,gupy,1,2,t,cmsxik19619v7nf4jecpey4pe,cmsxik19h19v9nf4jiyjmpxr3
ok,,SERVICOS DE INFORMATICA - LYNX DO BRASIL LTDA,https://lynx.gupy.io/,gupy,gupy,1,2,t,cmtmu3kcjke78rp4j5kofvgrl,cmtmu3kcwke7arp4jn67ob184
ok,,SOLVI ESSENCIS,https://solvi.gupy.io/,gupy,gupy,1,2,t,cmt0kx3k40096sw4jpnj2ejar,cmt0kx3kb0098sw4joc4mp9ei
ok,,Saúde Mais,https://institutomaissaude.gupy.io/,gupy,gupy,1,2,t,cmsqp3g6c01teo94jlwwtp6z3,cmsqp3g6i01tgo94j58znylhc
ok,,TECNOBANK TECNOLOGIA BANCARIA S.A.,https://tecnobank.gupy.io/,gupy,gupy,1,2,t,cmtmvnys6keebrp4jzmyo19py,cmtmvnysekeedrp4jr2di01a3
ok,,THOMAS GREG & SONS,https://thomasgregdobrasil.pandape.com.br/,pandape,pandape,1,2,t,cmt0kx46o00b0sw4jn7hhvbf4,cmt0kx46w00b2sw4js0x26x74
Empresa Errada,Votorantim Cimentos,TRIZY TECNOLOGIA EM LOGISTICA LTDA.,https://votorantimcimentostalentos.gupy.io/,gupy,gupy,1,2,t,cmt27m6sh53gfo14jvu9fdn3d,cmt27m6sp53gho14jc780j4ou
ok,,Tecnosonda,https://tecnosonda.gupy.io/,gupy,gupy,1,2,t,cmu5j2l4w002fqwvkcx540lbb,cmu5j2lge002hqwvkhuki5teb
ok,,VENTURA PETROLEO S.A.,https://venturaoffshore.inhire.app/,inhire,inhire,1,2,t,cmu1qzcyp005vnx4jyvxkahqn,cmu1qzcyu005xnx4jlyzfbd4k
ok,,Waymo Brasil (Alphabet),https://boards.greenhouse.io/waymo,greenhouse,greenhouse,1,2,t,cmsqp3hja0248o94jo93die1n,cmsqp3hjf024ao94jzpmp38tw
Empresa Errada,Bem Serviços,"""BEM-TE-VI CONSULTORIA",https://bemservicos.pandape.com.br/,pandape,pandape,1,1,t,cmt2s7cit60hqo14jvyxexgnv,cmt2s7cj160hso14jsre7hk0t
Empresa Errada,Nomus,"""INFRAESTRUTURA",https://nomus.gupy.io/,gupy,gupy,1,1,t,cmu2np1z4ayownx4jzosae8uf,cmu2np1zaayoynx4jr5zbr04d
ok,,4MK Solutions,https://4mk.gupy.io/,gupy,gupy,1,1,t,cmsqp37to0012o94jetl1l321,cmsqp37tu0014o94j2xfctx82
ok,,A3consultoria,https://a3consultoria.gupy.io/,gupy,gupy,1,1,t,cmu5j1rds001cqwvken261k2r,cmu5j1rql001eqwvkthpmchvx
Empresa Errada,Grupo Ebeg,ABAG,https://ebeg.gupy.io/,gupy,gupy,1,1,t,cmt0g82r56fa1pd4jbulbd8tz,cmt0g82rg6fa3pd4j9h2jby4j
ok,,ABBOTT LABORATORIOS DO BRASIL LTDA,https://abbott.wd5.myworkdayjobs.com/pt-BR/abbottcareers,workday,workday,1,1,t,cmu2novosaycvnx4j4tbnr4u6,cmu2novoyaycxnx4jzlyy27st
Empresa Errada,Abai,ABENGOA GREENFIELD BRASIL HOLDING S.A,https://abai.pandape.com.br/,pandape,pandape,1,1,t,cmu19mm2z6012o64jqzsxswv5,cmu19mm366014o64jn33l7q32
Empresa Errada,Adias Solar,ADIUM S.A.,https://adias.inhire.app/,inhire,inhire,1,1,t,cmu2np4lbaytenx4jg71xnjya,cmu2np4lhaytgnx4j4avsi8n6
ok,,AEGRO INFORMATICA LIMITADA,https://aegro.gupy.io/,gupy,gupy,1,1,t,cmt2s7bxu60fto14jx3km7qvu,cmt2s7by160fvo14jr21ijbml
Empresa Errada,Wfs Brasil,AEROPORTOS BRASIL - VIRACOPOS S.A.,https://wfs.pandape.com.br/,pandape,pandape,1,1,t,cmu2nou9gay94nx4jobj6j8f6,cmu2nou9nay96nx4jvw7zec50
ok,,AGRIBRASIL,https://agribrasil.gupy.io/,gupy,gupy,1,1,t,cmsxijytp19osnf4jibihtf6z,cmsxijyu019ounf4jx2dl6h38
Empresa Errada,Ama,AMAZON SERVICOS DE VAREJO DO BRASIL LTDA.,https://grupoama.pandape.com.br/,pandape,pandape,1,1,t,cmtxdouv20wpklk4jb48mlf5i,cmtxdouv70wpmlk4jhjrm1pnm
ok,,AMICO SAUDE S.A.,https://amigotech.gupy.io/,gupy,gupy,1,1,t,cmu1qzdoe007snx4j2cq8jzay,cmu1qzdok007unx4jedtnsplf
Empresa Errada,Comexport,APOSITIVA IMPORTACAO & EXPORTACAO LTDA,https://vemsercomexport.gupy.io/,gupy,gupy,1,1,t,cmtxdounr0wp5lk4jzybe3flb,cmtxdounx0wp7lk4jbm8muvd6
ok,,ARVORE EXPERIENCIAS IMERSIVAS LTDA,https://arvore.gupy.io/,gupy,gupy,1,1,t,cmt2s7b5060dno14jlagrrh4y,cmt2s7b5760dpo14j51pvnvpb
ok,,ASA ASSET MANAGEMENT LTDA,https://asa.inhire.app/,inhire,inhire,1,1,t,cmu2noxwoayggnx4jq01xw8gj,cmu2noxwvayginx4jofc59dap
Empresa Errada,Autoamerica Group,AUTOARREMATE S.A.,https://autoamerica.gupy.io/,gupy,gupy,1,1,t,cmtnbwmo1kpdsrp4jihxxxb2q,cmtnbwmo7kpdurp4j0owbe1y3
ok,,Agriness,https://agriness.gupy.io/,gupy,gupy,1,1,t,cmsqp384e002zo94jdsbl3ax0,cmsqp384j0031o94je14tgkfx
ok,,Alphaville,https://alphaville.gupy.io/,gupy,gupy,1,1,t,cmsqp38920042o94j4pbz7nnh,cmsqp38980044o94jicydgvcg
ok,,Arcor do Brasil,https://arcor.gupy.io/,gupy,gupy,1,1,t,cmsqp38gx0062o94jg5ichats,cmsqp38h40064o94j4gmgh3vk
ok,,BANCO J. P. MORGAN S.A.,https://ms.wd5.myworkdayjobs.com/External,workday,workday,1,1,t,cmtxdowmd0wsklk4jwbakp441,cmtxdowmj0wsmlk4jswc0v57p
Empresa Errada,Vert Capital,BANCO VERDE DIGITAL LTDA,https://vert-capital.gupy.io/,gupy,gupy,1,1,t,cmu19ml765zyto64jgueykgtg,cmu19ml7a5zyvo64jw9zeof7u
Renomear Empresa,Bradesco,BRADESCO GESTAO DE SAUDE S A,https://bradesco.inhire.app/,inhire,inhire,1,1,t,cmtxdovne0wr5lk4jqdilvdv6,cmtxdovnk0wr7lk4jvdoax2sw
Empresa Errada,General Shopping & Outlets,BRASC SHOPPING CENTERS S A,https://generalshoppingbrasilsa.pandape.com.br/,pandape,pandape,1,1,t,cmu30xljd000in14j03yk2un4,cmu30xljj000kn14jxsn1962q
ok,,BRASIF,https://empresasbrasif.gupy.io/,gupy,gupy,1,1,t,cmsxik18419v4nf4jkr3eciwp,cmsxik18e19v6nf4j4ski3mcw
Empresa Errada,Grupo Fertipar,BRFERTIL,https://grupofertipar.gupy.io/,gupy,gupy,1,1,t,cmsxijyjh19o1nf4jyniny989,cmsxijyjs19o3nf4jpe44tmrd
Empresa Errada,Auv Capital,BTG PACTUAL HOLDING FINANCEIRA LTDA,https://auvpcapital.gupy.io/,gupy,gupy,1,1,t,cmtxdovij0wqtlk4jjikdp6pc,cmtxdovip0wqvlk4jq8wmzisn
ok,,CACIQUE,https://redecacique.gupy.io/,gupy,gupy,1,1,t,cmsxik0ub19u1nf4jt3r67zfm,cmsxik0um19u3nf4j6g32gwq7
ok,,CAFEBRAS,https://cafebrasil.inhire.app/,inhire,inhire,1,1,t,cmsxkv9da1grqnf4jkhxboup7,cmsxkv9dm1grsnf4jirlpxbae
ok,,CATTALINI TERMINAIS,https://cattalini-terminais.gupy.io/,gupy,gupy,1,1,t,cmt0g81ig6f7ppd4jv13vhcaz,cmt0g81ip6f7rpd4j77uthxob
Excluir Fonte,,CEBRASA,https://son.wd108.myworkdayjobs.com/NebraskaStateCareers,workday,workday,1,1,t,cmt0kx2ya007osw4jzmw6c3jg,cmt0kx2yk007qsw4jco2rizxm
ok,,CESBE HOLDING S.A.,https://grupocesbe.inhire.app/,inhire,inhire,1,1,t,cmu30xly4001fn14jyo4u4x6v,cmu30xlyf001hn14jnokahnau
ok,,CLAMED,https://clamed.gupy.io/,gupy,gupy,1,1,t,cmsqp39n400f2o94jbicsd6ny,cmsqp39nb00f4o94j3nq1xcwj
ok,,CLINICORP SERVICOS S.A,https://clinicorp.gupy.io/,gupy,gupy,1,1,t,cmtoe1di0007npf4j6ljb4d7n,cmtoe1di6007ppf4jpglketin
Empresa Errada,CNP Seguros,CNP ASSURANCES PARTICIPACOES LTDA,https://csh.gupy.io/,gupy,gupy,1,1,t,cmtxdowtr0wt5lk4jf6v3tbfp,cmtxdowu10wt7lk4jc1vabjdy
ok,,COMPANHIA BRASILEIRA DE METALURGIA E MINERACAO,https://vemsercbmm.gupy.io/,gupy,gupy,1,1,t,cmu2np4ivayt8nx4jyyg8klhb,cmu2np4j0aytanx4jj63xrc6z
Empresa Errada,Tic Trens,COMPANHIA BRASILEIRA DE TRENS URBANOS,https://tictrens.gupy.io/,gupy,gupy,1,1,t,cmu19mkcd5zwto64jnitsnjex,cmu19mkch5zwvo64jg4h94bkc
Empresa Errada,Multi Credito,COMPANHIA DE PROCESSAMENTO DE DADOS DO ESTADO DE SAO PAULO - PRODESP,https://multicredito.pandape.com.br/,pandape,pandape,1,1,t,cmtmvnyyfkeetrp4j0r9qgix5,cmtmvnyynkeevrp4jquunj2g0
ok,,COTESA Engenharia,https://cotesa.gupy.io/,gupy,gupy,1,1,t,cmsqp39pu00fho94jhablaave,cmsqp39pz00fjo94jzundy7sh
Excluir Fonte,,CPFL PIRATININGA,https://cppib.wd10.myworkdayjobs.com/cppinvestments,workday,workday,1,1,t,cmsxcfmci006nnf4j39rpzife,cmsxcfmcr006pnf4j03b7v2j6
Empresa Errada,Leão,CROWN LEAO INDUSTRIES DESENVOLVIMENTO E INOVACAO LTDA,https://leao.gupy.io/,gupy,gupy,1,1,t,cmu19mkmr5zxno64jzqwoie6p,cmu19mkmv5zxpo64jfxja5et6
ok,,Cedisa Central de Aço,https://cedisa.gupy.io/,gupy,gupy,1,1,t,cmsqp3a4d00i5o94jdsqxzytr,cmsqp3a4j00i7o94jg6h4uu20
ok,,Coca-Cola FEMSA Brasil,https://cocacolafemsabr.gupy.io/,gupy,gupy,1,1,t,cmsqp3adx00kko94j4fq6ndpo,cmsqp3ae200kmo94j0mut0pmd
ok,,Cognita Schools,https://cognita.gupy.io/,gupy,gupy,1,1,t,cmsqp3afn00kzo94jgfav1mmf,cmsqp3afu00l1o94jdu9j93cf
ok,,Copersucar,https://copersucar.gupy.io/,gupy,gupy,1,1,t,cmsqp3aor00mzo94jtfwsfspp,cmsqp3aox00n1o94jkfxsap0u
Empresa Errada,Corsan & Aegea,Corsan (RS),https://vagascorsanaegea.gupy.io/,gupy,gupy,1,1,t,cmsqp3aqm00neo94jlnlz39ya,cmsqp3aqt00ngo94jhw98328b
ok,,Cursor AI Brasil,https://jobs.ashbyhq.com/cursor,ashby,ashby,1,1,t,cmsqp3ay300ozo94jzj7wb1r6,cmsqp3ay900p1o94jhmxzf3m4
ok,,DIANA,https://boards.greenhouse.io/dianahealth94,greenhouse,greenhouse,1,1,t,cmt0kx3hq0090sw4jbnt6h6ld,cmt0kx3hz0092sw4jj6x2ahef
ok,,Dannemann,https://dannemann.gupy.io/,gupy,gupy,1,1,t,cmsqp3b3300pqo94jgea1nzjc,cmsqp3b3900pso94jl980subx
ok,,Dolly,https://dolly.gupy.io/,gupy,gupy,1,1,t,cmu5j22sv001rqwvk8b9ka51p,cmu5j2349001tqwvkiuwzhowt
ok,,Dress To,https://dressto.gupy.io/,gupy,gupy,1,1,t,cmsxiwgkq1axwnf4jt0sclyb6,cmsxiwgqt1axynf4ja7kj39cb
ok,,EBAC,https://ebac.gupy.io/,gupy,gupy,1,1,t,cmsqp3ban00rko94j7rm4cvaz,cmsqp3bat00rmo94j2mkfbnwm
ok,,ECOVIAS,https://ecovias.gupy.io/,gupy,gupy,1,1,t,cmsxijx8h19kvnf4jkxt4juj0,cmsxijx8r19kxnf4jj0z20m3o
Empresa Errada,Mineração Vale Verde,ENERGIA VERDE SUSTENTABILIDADE AMBIENTAL LTDA,https://vale-verde.gupy.io/,gupy,gupy,1,1,t,cmtxdow400wrwlk4j74c2w2lf,cmtxdow470wrylk4juqq49w8f
ok,,ESTAPAR,https://estapar.pandape.com.br/,pandape,pandape,1,1,t,cmsxt5w762acinf4jxj2mw4r4,cmsxt5w7f2acknf4jncaqjf6w
ok,,Echoenergia,https://echo.gupy.io/,gupy,gupy,1,1,t,cmsqp3bhn00sko94jnsgmonoh,cmsqp3bht00smo94jeju1mxbj
Empresa Errada,Grupo Roma Brasil,FCA FIAT CHRYSLER PARTICIPACOES BRASIL LTDA.,https://gruporomabrasil.gupy.io/,gupy,gupy,1,1,t,cmtxdouwk0wpnlk4j8deqk41v,cmtxdoux20wpplk4jeozay6pn
ok,,FMU FIAM FAAM,https://fmu.gupy.io/,gupy,gupy,1,1,t,cmsqp3bye00wbo94jkfszs4nu,cmsqp3byl00wdo94jno0yg874
ok,,FRACTAL TECNOLOGIA E PARTICIPACOES S.A.,https://fractal.teamtailor.com/,teamtailor,teamtailor,1,1,t,cmtmvnypkkee5rp4j3kf1a80r,cmtmvnypskee7rp4jdlvoqm51
ok,,FRACTALIA TECNOLOGIA E SEGURANCA DIGITAL BRASIL LTDA,https://actualizegrupofractalia.pandape.com.br/,pandape,pandape,1,1,t,cmtvkcr1phlnzrs4jsaakkruw,cmtvkcr1thlo1rs4jltsv20v5
ok,,FRESENIUS MEDICAL CARE LTDA,https://freseniusmedicalcare.wd3.myworkdayjobs.com/fme,workday,workday,1,1,t,cmu2np4etaysznx4ja2ujtlwv,cmu2np4eyayt1nx4jq3ea84gf
ok,,Farmácias Nissei,https://nissei.pandape.infojobs.com.br/,pandape,pandape,1,1,t,cmsqp3c0p00wto94ji9nvw74b,cmsqp3c0w00wvo94j0mh2zmiw
ok,,GBARBOSA (CENCOSUD),https://cencosudbrasil.gupy.io/,gupy,gupy,1,1,t,cmsxcflnn004knf4jyp30ecph,cmsxcflnw004mnf4j44ng8hw1
ok,,GERA - GESTAO DE MODELOS COMERCIAIS LTDA,https://gera.gupy.io/,gupy,gupy,1,1,t,cmtvkcr4xhlohrs4j3euihz75,cmtvkcr50hlojrs4j51vj6xgb
Empresa Errada,Grupo IGD,GFG COMERCIO DIGITAL LTDA.,https://ignicaodigital.gupy.io/,gupy,gupy,1,1,t,cmu2noulfay9ynx4jzkf8uw4b,cmu2noullaya0nx4j82vb3e2g
ok,,GR SERVICOS E ALIMENTACAO LTDA.,https://grsa1.pandape.com.br/,pandape,pandape,1,1,t,cmu2novknaycjnx4jl98345lm,cmu2novkuayclnx4jqjgnjqmp
ok,,GS INIMA BRASIL LTDA.,https://gs1brasil.gupy.io/,gupy,gupy,1,1,t,cmu2nozc7ayjznx4jvhxjzt1i,cmu2nozcdayk1nx4jd4atbwhc
ok,,Grant Thornton Brasil,https://grantthornton.pandape.infojobs.com.br/,pandape,pandape,1,1,t,cmsqp3cms011ko94jhrerbq6p,cmsqp3cn0011mo94jlhecdwjq
ok,,Grupo Malwee,https://grupomalwee.pandape.infojobs.com.br/,pandape,pandape,1,1,t,cmsxivkjx1axrnf4j1fr4rk8x,cmsxivkq21axtnf4jpewoaktx
Excluir Fonte,,HCCOM S.A.,https://hcfl.wd1.myworkdayjobs.com/hcjobs,workday,workday,1,1,t,cmu2notwgay8dnx4jvivx32tt,cmu2notwmay8fnx4js7xdboh2
ok,,HOPPER BRAZIL SERVICOS DE VIAGENS LTDA,https://jobs.ashbyhq.com/hopper,ashby,ashby,1,1,t,cmtoe1cf6004tpf4jb4izdi6r,cmtoe1cfc004vpf4j9kki57s4
ok,,Hospital Moinhos de Vento,https://hospitalmoinhos.gupy.io/,gupy,gupy,1,1,t,cmswbma2u0i5pob4ju6vydjq7,cmswbma3a0i5rob4jwmusg2mr
ok,,Huntsman Brasil,https://huntsman.wd1.myworkdayjobs.com/Huntsman,workday,workday,1,1,t,cmsqp3d7n016eo94j9xngrzj5,cmsqp3d7w016go94jgk856nwp
ok,,IBOPE AUDIENCIAS LTDA,https://ipsosbrasil.gupy.io/,gupy,gupy,1,1,t,cmu2np2i8ayq8nx4j7m1h2tan,cmu2np2idayqanx4junn91v48
Empresa Errada,Ibeu,IDEMIA DO BRASIL,https://ibeu.gupy.io/,gupy,gupy,1,1,t,cmt0g80pt6f64pd4j3sa19ad5,cmt0g80q66f66pd4jjdefha5f
Empresa Errada,Cavazani Construtora,INVEST-BENS PLANEJAMENTO IMOBILIARIO LTDA- SCP COOPERATIVA EMPREENDIMENTOS IMOBILIARIOS,https://cavazani.gupy.io/,gupy,gupy,1,1,t,cmtxdouxl0wpqlk4jwlrih12z,cmtxdouxu0wpslk4jp4l0bokn
ok,,Jadlog,https://jadlog.pandape.com.br/,pandape,pandape,1,1,t,cmsqp3dop019ho94jgwkm5dr3,cmu5j4dlz004sqwvk6k01mdfe
ok,,KAROON,https://karoonbrasil.gupy.io/,gupy,gupy,1,1,t,cmsxcfotl00dznf4jdi1yjb3a,cmsxcfotu00e1nf4jteqttw7f
ok,,KAVAK TECNOLOGIA E COMERCIO DE VEICULOS LTDA.,https://jobs.lever.co/kavak,lever,lever,1,1,t,cmu2noty8ay8jnx4jqyppvws5,cmu2notyeay8lnx4jwk1u1fim
ok,,KNEWIN INTELIGENCIA EM RECUPERACAO DE INFORMACAO S A,https://knewin.inhire.app/,inhire,inhire,1,1,t,cmtmu3ou7ke7brp4jlkdg7ywu,cmtmu3ougke7drp4jygrmo0nr
Empresa Errada,Socicam,LINKEDIN REPRESENTACOES DO BRASIL LTDA.,https://socicam.pandape.com.br/,pandape,pandape,1,1,t,cmt27m75x53hlo14j1m87efng,cmt27m76553hno14jqvoxo9vb
Empresa Errada,Odata,LOCAL-DC INFRAESTRUTURA E SERVICOS EM TECNOLOGIA LTDA,https://aligneddc.wd12.myworkdayjobs.com/pt-BR/ODATA,workday,workday,1,1,t,cmtoe1dci0075pf4jwah95vo3,cmtoe1dco0077pf4jh5d6wv82
ok,,LORENZETTI,https://lorenzetti.pandape.com.br/,pandape,pandape,1,1,t,cmsxijxyp19mgnf4jerq7silf,cmsxijxyx19minf4jyj0ea7x1
ok,,MAKITA DO BRASIL FERRAMENTAS ELETRICAS LTDA,https://makita.gupy.io/,gupy,gupy,1,1,t,cmu2np2kiayqenx4j8eu2ktle,cmu2np2kpayqgnx4j74e134fl
ok,,MOBLY COMERCIO VAREJISTA LTDA - EM RECUPERACAO JUDICIAL,https://mobly.pandape.com.br/,pandape,pandape,1,1,t,cmu2np2g5ayq2nx4j724u33hv,cmu2np2gbayq4nx4j8jvmvjj3
ok,,MOSAIC FERTILIZANTES P&K LTDA.,https://mosaic.wd5.myworkdayjobs.com/pt-BR/mosaic,workday,workday,1,1,t,cmtxdow690ws2lk4jbwy9euyj,cmtxdow6f0ws4lk4jgtgvxb79
Empresa Errada,Unicasa,MOVEIS KAPPESBERG,https://unicasamoveis.gupy.io/,gupy,gupy,1,1,t,cmsxt60vb2aponf4jxjdrfupp,cmsxt60vj2apqnf4jj0iyxewz
Empresa Errada,FM2C,MULTIPLY SERVICOS DE MANUTENCAO LTDA,https://fm2ccarreiras.pandape.com.br/,pandape,pandape,1,1,t,cmtnbwn91kpfprp4jjxwgqcjp,cmtnbwn97kpfrrp4jcp4blw7p
ok,,Machado Meyer Advogados,https://machadomeyer.gupy.io/,gupy,gupy,1,1,t,cmsqp3ecq01ego94jm8cfd48x,cmsqp3ecw01eio94jgnn70twe
ok,,NEOASSIST.COM S.A.,https://neoassist.gupy.io/,gupy,gupy,1,1,t,cmtoe1dbw0072pf4jqnrsvozu,cmtoe1dc20074pf4jlq3im4kq
Empresa Errada,MCassab Nutrição,NEOVIA NUTRICAO E SAUDE ANIMAL LTDA.,https://mcassabnutricaoesaudeanimal.gupy.io/,gupy,gupy,1,1,t,cmu2np315ayrbnx4jy8vei5uq,cmu2np31bayrdnx4jeemqm1h1
ok,,NIBO SOFTWARES E CURSOS LTDA.,https://nibo.inhire.app/,inhire,inhire,1,1,t,cmt2s7aod60c8o14j51x15eyt,cmt2s7aol60cao14j0bgnlbtc
ok,,NITA ALIMENTOS,https://nitaalimentos.gupy.io/,gupy,gupy,1,1,t,cmsxt60sh2apfnf4jltd2jntc,cmsxt60sr2aphnf4jemd7jtrd
Excluir Fonte,,OIL TRADING,https://boards.greenhouse.io/dvtrading,greenhouse,greenhouse,1,1,t,cmsxcfl3o0032nf4j8qzffp5j,cmsxcfl3x0034nf4j8lq9ox3h
ok,,OLEOPLAN,https://oleoplan.pandape.com.br/,pandape,pandape,1,1,t,cmsxcfqeq00innf4jeorpnhwj,cmu5geczt69lele5f4bz88fm0
Empresa Errada,Jaé,ON TECNOLOGIA DE MOBILIDADE URBANA S.A.,https://jae.inhire.app/,inhire,inhire,1,1,t,cmt2s7aug60cto14jghsi6eze,cmt2s7aun60cvo14jx3vemfta
ok,,ORIGINAL HUB LTDA.,https://original.pandape.com.br/,pandape,pandape,1,1,t,cmtoe1cua0062pf4j0bmwhbfp,cmtoe1cug0064pf4jglu1ni2o
Empresa Errada,Vilma Alimentos,PASTIFICIO VILMA,https://vilma-alimentos.pandape.com.br/,pandape,pandape,1,1,t,cmsxkvab01gu5nf4jrqp9vxcu,cmsxkvabc1gu7nf4jpnlmp5mf
Empresa Errada,Sesi Senai,PAUMAR,https://sesisenaipa.gupy.io/,gupy,gupy,1,1,t,cmsxik0lp19tdnf4j7azx2km5,cmsxik0m219tfnf4jgy8cxg3w
Empresa Errada,Perbras,PETROLEO BRASILEIRO S A PETROBRAS,https://perbras.gupy.io/,gupy,gupy,1,1,t,cmtxdoujv0wowlk4j64293b9x,cmtxdouk80woylk4jfy8n5zrv
ok,,PETRORECÔNCAVO S.A.,https://petroreconcavo.inhire.app/vagas,inhire,inhire,1,1,t,cmpkcfsrq00o9oi4jrmoww158,cmsqp3fa601mdo94jab1lxkd9
ok,,PLENA ALIMENTOS,https://plena.gupy.io/,gupy,gupy,1,1,t,cmsxcfpup00gznf4j9es137nu,cmsxcfpuz00h1nf4j90nqtpnp
ok,,PLUXEE,https://pluxee.wd3.myworkdayjobs.com/en-US/Pluxee_Career_Site,workday,workday,1,1,t,cmsxijxht19ljnf4jvcznetwf,cmsxijxi319llnf4ju7j2e50t
ok,,PRIVALIA,https://privalia.gupy.io/,gupy,gupy,1,1,t,cmsxkv9ii1gs2nf4jmpp3hmh8,cmsxkv9iq1gs4nf4jyd7hj9wt
ok,,RAPPI BRASIL INTERMEDIACAO DE NEGOCIOS LTDA,https://rappi.wd12.myworkdayjobs.com/es/Rappi_jobs,workday,workday,1,1,t,cmu1qzcao0044nx4jopq4mx3i,cmu1qzcau0046nx4jt8b51lhs
Empresa Errada,SAF Botafogo,RED BULL BRAGANTINO SAF,https://safbotafogo.gupy.io/,gupy,gupy,1,1,t,cmt0g82c06f8ypd4j71t4kai6,cmt0g82ce6f90pd4jb87wki7u
Empresa Errada,Servimex Logística,RM IMPORT & EXPORTACAO DE COMBUSTIVEL - SPE LTDA,https://servimexlogistica.gupy.io/,gupy,gupy,1,1,t,cmtxdovw90wrnlk4jmoqt1c8w,cmtxdovwf0wrplk4j65nf2aii
Empresa Errada,Rota System,RODATI MOTORS - CENTRAL DE INFORMACOES DE VEICULOS AUTOMOTORES LTDA.,https://rotasystem.gupy.io/,gupy,gupy,1,1,t,cmtnbwmcakpcsrp4jgakhhsgt,cmtnbwmcgkpcurp4jo7t8s4i2
ok,,Raymundodafonte,https://raymundodafonte.gupy.io/,gupy,gupy,1,1,t,cmu5j4hcs004wqwvk32u9ry2b,cmu5j4ho4004yqwvkak1zlvb3
ok,,Rumo Logística,https://rumolog.gupy.io/jobs,gupy,gupy,1,1,t,cmsqp3fz001rto94j5woci3pl,cmsqp3fz501rvo94jnhhrjcia
Renomear Empresa,EuroChem Salitre,SALITRE FERTILIZANTES LTDA.,https://eurochemsalitre.gupy.io/,gupy,gupy,1,1,t,cmu1qzc1b003gnx4jwbwuycrr,cmu1qzc1h003inx4jkz2xcuzg
ok,,SAMSUNG ELETRONICA DA AMAZONIA LTDA,https://samsung.inhire.app/,inhire,inhire,1,1,t,cmu2np0ppaylwnx4jtrgavbe2,cmu2np0pvaylynx4j078tiu3h
ok,,SANTA MARCELINA,https://santamarcelina.pandape.com.br/,pandape,pandape,1,1,t,cmt0g7zem6f34pd4jlomm6yov,cmt0g7zew6f36pd4j8hzgu50r
ok,,SEQUOIA,https://jobs.ashbyhq.com/sequoia,ashby,ashby,1,1,t,cmt0g7zjo6f3dpd4ja7x8w5u1,cmt0g7zjw6f3fpd4jmnlu6j3z
ok,,SOFTYS BRASIL LTDA.,https://softys.pandape.com.br/,pandape,pandape,1,1,t,cmu19mktl5zy5o64jwhvjqgda,cmu19mktq5zy7o64j8i6euxyl
ok,,SUMITOMO RUBBER DO BRASIL LTDA.,https://dunlop.gupy.io/,gupy,gupy,1,1,t,cmu2nov46aybanx4jgthlc6go,cmu2nov4caybcnx4jf2qjuta5
ok,,SYLVAMO,https://sylvamo.inhire.app/,inhire,inhire,1,1,t,cmsxcfngt009wnf4jywnppl1t,cmsxcfnh2009ynf4jga02kn2g
ok,,Saint-Gobain Brasil,https://saintgobainppc.gupy.io/,gupy,gupy,1,1,t,cmsqp3g3301sko94jmcqzobxl,cmsqp3g3901smo94jz2gm7xhd
ok,,Shopper,https://shopper.gupy.io/,gupy,gupy,1,1,t,cmu5j0v9d0006qwvk2co5w0l9,cmu5j0vkr0008qwvkfrcspr5b
ok,,Sparteo,https://sparteo.teamtailor.com/,teamtailor,teamtailor,1,1,t,cmu5j1moo0016qwvk72zhm8nw,cmu5j1n2q0018qwvkue73wodx
ok,,Synvia,https://synvia.gupy.io/,gupy,gupy,1,1,t,cmu5j4o820055qwvkm6vn1x9e,cmu5j4ojg0057qwvkp0iob2cf
ok,,TAURUS,https://taurusarmas.pandape.com.br/,pandape,pandape,1,1,t,cmsxkv8lq1gpknf4jnlla2du4,cmsxkv8ma1gpmnf4jmfz9s1k7
ok,,TCP,https://tcp.gupy.io/,gupy,gupy,1,1,t,cmsxik0ve19u4nf4jmygagfeu,cmsxik0vq19u6nf4jh3y2op6w
Empresa Errada,Tecto Data Centers,TECEO PLATAFORMA DIGITAL LTDA,https://tecto.gupy.io/,gupy,gupy,1,1,t,cmtvkcqyohlnkrs4jemgxf4ta,cmtvkcqyrhlnmrs4jq6ya47m5
ok,,TIMBRO TRADING,https://timbro.gupy.io/,gupy,gupy,1,1,t,cmsxcfoox00dknf4jat2zbn5i,cmsxcfop600dmnf4j1evh97zs
ok,,TRANSPORTES DELLA VOLPE,https://dellavolpe.gupy.io/,gupy,gupy,1,1,t,cmsxt5yof2aj0nf4jtzwmrqy2,cmsxt5yoq2aj2nf4j60a1r1bo
ok,,TRONOX PIGMENTOS DO BRASIL S.A.,https://tronoxbrasil.gupy.io/,gupy,gupy,1,1,t,cmpkcfska00jcoi4j06rtr9oh,cmpkcfskc00jeoi4jvq08sl84
ok,,Tecnoservicetecnologiaemservicosltda,https://tecnoservicetecnologiaemservicosltda.pandape.com.br/,pandape,pandape,1,1,t,cmu5j2ivj002cqwvksk64mz5r,cmu5j2j6z002eqwvkiscuhuby
ok,,TozziniFreire Advogados,https://tozzinifreire.gupy.io/,gupy,gupy,1,1,t,cmsqp3h0101zwo94j0ugeld15,cmsqp3h0701zyo94jumuy0dtv
Empresa Errada,Grupo Simões,UHE SAO SIMAO,https://gruposimoes.gupy.io/,gupy,gupy,1,1,t,cmsxijwpn19jgnf4jjgzyafkg,cmsxijwq219jinf4jo9kbnobj
Empresa Errada,Unifertil,UNICAFE,https://unifertil.gupy.io/,gupy,gupy,1,1,t,cmsxijxxl19mdnf4jst7mycd5,cmsxijxxz19mfnf4jxe6gk52d
ok,,UNILIDER,https://unilider.gupy.io/,gupy,gupy,1,1,t,cmsxt5xoo2ah6nf4jg4jcxidc,cmsxt5xoy2ah8nf4jtoa3sqyf
ok,,UNIMED PARTICIPACOES S.A,https://unimedpoa.gupy.io/,gupy,gupy,1,1,t,cmu2noybmayhmnx4j54hlxapx,cmu2noybsayhqnx4jdth8xxe1
ok,,UNIMED-RIO PARTICIPACOES E INVESTIMENTOS S/A,https://unimed-federacaorio.gupy.io/,gupy,gupy,1,1,t,cmu30xlz4001in14jz5c9mkvk,cmu30xlza001kn14jzg9md3f2
ok,,VERIFF BRAZIL LTDA,https://boards.greenhouse.io/veriff,greenhouse,greenhouse,1,1,t,cmtoe1bw8002zpf4j64sd8407,cmtoe1bwd0031pf4j7s6a6f3d
ok,,VERISURE BRASIL MONITORAMENTO DE ALARMES S.A,https://verisurebrasil.pandape.com.br/,pandape,pandape,1,1,t,cmu2noygyayhynx4jt3sb12k8,cmu2noyh8ayi0nx4jom3hoa15
ok,,VIRTUAL 360 TECNOLOGIA S A,https://paciente360.gupy.io/,gupy,gupy,1,1,t,cmtnbwmgikpd7rp4jhwn5yxfv,cmtnbwmgpkpd9rp4jubhkmuxl
Empresa Errada,Motor Group Brasil,VITORIA DIESEL,https://motorgroupbrasil.gupy.io/,gupy,gupy,1,1,t,cmsxt5wy92aeunf4jay5q3rpi,cmsxt5wyj2aewnf4j6l9lvpco
Empresa Errada,Tel Centro de Contatos,VOCALCOM CONSULTORIA E SOLUCOES DE CALL CENTER LTDA.,https://tel.gupy.io/,gupy,gupy,1,1,t,cmtnbwmackpcmrp4jd5rkj12b,cmtnbwmalkpcorp4jwt64difg
ok,,WEWORK SERVICOS DE ESCRITORIO LTDA.,https://wework.wd1.myworkdayjobs.com/WeWork,workday,workday,1,1,t,cmu2np4paaytknx4jo7cyt3og,cmu2np4phaytmnx4jjgijormd
Excluir Fonte,,WMA INVESTIMENTOS S/A,https://boards.greenhouse.io/bw,greenhouse,greenhouse,1,1,t,cmu19mlro600ho64jzrj19g51,cmu19mlrs600jo64j99kmtdzt
ok,,Warren,https://warren.inhire.app/vagas,inhire,inhire,1,1,t,cmsqp3hio0242o94jz1fpzbok,cmsqp3hiu0244o94jqpf3200i
ok,,RIACHUELO,https://riachuelo.gupy.io/,gupy,gupy,0,1014,t,cmpkcfsrv00ocoi4jl7r9b6dl,cmpkcfsrx00oeoi4j4f91h6d2
ok,,Twilio Brasil,https://boards.greenhouse.io/twilio,greenhouse,greenhouse,0,119,t,cmsqp3h2m020ko94jmcaewc1j,cmsqp3h2s020mo94jug2kl2x1
,,Inter,https://job-boards.greenhouse.io/inter/jobs/4673123005,greenhouse,greenhouse,0,65,t,cmsqp3dhq0182o94j1lyplc1n,cmsqp3dhw0184o94j9g0kt06b
,,Temporal Brasil,https://jobs.ashbyhq.com/temporal,ashby,ashby,0,50,t,cmsqp3guc01yqo94j5jf1qc5c,cmsqp3gui01yso94jgmjui2a1
,,iFood Tech,https://job-boards.greenhouse.io/ifoodcarreiras,greenhouse,greenhouse,0,35,t,cmsqp3hse0265o94j21wvzjey,cmsqp3hsl0267o94jhedic79a
,,1password,https://jobs.ashbyhq.com/1password,ashby,ashby,0,33,f,cmu5gecwa69l4le5f90muw831,cmu5gecwj69l6le5fbc36aksc
,,ELETRONORTE,https://venhasereletrobras.gupy.io/,gupy,gupy,0,31,f,cmsxcfkuu002bnf4jeb56rbh2,cmsxcfkv5002dnf4jzwlp8j25
,,Amcom Tecnologia,https://amcom.inhire.app/vagas,inhire,inhire,0,24,t,cmsqp38cq004zo94jtx0ok7v9,cmsqp38cw0051o94ja8h2yvxh
,,C6 Bank,https://job-boards.greenhouse.io/c6bank,greenhouse,greenhouse,0,21,t,cmsqp39fr00dqo94jzr2w4yn4,cmsqp39fy00dso94jkunphggq
,,C&A Brasil,https://cea.gupy.io/,gupy,gupy,0,18,f,cmsqp39ff00dno94j2ughg9xv,cmsqp39fl00dpo94jmnvfiugn
,,General Motors Brasil,https://generalmotors.wd5.myworkdayjobs.com/pt-BR/Careers_GM,workday,workday,0,15,t,cmsqp3chv010eo94j36i33isi,cmsqp3ci1010go94ji0uy8u0b
,,Xsolla,https://jobs.lever.co/xsolla,lever,lever,0,15,f,cmt67b1s50091lj4jf13l4w5e,cmt67b1sc0093lj4jht3rneio
,,Andurilindustries,https://boards.greenhouse.io/andurilindustries,greenhouse,greenhouse,0,14,f,cmt67kel000dglj4jf8rkufeu,cmt67kel600dilj4jhsqep3cs
,,EXPRESSO NEPOMUCENO,https://en.gupy.io/,gupy,gupy,0,13,t,cmsxik1jy19w1nf4j4hltn58m,cmsxik1k919w3nf4jlzs35meu
,,Doordashusa,https://boards.greenhouse.io/doordashusa,greenhouse,greenhouse,0,12,f,cmt67kdvl00bdlj4j8vef69pd,cmt67kdvt00bflj4j861nbj4i
,,ZAMP S.A.,https://zamp.gupy.io/,gupy,gupy,0,12,t,cmpkcfsuu00q9oi4jtqgkmpls,cmpkcfsux00qboi4jejcpkbvq
,,ALPEK POLYESTER,https://jobs.lever.co/aleph,lever,lever,0,11,f,cmsxcfpqa00gnnf4jbxtxoooc,cmsxcfpqj00gpnf4j1zgbyg18
,,Marcopolo,https://carreiramarcopolo.gupy.io/,gupy,gupy,0,10,t,cmsqp3efk01f7o94jn1s7194g,cmsqp3efq01f9o94j3pvh4yli
,,Banco PAN,https://job-boards.greenhouse.io/bancopan,greenhouse,greenhouse,0,9,t,cmsqp392a00aeo94j10pq1o0i,cmsqp392g00ago94jei56lhpv
,,Spotify Brasil,https://jobs.lever.co/spotify,lever,lever,0,8,t,cmswbmb1s0i97ob4jw80td7n5,cmswbmb1z0i99ob4jvqe85r2m
,,Radix,https://radix.inhire.app/vagas,inhire,inhire,0,7,t,cmsxl3xs61hlmnf4jldv49041,cmsxl3xxv1hlonf4jaa3gvpyk
,,SKYTEF SOLUCOES EM CAPTURA DE TRANSACOES LTDA,https://boards.greenhouse.io/getnet,greenhouse,greenhouse,0,7,f,cmt27m6n053g0o14jipn3japo,cmt27m6n753g2o14jpv9pkuya
,,FGM Dental Group,https://fgmdentalgroup.gupy.io/,gupy,gupy,0,6,t,cmsqp3bxg00w2o94jmq5zuliq,cmsqp3bxm00w4o94jb5wpko89
,,IN-HAUS INDUSTRIAL,https://inhaus.teamtailor.com/,teamtailor,teamtailor,0,6,t,cmsxik08o19sgnf4jw3429bjf,cmsxik08y19sinf4j3ax250p9
,,Muonspace,https://boards.greenhouse.io/muonspace,greenhouse,greenhouse,0,6,f,cmt67b1pn008vlj4jsyfth757,cmt67b1px008xlj4jagzq4leh
,,PUC CAMPINAS,https://pue.gupy.io/,gupy,gupy,0,6,t,cmsxt5vz12abunf4jbe7w9zjo,cmsxt5vz92abwnf4ja6xy7gk3
,,PUC RIO,https://pucrs.gupy.io/,gupy,gupy,0,6,t,cmsxt5ze82al9nf4jgnw8q5ul,cmsxt5zei2albnf4j0fok4w8q
,,SELBETTI,https://selpe.gupy.io/,gupy,gupy,0,6,t,cmt0g82gd6f9apd4j7wtjgqhe,cmt0g82gl6f9cpd4ju7au1irq
,,VERACEL,https://vemparaaveracel.gupy.io/,gupy,gupy,0,6,t,cmsxijwin19j1nf4jgfaep0hw,cmsxijwj619j3nf4joue8g2h4
,,ARROZ BREJEIRO,https://azos.inhire.app/,inhire,inhire,0,5,t,cmsxcfp9000fbnf4jplc7blhn,cmsxcfp9900fdnf4jgjrmtjdt
,,BATERIAS MOURA,https://grupomoura.gupy.io/,gupy,gupy,0,5,t,cmsxcfqfl00iqnf4jhpg6k8qe,cmsxcfqfv00isnf4j5af0bdt9
,,Idwall,https://idwall.inhire.app/vagas,inhire,inhire,0,5,t,cmsqp3ddr0178o94jop96z8vv,cmsqp3ddx017ao94j2qkn58m0
,,LOUIS DREYFUS BR,https://jobs.lever.co/brillio-2,lever,lever,0,5,f,cmsxcfkcw000qnf4jzm7apcao,cmsxcfkd5000snf4jq2ku26ux
,,Wpp,https://boards.greenhouse.io/wpp,greenhouse,greenhouse,0,5,f,cmt67kdho00aalj4j2jp9gbdq,cmt67kdhv00aclj4jgngs3bf0
,,Ambev Tech,https://ambevtech.gupy.io/,gupy,gupy,0,4,t,cmsqp38bs004qo94j34gockbc,cmsqp38bx004so94ji89gyf7y
,,Celcoin,https://celcoin.inhire.app/,inhire,inhire,0,4,t,cmswbm9bq0i3aob4jzl66gr7z,cmswbm9c10i3cob4jfc514wuz
,,Cimentonacional,https://cimentonacional.gupy.io/,gupy,gupy,0,4,t,cmu5j2wdy002uqwvkuho68rfu,cmu5j2wpb002wqwvk4pk6j9ih
,,FIBERX,https://fiberhome.inhire.app/,inhire,inhire,0,4,t,cmt0kx2xc007lsw4j8hzssf1w,cmt0kx2xk007nsw4ju9tkdgbb
,,Ioasys,https://ioasys.gupy.io/,gupy,gupy,0,4,t,cmu5j0sz20003qwvkucgnb1yj,cmu5j0tae0005qwvkbqa6uucj
,,Irssl,https://irssl.gupy.io/,gupy,gupy,0,4,t,cmu5j5atl005zqwvkv6sskm4d,cmu5j5b530061qwvkk1i0fyzz
,,LOJAS KOERICH,https://lojaskoerich.gupy.io/,gupy,gupy,0,4,t,cmsxt5y6o2ahlnf4jix15pdt6,cmsxt5y6x2ahnnf4jgvxv0290
,,Magazine Luiza Tech,https://magazineluiza.inhire.app/vagas,inhire,inhire,0,4,t,cmsqp3ee901evo94jxt551m50,cmsqp3eeg01exo94jta77axdf
,,PECCIN,https://boards.greenhouse.io/curaleaf,greenhouse,greenhouse,0,4,f,cmsxt5zm12alxnf4jnu36vq99,cmsxt5zme2alznf4jnq3uc12f
,,3M Brasil (Workday),https://3m.wd1.myworkdayjobs.com/Search,workday,workday,0,3,t,cmsqp37sk000to94jnoa3eb7q,cmsqp37st000vo94j25ef6arf
,,Ada18,https://boards.greenhouse.io/ada18,greenhouse,greenhouse,0,3,f,cmt67ke4900bylj4jfbs0v4gs,cmt67ke4g00c0lj4jf10c44ij
,,Adyen Brasil,https://boards.greenhouse.io/adyen,greenhouse,greenhouse,0,3,t,cmswbm99i0i34ob4jv8a3q59e,cmswbm99q0i36ob4jo2kkye7v
,,Anthropic,https://job-boards.greenhouse.io/anthropic,greenhouse,greenhouse,0,3,f,cmsqp38f3005ko94jpbjwxlpl,cmsqp38f8005mo94jvvbmmzcb
,,Armac,https://armac.gupy.io/,gupy,gupy,0,3,t,cmsqp38ic006eo94jk32b2aqc,cmsqp38ii006go94jfw608hmm
,,BBC PROCESSADORA S.A.,https://vemprabcc.gupy.io/,gupy,gupy,0,3,t,cmt27m6oi53g3o14jr0hmnzhr,cmt27m6oq53g5o14jtvjkhnms
,,Boavista Tecnologia,https://boavista.gupy.io/,gupy,gupy,0,3,t,cmsqp397x00bqo94js84f2a8g,cmsqp398200bso94jkbpa88m8
,,CINPAL,https://cinpal.gupy.io/,gupy,gupy,0,3,t,cmsxt5xjo2agrnf4jm5lqxrjc,cmsxt5xk42agtnf4jwe0tg36u
,,COMPANHIA DE PROCESSAMENTO DE DADOS DO ESTADO DA BAHIA,https://tecnologiagrupocasasbahia.gupy.io/,gupy,gupy,0,3,t,cmtmvnz48kef8rp4jw5pa6by9,cmtmvnz4hkefarp4j9yi9c9tk
,,Coca-Cola Andina Brasil,https://koandina.gupy.io/,gupy,gupy,0,3,t,cmsqp3adl00kho94j1z9e0av1,cmsqp3adr00kjo94jvnnni4tn
,,Constructor,https://jobs.ashbyhq.com/constructor,ashby,ashby,0,3,f,cmu5gecl869khle5fyf8609vy,cmu5gecli69kjle5fj4ydvwep
,,Counterpart,https://boards.greenhouse.io/counterpart,greenhouse,greenhouse,0,3,f,cmt67kelx00djlj4jq35e9hd6,cmt67kem300dllj4jpopoaji8
,,EQI Investimentos,https://eqi.inhire.app/vagas,inhire,inhire,0,3,t,cmsqp3bet00s2o94j2khwyb4p,cmsqp3bey00s4o94jet3ls30i
,,Estácio,https://vempraestacio.gupy.io/jobs,gupy,gupy,0,3,t,cmsqp3bto00veo94jvxpbyaxe,cmsqp3bty00vgo94jweiym2xg
,,Evoluservices,https://evoluservices.gupy.io/,gupy,gupy,0,3,t,cmu5j29ud0020qwvk6pyaju3x,cmu5j2a5s0022qwvkht915nk1
,,FF TECH E PARTICIPACOES LTDA,https://fey.gupy.io/,gupy,gupy,0,3,t,cmt27m5mh53d0o14jsaqrksmn,cmt27m5mp53d2o14j7x3ovxjd
,,Geração Cyrela,https://geracaocyrela.gupy.io/,gupy,gupy,0,3,t,cmsqp3civ010no94jt3xnm17j,cmsqp3cj9010po94jhf8unq50
,,Hotmart,https://job-boards.greenhouse.io/hotmartcareersbr,greenhouse,greenhouse,0,3,t,cmsqp3d6c0165o94jo7t3g00n,cmsqp3d6j0167o94jbce75tqj
,,IMEDIATO,https://imediatonexway.gupy.io/,gupy,gupy,0,3,t,cmsxkv8gr1gp5nf4jkopii3t4,cmsxkv8gz1gp7nf4j67g260aw
,,Intelipost Logística,https://intelipost.gupy.io/,gupy,gupy,0,3,t,cmsqp3dhf017zo94jj4s6rmry,cmsqp3dhk0181o94jpbhejmmd
,,J. MENDONCA AGROPECUARIA S.A,https://estagiosauroracoop.gupy.io/,gupy,gupy,0,3,t,cmu2nozywaylbnx4jjlttgsij,cmu2nozz2ayldnx4j4y00mdu6
,,Lefosse Advogados,https://lefosse.gupy.io/,gupy,gupy,0,3,t,cmsqp3dzt01c1o94jfr32l1m9,cmsqp3dzz01c3o94j9u63z0co
,,MV SISTEMAS SP LTDA,https://vivodigital.gupy.io/,gupy,gupy,0,3,f,cmt2s7bi260eto14j0grgt82n,cmt2s7bib60evo14ju6fvin9n
,,Olist,https://olist.inhire.app/vagas,inhire,inhire,0,3,t,cmsqp3f4401l0o94jccvecjpw,cmsqp3f4a01l2o94jtglsvjri
,,PLATAFORMA TRINUS LTDA.,https://trinnus.inhire.app/,inhire,inhire,0,3,t,cmt2s7ayd60d5o14j0l71eknp,cmt2s7ayk60d7o14jipemuxrn
,,SAO PAULO FC,https://esporteclubepinheiros.gupy.io/,gupy,gupy,0,3,t,cmsxt5zn12am0nf4j80va9elz,cmsxt5znd2am2nf4juguqdupz
,,SUSTENTARE,https://sustentaresaneamento.pandape.com.br/,pandape,pandape,0,3,t,cmt0g80x56f6gpd4j4bvkqrpp,cmt0g80xp6f6ipd4jubvyrnig
,,Senai SP,https://senaigo.gupy.io/,gupy,gupy,0,3,t,cmswbmasl0i84ob4jhxukdptw,cmswbmass0i86ob4j6x274v77
,,Shoulder,https://shoulder.gupy.io/,gupy,gupy,0,3,t,cmsxis4en1atdnf4jt5s68xue,cmsxis4lh1atfnf4jw2i9qmg4
,,TEMPO ASSIST,https://tempo.gupy.io/,gupy,gupy,0,3,t,cmsxt5ymi2aiunf4jrnx8565l,cmsxt5ymr2aiwnf4j768g0zdf
,,UNIMED SEGURADORA S/A,https://unimedsulcapixaba.gupy.io/,gupy,gupy,0,3,t,cmu1qzdli007jnx4j98yi0cny,cmu1qzdlp007lnx4jw454jrt8
,,"""PRATI",https://pratidonaduzzi.gupy.io/,gupy,gupy,0,2,t,cmsxijwu219jsnf4jq8r0kb2i,cmsxijwug19junf4jfa9xrbwx
,,"""WEHANDLE CONSULTORIA EM INOVACAO",https://wehandle.inhire.app/,inhire,inhire,0,2,t,cmtvkcr39hlo5rs4jegu27171,cmtvkcr3chlo7rs4jp4nkblb8
,,ALE COMBUSTIVEIS,https://oportunidadesale.gupy.io/,gupy,gupy,0,2,t,cmsxcfkp2001tnf4jlykyjbzp,cmsxcfkpb001vnf4jat3j9zml
,,ATMOSPHERE TECH PARTICIPACOES LTDA,https://alltechdobrasil.gupy.io/,gupy,gupy,0,2,t,cmtnbwm7dkpcarp4jb4yf5rrq,cmtnbwm7jkpccrp4joq2bn4yd
,,Abbott Brasil,https://abbott.wd5.myworkdayjobs.com/abbottcareers,workday,workday,0,2,t,cmsqp380m0022o94jeun990ts,cmsqp380u0024o94jo46thvg4
,,Arco Educação,https://job-boards.greenhouse.io/arcoeducacao,greenhouse,greenhouse,0,2,t,cmsqp38gm005zo94j39jnswel,cmsqp38gr0061o94j3v572gk2
,,Avla Brasil,https://avla.gupy.io/,gupy,gupy,0,2,t,cmsqp38p20085o94jal61gq5q,cmsqp38p80087o94j2o31g9gd
,,Axon,https://boards.greenhouse.io/axon,greenhouse,greenhouse,0,2,f,cmu5gecmm69kkle5fg2mzvvdc,cmu5gecmw69kmle5fai6h57zh
,,BEEP SOLUCOES EM SAUDE S.A.,https://beepsaude.gupy.io/,gupy,gupy,0,2,t,cmt27m5yt53e0o14jctyguy01,cmt27m5z053e2o14jf5cibhve
,,BTG PACTUAL COMMODITIES SERTRADING S.A.,https://boards.greenhouse.io/sertradingsa,greenhouse,greenhouse,0,2,t,cmu2noz6qayjqnx4j81p6dp9i,cmu2noz6wayjsnx4jzmm7vgh5
,,Belvo,https://jobs.ashbyhq.com/belvo,ashby,ashby,0,2,t,cmswbm9cq0i3dob4jh57fz0ud,cmswbm9cz0i3fob4j5g104vfo
,,CELSE,https://jobs.lever.co/palantir,lever,lever,0,2,f,cmsxcfqtd00jznf4jmspunzw9,cmsxcfqtn00k1nf4j7gwzjyk6
,,CIA BRASILEIRA DE DISTRIBUIÇÃO,https://corporacaogpa.gupy.io/,gupy,gupy,0,2,t,cmpkcfsq400n6oi4jmsdy0mbg,cmpkcfsq700n8oi4jwigr9woc
,,CVC / Grupo CVC,https://cvccorp.gupy.io/jobs,gupy,gupy,0,2,t,cmsqp39rf00fto94jerqiwsgm,cmsqp39rm00fvo94jrakrlrly
,,Casar.com,https://casarcom.gupy.io/,gupy,gupy,0,2,t,cmsqp3a2200hko94jn6azj6hw,cmsqp3a2900hmo94j89hb9kk8
,,Craft Multimodal,https://craft.gupy.io/,gupy,gupy,0,2,t,cmsqp3aua00o5o94jufw84de6,cmsqp3auf00o7o94jgzczm3rd
,,ENGIE,https://engiebrasilenergia.gupy.io/,gupy,gupy,0,2,t,cmsxcfn30008qnf4jx0j7z2rn,cmsxcfn3a008snf4jbqbw199n
,,ENTREVIAS,https://vempraentrevias.gupy.io/,gupy,gupy,0,2,t,cmsxt5w4c2ac9nf4jxom7977m,cmsxt5w4m2acbnf4jicmy857e
,,Examplecorpsandbox,https://boards.greenhouse.io/examplecorpsandbox,greenhouse,greenhouse,0,2,f,cmt67kdxc00bglj4jjfn7wbkp,cmt67kdxk00bilj4jft0pksro
,,FORESEA,https://foresea.gupy.io/,gupy,gupy,0,2,t,cmsxijzut19rjnf4j91g3m9t5,cmsxijzv219rlnf4js8eanppz
,,FORTALEZA PARTICIPACOES S.A.,https://unimedfortaleza.gupy.io/,gupy,gupy,0,2,t,cmu1qzder006ynx4ja7e6rtae,cmu1qzdey0070nx4jf30gok96
,,FORTLEV INDUSTRIA E COMERCIO DE PLASTICOS LTDA,https://fortlev.gupy.io/,gupy,gupy,0,2,t,cmu2np2tjayqwnx4jwgj0vugn,cmu2np2toayqynx4jrst1amc4
,,FUNDASP,https://fundasp.gupy.io/,gupy,gupy,0,2,t,cmt0g80176f4jpd4j6lg9macm,cmt0g801i6f4lpd4jbqghl4g7
,,Gelita,https://gelita.gupy.io/,gupy,gupy,0,2,t,cmsqp3chk010bo94jmq9w6g1b,cmsqp3chp010do94jh4mg4i11
,,Habibs,https://grupohabibs.pandape.infojobs.com.br/,pandape,pandape,0,2,t,cmsqp3d0i014qo94jeddbheed,cmsqp3d0o014so94jen5kaho4
,,KAIROS CAPITAL E HOLDING DE INVESTIMENTOS INTERNACIONAIS S.A.,https://kairosrh.pandape.com.br/,pandape,pandape,0,2,t,cmu2noyvrayiunx4jsm94ahpd,cmu2noyvxayiwnx4jdf2lmws5
,,KEYRUS BRASIL SERVICOS DE INFORMATICA LTDA.,https://keyrus.teamtailor.com/,teamtailor,teamtailor,0,2,t,cmtmvnymzkedzrp4j7nuv20f0,cmtmvnyn7kee1rp4jk40rjhko
,,Lumosfiber,https://boards.greenhouse.io/lumosfiber,greenhouse,greenhouse,0,2,f,cmt67kdsv00b4lj4jbsg6ksmb,cmt67kdt200b6lj4jz38zcllz
,,Méliuz,https://meliuz.gupy.io/,gupy,gupy,0,2,t,cmsqp3erb01i7o94jo87jlq3a,cmsqp3erh01i9o94jl736t8xu
,,NITRO QUIMICA,https://nitro.gupy.io/,gupy,gupy,0,2,t,cmsxijxan19l1nf4jucugeztf,cmsxijxb019l3nf4jtkahlay5
,,NOVO MUNDO,https://rastsvmvg.gupy.io/,gupy,gupy,0,2,t,cmsxt5zvh2amrnf4jjr5ay1hs,cmsxt5zvt2amtnf4jl0ycu7iw
,,PNEUSTORE,https://cantustore.gupy.io/,gupy,gupy,0,2,t,cmsxcfqzf00khnf4j570hh7hv,cmsxcfqzo00kjnf4jrhjez6pw
,,PRO INFUSION,https://boards.greenhouse.io/prospectus,greenhouse,greenhouse,0,2,t,cmt0g82pu6f9ypd4jnrlrn9jk,cmt0g82q56fa0pd4jjbic5dp9
,,ROCHEDO LTDA,https://rocontec.gupy.io/,gupy,gupy,0,2,t,cmtxdovbr0wqklk4jqh9nn8ed,cmtxdovc20wqmlk4jyvd9d6xp
,,Remotewoman,https://boards.greenhouse.io/remotewoman,greenhouse,greenhouse,0,2,f,cmtoe626i009fpf4jp7xp3qto,cmtoe6274009hpf4j1cax1xcf
,,SPE LIDER TELECOM ADMINISTRACAO DE RECUPERAVEIS S.A,https://jsl.pandape.com.br/,pandape,pandape,0,2,f,cmu2noy66ayh7nx4jlfmxfvnr,cmu2noy6bayh9nx4j0fgehhqd
,,SUPER ABC,https://boards.greenhouse.io/super,greenhouse,greenhouse,0,2,t,cmsxcfon400denf4jt41hbdu1,cmsxcfone00dgnf4j6dcpb9yd
,,Santa Casa BH,https://santacasabh.gupy.io/,gupy,gupy,0,2,t,cmsqp3g4r01szo94jtq6iffyn,cmsqp3g4w01t1o94jtygboq2d
,,Sigmacomputing,https://boards.greenhouse.io/sigmacomputing,greenhouse,greenhouse,0,2,f,cmt67kf1r00eylj4j5acmndrx,cmt67kf1z00f0lj4j8rfl7246
,,Stix Fidelidade,https://stix.gupy.io/jobs,gupy,gupy,0,2,t,cmsqp3gjj01wno94jo9cbpy6w,cmsqp3gjo01wpo94j14rfnorj
,,TOTAL EXPRESS,https://totalexpress.gupy.io/,gupy,gupy,0,2,t,cmsxijxgq19lgnf4j2ce488xh,cmsxijxh019linf4jw5iqzlye
,,Take Blip,https://job-boards.greenhouse.io/blip-global,greenhouse,greenhouse,0,2,t,cmsqp3gsa01y8o94jjt1nb9cq,cmsqp3gsg01yao94jsiqr0w3q
,,Together AI,https://job-boards.greenhouse.io/togetherai,greenhouse,greenhouse,0,2,t,cmsqp3gxy01zho94j9qll1mde,cmsqp3gy401zjo94jbur02hny
,,ULTRACARGO LOGISTICA,https://ultracargo.gupy.io/,gupy,gupy,0,2,t,cmsxkva8q1gtznf4jb8g881z9,cmsxkva931gu1nf4jwl89kz0p
,,UNIAO QUIMICA,https://brainfarma.gupy.io/,gupy,gupy,0,2,t,cmsxcfo5y00bznf4j7a8vw9cb,cmsxcfo6700c1nf4jwam9rfia
,,VIDMOB BRASIL DESENVOLVIMENTO DE SOFTWARES LTDA.,https://jobs.ashbyhq.com/Vidmob,ashby,ashby,0,2,t,cmt2s7awp60czo14jp1thp60h,cmt2s7awx60d1o14j7wz2f02z
,,VIRTUAL PEOPLE INFORMATICA S. A.,https://voxtecnologia.gupy.io/,gupy,gupy,0,2,t,cmt27m6tz53glo14jezr572y7,cmt27m6u553gno14jhuimvfkp
,,"""INOVACAO",https://peers.inhire.app/,inhire,inhire,0,1,t,cmt2s7bon60fbo14j8cezrkuy,cmt2s7boz60fdo14jzvh5m36r
,,ABILITY TECNOLOGIA,https://abilitytecnologia.pandape.com.br/,pandape,pandape,0,1,t,cmt0g7z6t6f2mpd4jqgub0qty,cmt0g7z756f2opd4jarcihh8r
,,ACO ALTONA,https://vagasaltona.gupy.io/,gupy,gupy,0,1,t,cmt0g825l6f8jpd4jjofm9jcg,cmt0g825u6f8lpd4jq3a9q1b1
,,AERIS ENERGY,https://aeris.gupy.io/,gupy,gupy,0,1,t,cmsxcfpmr00gbnf4jgj5k52ar,cmsxcfpn000gdnf4j6qvpulcq
,,AGRICOLA ALVORADA,https://vemseralvorada.gupy.io/,gupy,gupy,0,1,t,cmsxcflc6003nnf4jfkhoj8ve,cmsxcflci003pnf4jvsfv9o8v
,,AGROSMART S.A.,https://carreirasagroserra.gupy.io/,gupy,gupy,0,1,t,cmtnbwlnpkpaarp4jmbydnkkl,cmtnbwlnvkpacrp4jnwwj44yl
,,ALMAWAVE DO BRASIL INFORMATICA LTDA,https://labwarebrasil.inhire.app/,inhire,inhire,0,1,t,cmtnbwlyhkpbdrp4jap053hgv,cmtnbwlyokpbfrp4joh5ii2cs
,,AMBIENTAL SC,https://ambiental.pandape.com.br/,pandape,pandape,0,1,t,cmt0g7zz36f4dpd4jj0nfd6br,cmt0g7zze6f4fpd4j1yhhv8kh
,,ARAUCO CELULOSE DO BRASIL S.A.,https://ldcelulose.gupy.io/,gupy,gupy,0,1,t,cmtxdov0q0wq2lk4jh8ioyatx,cmtxdov0v0wq4lk4jzacgd3jt
,,Ambar Tech,https://ambartech.gupy.io/,gupy,gupy,0,1,t,cmsqp38ag004eo94j7k7p3v3v,cmsqp38al004go94jjqgs7vv0
,,Aprova,https://aprovadigital.gupy.io/,gupy,gupy,0,1,t,cmsqp38fe005no94j9wj5yfca,cmsqp38fk005po94jd72oahw3
,,Astral Pães e Massas,https://astralpaes.gupy.io/,gupy,gupy,0,1,t,cmsqp38l60075o94jsbnv4k8f,cmsqp38ld0077o94j6tnl02lm
,,Aviator,https://aviator.gupy.io/,gupy,gupy,0,1,t,cmsqp38of007zo94j7kk4yr64,cmsqp38ok0081o94j9yjq8t24
,,B GROB,https://carreiragrob.gupy.io/,gupy,gupy,0,1,t,cmsxt60a72anxnf4j5a6wkasy,cmsxt60ai2anznf4jigcedty0
,,BACIO DI LATTE,https://baciodilatte.pandape.com.br/,pandape,pandape,0,1,t,cmt0g82l16f9mpd4j1v7rzwz9,cmt0g82l96f9opd4jhwu1esze
,,Bhairport,https://bh-airport.gupy.io/,gupy,gupy,0,1,t,cmu5j190f000oqwvkc19r5wk7,cmu5j19eh000qqwvknbgajw3e
,,CAGECE,https://aegeatalentos.gupy.io/,gupy,gupy,0,1,t,cmsxcfph000fznf4j443hcj8f,cmsxcfpha00g1nf4j49irs8nn
,,CANOPY SOLUS SOFTWARE LTDA,https://boards.greenhouse.io/canopytax,greenhouse,greenhouse,0,1,t,cmt2s7avr60cwo14jnkmv23e9,cmt2s7aw060cyo14jgrcy5f9y
,,CASAS PERNAMBUCANAS,https://lojasgrupocasasbahia.gupy.io/,gupy,gupy,0,1,t,cmsxcfo1z00bnnf4j5jtqijmh,cmsxcfo2900bpnf4jrh2m9syp
,,CEDRO TEXTIL,https://vemsercedro.gupy.io/,gupy,gupy,0,1,t,cmsxkv9ei1grtnf4jc5ighcko,cmsxkv9et1grvnf4jt3e0y53x
,,CELK SISTEMAS S.A.,https://celksistemas.gupy.io/,gupy,gupy,0,1,t,cmtoe1cgt004zpf4j51cm7j0h,cmtoe1ch50051pf4j1oq2d6f9
,,CENTRO PAULISTA DE ONCOLOGIA S.A.,https://saocarlossaudeoncologica.gupy.io/,gupy,gupy,0,1,t,cmu2np2aiaypknx4jb8h19liv,cmu2np2anaypmnx4jpwf6janl
,,CEPEL,https://cepel.gupy.io/,gupy,gupy,0,1,t,cmsqp39kp00eko94jsxgbj4mq,cmsqp39kv00emo94jocem4iw3
,,CIEE,https://ciee.gupy.io/,gupy,gupy,0,1,t,cmsqp39mf00ewo94j3l5yivdz,cmsqp39mm00eyo94j4gje9768
,,CIMENTO ELIZABETH,https://supremosecilcimentos.gupy.io/,gupy,gupy,0,1,t,cmt0kx4dl00bisw4j5aovvlyp,cmt0kx4dt00bksw4jqc3zi6b4
,,CIPHER S.A.,https://boards.greenhouse.io/cipherhealth,greenhouse,greenhouse,0,1,t,cmtoe1cby004hpf4jbvyf2p12,cmtoe1cc4004jpf4jwkqvca2t
,,CMMM Sociedade de Advogados,https://cmmm.gupy.io/,gupy,gupy,0,1,t,cmsqp39nu00f5o94jyoqtfcha,cmsqp39o000f7o94j4pdkr999
,,CNN Brasil,https://cnnbrasil.gupy.io/,gupy,gupy,0,1,t,cmsqp39oi00fbo94jyyg1bf4f,cmsqp39on00fdo94jr6ohdj2t
,,CONC ECOVIAS CERRADO,https://ecoviasdocerrado.gupy.io/,gupy,gupy,0,1,t,cmt0kx47j00b3sw4jnb8317lj,cmt0kx47s00b5sw4japmt1ka9
,,Carbel Auto Group,https://grupocarbel.gupy.io/,gupy,gupy,0,1,t,cmsqp39zk00gzo94j52f4a2us,cmsqp39zp00h1o94jucavdjip
,,Clínica Florence,https://clinicaflorence.gupy.io/,gupy,gupy,0,1,t,cmsqp3ack00k8o94jexysjz90,cmsqp3acq00kao94jr3m9c0bh
,,Code n' App,https://codenapp.gupy.io/,gupy,gupy,0,1,t,cmsqp3aev00kto94ji1uwicxg,cmsqp3af100kvo94jfj4xu32o
,,Colliers,https://colliers.gupy.io/,gupy,gupy,0,1,t,cmsqp3ai200leo94j2gxmk69r,cmsqp3aid00lgo94jlgaoextl
,,Conac,https://conac.gupy.io/,gupy,gupy,0,1,t,cmsqp3ajm00lqo94jlpndlgs0,cmsqp3ajr00lso94jftbzq7dh
,,Conquer Business School,https://conquer.gupy.io/,gupy,gupy,0,1,t,cmsqp3alh00m8o94joncjtzus,cmsqp3alq00mao94jnlgnzzh6
,,Cootravale,https://cootravale.gupy.io/,gupy,gupy,0,1,t,cmsqp3anx00mto94ji3efq4c1,cmsqp3ao300mvo94jg50e2524
,,DASA - Distribuidora Automotiva S/A,https://adtsa.gupy.io/,gupy,gupy,0,1,t,cmsxcfq5l00hwnf4jbii8n04c,cmsxcfq5y00hynf4jv76sgdw5
,,Despegar,https://jobs.lever.co/despegar,lever,lever,0,1,f,cmt67kddl00a4lj4j2skeuh45,cmt67kddw00a6lj4jmqu2bosb
,,Diageo Brasil (Workday),https://diageo.wd3.myworkdayjobs.com/Diageo_Careers,workday,workday,0,1,t,cmsqp3b7o00qto94ju2t620wx,cmsqp3b7u00qvo94j34ll79y3
,,Diálogo Engenharia,https://dialogo.gupy.io/,gupy,gupy,0,1,t,cmsqp3b8p00r2o94jxqpz101a,cmsqp3b8v00r4o94jg7anvm6e
,,ELCANO,https://elanco.wd5.myworkdayjobs.com/External_Career,workday,workday,0,1,t,cmsxcfnc5009hnf4jrm63hmdj,cmsxcfnce009jnf4jqfrtmrz7
,,EPASA,https://saudepasa.gupy.io/,gupy,gupy,0,1,t,cmt0nvmxf0c2rsw4jho8i984z,cmt0nvmxo0c2tsw4jvgfutdwk
,,EVEN CONSTRUTORA E INCORPORADORA,https://sejaeven.gupy.io/,gupy,gupy,0,1,t,cmpkcfslv00kfoi4jofnctv7m,cmpkcfsly00khoi4jn2jmuwjn
,,Energisa,https://grupoenergisa.gupy.io/jobs,gupy,gupy,0,1,t,cmsqp3bp900ubo94jkuuhipfi,cmsqp3bpf00udo94jig9d1ra6
,,Equinor Brasil,https://equinor.wd3.myworkdayjobs.com/pt-BR/EQNR,workday,workday,0,1,t,cmswbmax70i8pob4jkz7o7o5v,cmswbmaxg0i8rob4jmaejs2nn
,,FIDI,https://fidi.gupy.io/,gupy,gupy,0,1,t,cmsqp3bxr00w5o94jmkjidppo,cmsqp3bxx00w7o94julcv5te1
,,FOCUS FUTURA HOLDING PARTICIPACOES S.A.,https://boards.greenhouse.io/focusfinancialpartners,greenhouse,greenhouse,0,1,t,cmu1qzbio002gnx4jb5ijm8gm,cmu1qzbiv002inx4jerlfq6gq
,,GBOEX,https://gboex.gupy.io/,gupy,gupy,0,1,t,cmsqp3cb300zbo94j9r3cg81a,cmsqp3cb800zdo94j2rzhu96q
,,GENERAL MILLS BRASIL ALIMENTOS LTDA.,https://genmills.wd1.myworkdayjobs.com/GMI_External_Careers,workday,workday,0,1,t,cmu19mlfy5zzho64jvihwtn10,cmu19mlg25zzjo64jvj4g60kp
,,GMI Distribuidora,https://gmidistribuidora.gupy.io/,gupy,gupy,0,1,t,cmsqp3ccl00zqo94jtm3he7il,cmsqp3ccr00zso94ji4b0770j
,,GRANSERVICES,https://vemsergran.gupy.io/,gupy,gupy,0,1,t,cmsxt5z8k2akrnf4j42ou3fqj,cmsxt5z8u2aktnf4jcd3kac8i
,,Grupoep,https://grupoep.gupy.io/,gupy,gupy,0,1,t,cmu5j442l004fqwvkw3ob656l,cmu5j44dz004hqwvklemcy48i
,,HIGHLINE DO BRASIL II INFRAESTRUTURA DE TELECOMUNICACOES S.A.,https://highline.gupy.io/,gupy,gupy,0,1,t,cmu1qzd1m0061nx4js5snq9z1,cmu1qzd1u0063nx4jsvcx4cdh
,,HOSPITAL N. S. DA CON.,https://hospitalsaolucas.gupy.io/,gupy,gupy,0,1,t,cmsxijwye19k4nf4jurwdur32,cmsxijwyp19k6nf4jk052h5wx
,,HOSPITAL VERA CRUZ (CAMP),https://veracruzhospital.gupy.io/,gupy,gupy,0,1,t,cmsxt5zqs2amcnf4jkm1f63lw,cmsxt5zr22amenf4jv9e1xiy6
,,INFORMATICA DE MUNICIPIOS ASSOCIADOS S/A,https://sanchezadv.gupy.io/,gupy,gupy,0,1,t,cmtmvnz2nkef2rp4jfknbq1cl,cmtmvnz2vkef4rp4jm23ahohx
,,INFRAMERICA,https://aeroportobsb.gupy.io/,gupy,gupy,0,1,t,cmt0g81pk6f81pd4jxcgupbzl,cmt0g81q16f83pd4jglj8dese
,,Isaac,https://boards.greenhouse.io/isaac,greenhouse,greenhouse,0,1,f,cmt67kf4l00f7lj4jb1qnumg9,cmt67kf4t00f9lj4j2qe8gwfh
,,KFC Brasil,https://kfc.gupy.io/,gupy,gupy,0,1,t,cmsqp3dqn019zo94jl2ajtnvw,cmsqp3dqz01a1o94jvi3y3kq3
,,LEVEROS,https://leveros.gupy.io/,gupy,gupy,0,1,t,cmsxt5w9v2acrnf4jjiqdgnbr,cmsxt5wa32actnf4jbfti8cn8
,,LINKED STORE BRASIL HOSPEDAGEM DE SITES E DESENVOLVIMENTO DE SOFTWARES LTDA.,https://softex.gupy.io/,gupy,gupy,0,1,t,cmt27m6eq53f9o14jh0fswm8p,cmt27m6ey53fbo14jozscthg9
,,LOJA INTEGRADA TECNOLOGIA PARA SOFTWARES S.A.,https://hayamax.gupy.io/,gupy,gupy,0,1,t,cmt2s7byo60fwo14jsouazh7l,cmt2s7byx60fyo14j62jx5oqr
,,Lsahr,https://jobs.lever.co/lsa-hr,lever,lever,0,1,f,cmt67b22u009slj4jcj9ow72e,cmt67b232009ulj4jqo70e6ql
,,Luminai,https://jobs.ashbyhq.com/luminai,ashby,ashby,0,1,f,cmt67ker200e1lj4jgcldpdx9,cmt67ker900e3lj4j5y0r4wba
,,M. Dias Branco,https://mdiasbranco.gupy.io/,gupy,gupy,0,1,t,cmsqp3e8a01e7o94jaccqh3y3,cmsqp3e8h01e9o94j0zsxm2qf
,,MATRIX ENERGIA,https://matrixenergia.gupy.io/,gupy,gupy,0,1,t,cmsxcfqpm00jnnf4j3imxfq6h,cmsxcfqpw00jpnf4jrtrb4ssu
,,MEDHELP SERVICOS ADMINISTRATIVOS E TECNOLOGIA S.A.,https://medmais.gupy.io/,gupy,gupy,0,1,t,cmtnbwn9pkpfsrp4jcga8kum3,cmtnbwn9vkpfurp4judifv12n
,,MINUANO,https://minuano.gupy.io/,gupy,gupy,0,1,t,cmt0nvm7m0c10sw4j5bixbgge,cmt0nvm7u0c12sw4jits9a4mk
,,MITSUBISHI CO,https://boards.greenhouse.io/mitsubishimotorsna,greenhouse,greenhouse,0,1,t,cmt0g80tf6f6apd4j85u10idt,cmt0g80tr6f6cpd4jdr60ipn5
,,MOTTA AGROPECUARIA LTDA,https://agrojem.gupy.io/,gupy,gupy,0,1,t,cmu30xm2w001rn14jejjsme9w,cmu30xm31001tn14jr04nsrz4
,,Mercos,https://mercos.gupy.io/,gupy,gupy,0,1,t,cmswbm9pj0i4job4jmh5ia05w,cmswbm9pt0i4lob4jy1c0p7bl
,,Mrbeastyoutube,https://boards.greenhouse.io/mrbeastyoutube,greenhouse,greenhouse,0,1,f,cmt67b1zv009jlj4jll8r5040,cmt67b203009llj4jlie2wa20
,,NORSKAN,https://rekryteringsgruppen.teamtailor.com/,teamtailor,teamtailor,0,1,t,cmsxik0wh19u7nf4jdq6tjjma,cmsxik0wr19u9nf4jwnnprodp
,,Nutrien Brasil,https://vagasnutrien.gupy.io/,gupy,gupy,0,1,t,cmsqp3f0601k9o94jkogo7boy,cmsqp3f0c01kbo94jmdzxr59s
,,OCYAN,https://ocyan.gupy.io/,gupy,gupy,0,1,t,cmsxkv9sv1gstnf4jbr4ghbow,cmsxkv9t41gsvnf4jcqurd1t7
,,OURO FINO SAÚDE ANIMAL,https://ourofino.gupy.io/,gupy,gupy,0,1,t,cmpkcfspn00muoi4jofr2plp1,cmpkcfspp00mwoi4jby08hp9o
,,Obramax,https://obramax.teamtailor.com/jobs,teamtailor,teamtailor,0,1,t,cmsqp3f3801kro94jfnl8mwxi,cmsqp3f3d01kto94jlr7wsod8
,,Origem Energia,https://origemenergia.gupy.io/,gupy,gupy,0,1,t,cmsqp3f7g01lro94jnw9wyysd,cmsqp3f7m01lto94j668p9b5p
,,PIRELLI COMERCIAL DE PNEUS BRASIL LTDA.,https://romapneus.pandape.com.br/,pandape,pandape,0,1,t,cmu1qzd7z006mnx4j08tgyvcv,cmu1qzd87006onx4j55t0pxtu
,,PIXEON MEDICAL SYSTEMS COMERCIO E DESENVOLVIMENTO DE SOFTWARE LTDA.,https://vemprapixeon.gupy.io/,gupy,gupy,0,1,t,cmt27m7xq53juo14j74q95vct,cmt27m7xx53jwo14j8ejkfidv
,,PLAENGE PARTICIPACOES S/A,https://grupoplaenge.gupy.io/,gupy,gupy,0,1,t,cmu2nouqoayadnx4jperjeaff,cmu2nouqvayafnx4jkp46y00o
,,POWERDATA2 TECNOLOGIA ANALITICA LTDA,https://andrademaia.inhire.app/,inhire,inhire,0,1,t,cmtvkcr4jhloers4jnszf07v5,cmtvkcr4mhlogrs4juqnor178
,,PROLEC GE BRASIL,https://rhpropeg.gupy.io/,gupy,gupy,0,1,t,cmsxt610t2aq3nf4jli12o0a3,cmsxt61182aq5nf4jj9vy7jji
,,Pizza Hut Brasil,https://imc.gupy.io/,gupy,gupy,0,1,t,cmsqp3fko01ono94jli53jaoz,cmsqp3fku01opo94j55womzzy
,,RANKMYAPP SOFTWARE E SERVICOS DE INTERNET S.A.,https://rankmyapp.inhire.app/,inhire,inhire,0,1,t,cmtoe1cux0065pf4jstarc5ql,cmtoe1cv20067pf4j9taut9u2
,,RECORD TV,https://recordtv.gupy.io/,gupy,gupy,0,1,t,cmsxijwjy19j4nf4jbkwob2mr,cmsxijwkg19j6nf4j0hiopo24
,,RIOGALEAO,https://riogaleao.inhire.app/,inhire,inhire,0,1,t,cmsxt5xft2agfnf4jcmy1ebzl,cmsxt5xg22aghnf4jxlpzbmwu
,,ROGGA CONSTRUTORA,https://rogga.gupy.io/,gupy,gupy,0,1,t,cmsxt609a2anunf4jaodu8q2z,cmsxt609k2anwnf4jvh2c4z0d
,,Rapidão Cometa / FedEx Brasil,https://grupocometa.gupy.io/,gupy,gupy,0,1,t,cmsqp3fsw01q8o94jshi1pt3s,cmsqp3ft101qao94jkwfo292z
,,SANTOS PORT AUTHORITY,https://santosbrasil.inhire.app/,inhire,inhire,0,1,t,cmsxijycn19njnf4js1oeuts3,cmsxijyd219nlnf4j2hh5n5y2
,,SAO MARTINHO,https://klasswagen.teamtailor.com/,teamtailor,teamtailor,0,1,t,cmsxcflyo005hnf4j1ufbe4sf,cmsxcflyy005jnf4jvpwhl9ku
,,SEK SECURITY ECOSYSTEM KNOWLEDGE S A,https://boards.greenhouse.io/cloudsek,greenhouse,greenhouse,0,1,t,cmt27m6fz53fco14jylvdhws0,cmt27m6g653feo14jqtyt2tny
,,SMART SKY SERVICOS LTDA,https://smartsky.pandape.com.br/,pandape,pandape,0,1,t,cmtnbwlsjkpasrp4j4uhi0985,cmtnbwlspkpaurp4jm3hf3bjt
,,SOLUCOES DE SOFTWARE INTELIGENTES S.A,https://onesigga.gupy.io/,gupy,gupy,0,1,t,cmtvkcr6dhlokrs4jaejdxp7o,cmtvkcr6ghlomrs4j4qn58gqq
,,Simetrica,https://simetrica.gupy.io/,gupy,gupy,0,1,t,cmu5j37t20039qwvk742ubja4,cmu5j384i003bqwvka9enrw0g
,,Spoleto / Trigo,https://grupotrigo.gupy.io/,gupy,gupy,0,1,t,cmsqp3ghy01w8o94jph6nwvuy,cmsqp3gi301wao94jx7sg4z7k
,,Stmarche,https://stmarche.gupy.io/,gupy,gupy,0,1,t,cmu5j127m000fqwvk2mn7oejd,cmu5j12ly000hqwvkjd4wtho0
,,Supergasbras,https://supergasbras.gupy.io/,gupy,gupy,0,1,t,cmu5j256b001uqwvkqzoiuzem,cmu5j25hq001wqwvkhylbeldj
,,TAMBASA,https://tambasa.gupy.io/,gupy,gupy,0,1,t,cmsxcfn3w008tnf4jivpadd33,cmsxcfn46008vnf4j08qfd6gu
,,TOYOTA DO BRASIL LTDA,https://toyota.wd503.myworkdayjobs.com/pt-BR/TLAC,workday,workday,0,1,t,cmu19mkba5zwqo64jkt94lvpa,cmu19mkbe5zwso64j3u53h98c
,,TRULY TECNOLOGIA E INOVACAO LTDA,https://vagastrio.gupy.io/,gupy,gupy,0,1,t,cmtnbwmudkpedrp4jkhbekt9x,cmtnbwmuikpefrp4jgebcjnpr
,,Tegra Incorporadora,https://tegraincorporadora.gupy.io/,gupy,gupy,0,1,t,cmsqp3gtq01yko94jtaxgslgd,cmsqp3gtv01ymo94jn456smpp
,,Ton (Stone),https://boards.greenhouse.io/stone,greenhouse,greenhouse,0,1,t,cmswbm98m0i31ob4jqdtb1ntv,cmswbm98v0i33ob4jmtvx5uge
,,UBY AGROQUIMICA,https://vemprauby.gupy.io/,gupy,gupy,0,1,t,cmt0g812c6f6spd4jxcqwon4s,cmt0g812n6f6upd4j4t7ll1sk
,,UNICID,https://unicid.gupy.io/,gupy,gupy,0,1,t,cmt0g82b06f8vpd4jad7s30di,cmt0g82b86f8xpd4jui5i0008
,,USINA COLOMBO (CARAVELAS),https://usinasantaterezinha.gupy.io/,gupy,gupy,0,1,t,cmsxcfoyb00eenf4j6i3847x9,cmsxcfoyj00egnf4j5wofteq1
,,VERINT BRASIL LTDA.,https://veritygroup.gupy.io/,gupy,gupy,0,1,t,cmt2s7axl60d2o14j83psm5ha,cmt2s7axs60d4o14juqm7ox1r
,,VIA BRASIL BR 163,https://viabrasilbr163.gupy.io/,gupy,gupy,0,1,t,cmsxkv8pi1gpwnf4jsiccfxsb,cmsxkv8ps1gpynf4jhze7wj1q
,,VIA SUDESTE,https://viapajucara.pandape.com.br/,pandape,pandape,0,1,t,cmsxt60ma2aoxnf4ja1dsj9yf,cmsxt60mk2aoznf4joal3zjj8
,,VIA SUL VEICULOS,https://grupovia1.pandape.com.br/,pandape,pandape,0,1,t,cmsxik0hu19t4nf4j9bqk9gew,cmsxik0i819t6nf4jr6d7oihs
,,VLI Logística,https://vli-vagas-externas.gupy.io/,gupy,gupy,0,1,t,cmsqp3h9h021zo94jwdd16iko,cmsqp3h9m0221o94jg49mrwg8
,,Veirano Advogados,https://veirano.gupy.io/,gupy,gupy,0,1,t,cmsqp3hb0022eo94jpghp07pu,cmsqp3hb5022go94j0bkg40p9
,,Vigor Alimentos,https://vigoralimentos.gupy.io/,gupy,gupy,0,1,t,cmsqp3hda022wo94j527wvlfp,cmsqp3hdg022yo94jn7yk9oko
,,Vivara,https://vivara.gupy.io/,gupy,gupy,0,1,t,cmsqp3he90235o94julzca3bh,cmsqp3hem0237o94jxd0sz27a
,,Voanet Telecom,https://voanet.inhire.app/vagas,inhire,inhire,0,1,t,cmsqp3hfh023eo94jf2oz7rha,cmsqp3hfn023go94j9b9e8h1v
,,"""""""Quem Disse""",https://www.quemdisseberenice.com.br/,custom_html,custom_html,0,0,f,cmsqp37rb000no94j0f9sm34g,cmsqp37rq000po94jedwqawcr
,,"""ADM - HOLDING",https://gmlhr.teamtailor.com/,teamtailor,teamtailor,0,0,t,cmu1qzd5s006gnx4jl2qfz1h0,cmu1qzd5x006inx4j42d0op1k
,,"""DATASYSTEM - TECNOLOGIA",https://assist24.teamtailor.com/,teamtailor,teamtailor,0,0,t,cmtnbwm9qkpcjrp4jx26tgmi4,cmtnbwm9wkpclrp4ji0zvfm4u
,,"""FENYXX PARTICIPACOES",https://grupotix.gupy.io/,gupy,gupy,0,0,t,cmtxdouzk0wpzlk4j6do9jff8,cmtxdouzq0wq1lk4jsmvrrveb
,,"""MULTISETOR-COMERCIO",https://multiart.gupy.io/,gupy,gupy,0,0,t,cmu2novgqayc7nx4jrh6jvas1,cmu2novgxayc9nx4jtvtkpbtl
,,"""TAVARES HOLDING",https://expansaoassairaposotavares.gupy.io/,gupy,gupy,0,0,t,cmu1qzd91006pnx4jza7oru50,cmu1qzd97006rnx4j6r43l2d1
,,"""UNICHARM DO BRASIL INDUSTRIA E COMERCIO DE PRODUTOS DE HIGIENE LTDA.",https://unicharmdobrasil.pandape.com.br/,pandape,pandape,0,0,t,cmu2np3dmayrwnx4jn6sf6js3,cmu2np3dwayrynx4je02wjvit
,,"""WESTROCK",https://westrock.gupy.io/,gupy,gupy,0,0,t,cmu19mld85zzeo64jgyrserpt,cmu19mldc5zzgo64jpvilxn48
,,3C Services,https://3cservices.gupy.io/,gupy,gupy,0,0,t,cmsqp37s4000qo94j6jyq3t9h,cmsqp37sc000so94j5hoy6ss3
,,3R Petroleum,https://3rpetroleum.gupy.io/,gupy,gupy,0,0,t,cmsqp37t1000wo94jql4irylx,cmsqp37t7000yo94jg4dsi1md
,,ABB Brasil,https://careers.abb/global/pt/search-results,custom_html,custom_html,0,0,f,cmsqp37ux001eo94j4o1ce133,cmsqp37v3001go94jws8i7odi
,,ACHE LABORATORIOS FARMACEUTICOS SA,https://vagasache.gupy.io/,gupy,gupy,0,0,t,cmu2noxj1ayfmnx4jlzrll2rb,cmu2noxj7ayfonx4jsehb4hku
,,ADECOAGRO,https://dev-academy-aegro.gupy.io/,gupy,gupy,0,0,t,cmsxcfoz600ehnf4jw16591jy,cmsxcfozf00ejnf4jtjirr41n
,,ADIQ,https://analogdevices.wd1.myworkdayjobs.com/External,workday,workday,0,0,t,cmsxt5zhz2allnf4j6rd07iy6,cmsxt5zi72alnnf4j2du59gkt
,,ADM DO BRASIL LTDA,https://grupoadm.gupy.io/,gupy,gupy,0,0,t,cmu19mkwo5zy8o64jixvqohba,cmu19mkws5zyao64jmrio8og7
,,ADVENTUS CAPITAL LTDA,https://jobs.lever.co/adventus,lever,lever,0,0,t,cmtxdowks0wselk4jyun3n7pz,cmtxdowky0wsglk4jybq2gt03
,,ADYLNET LTDA,https://adtail.gupy.io/,gupy,gupy,0,0,t,cmtoe1bms0028pf4j3l5rczpj,cmtoe1bmy002apf4j23fesjhc
,,AES Brasil,https://aes.wd1.myworkdayjobs.com/AES_BRAZIL,workday,workday,0,0,t,cmsqp37vx001no94j4h6ebryj,cmsqp37w4001po94jl3dudtpv
,,AGC VIDROS DO BRASIL LTDA.,https://agp.gupy.io/,gupy,gupy,0,0,t,cmu2nozw5ayl2nx4jjloalfdm,cmu2nozwaayl4nx4j33of4gos
,,AGENCIA DE FOMENTO DO PARANA S.A.,https://grupoparana.gupy.io/,gupy,gupy,0,0,t,cmu19mm19600wo64j4lpkaj3n,cmu19mm1d600yo64jucqu0nmx
,,AGENDA EDU S.A,https://vagasagendalovers.gupy.io/,gupy,gupy,0,0,t,cmt27m7wu53jro14ji2sgpfkk,cmt27m7x353jto14jdzqlymt7
,,AGESPISA,https://aegistherapies.wd1.myworkdayjobs.com/AegisCareers,workday,workday,0,0,t,cmt0kx4ge00bosw4jrrh9jafd,cmt0kx4go00bqsw4jc4jn0qgr
,,AGREX DO BRASIL LTDA.,https://timacagro.gupy.io/,gupy,gupy,0,0,t,cmu2novlcaycmnx4jjrcy2dr4,cmu2novliayconx4jh748u3as
,,AGRO AMAZONIA,https://lavoroagro.gupy.io/,gupy,gupy,0,0,t,cmsxcfn7v0095nf4jbwkxj578,cmsxcfn840097nf4jmdtpgooe
,,AGRO ENERGIA SANTA LUZIA,https://santaadelia-trainee2026.gupy.io/,gupy,gupy,0,0,t,cmsxik13r19usnf4jkxf9ans2,cmsxik14019uunf4jztkyauif
,,AGROLINE,https://nossalavoura.gupy.io/,gupy,gupy,0,0,t,cmt0kx4od00ccsw4jh51v0615,cmt0kx4om00cesw4jtg3bpw97
,,AGROSB,https://bragro.gupy.io/,gupy,gupy,0,0,t,cmt0kx4lr00c3sw4jzv24wgoh,cmt0kx4lz00c5sw4jqve8pdx1
,,AGUAS CUIABA,https://protagonistasdofuturocuiaba.gupy.io/,gupy,gupy,0,0,t,cmt0g80kr6f5vpd4jgs25iczd,cmt0g80l36f5xpd4jjz872k8o
,,AGV LOGISTICA,https://universoagv.gupy.io/,gupy,gupy,0,0,t,cmt0g7z9j6f2spd4j19itcbxx,cmt0g7z9t6f2upd4j40z3tsp0
,,AIR LIQUIDE BRASIL LTDA,https://airliquidehr.wd3.myworkdayjobs.com/pt-BR/AirLiquideExternalCareer,workday,workday,0,0,t,cmu2noy0iaygpnx4j44an73gk,cmu2noy0naygrnx4jg09g1bzb
,,ALCAST,https://axalta.wd1.myworkdayjobs.com/en/Axalta,workday,workday,0,0,t,cmsxt5z0q2ak3nf4jaymo3kjx,cmsxt5z0x2ak5nf4jhxge2ghv
,,ALGAS,https://vismalatvia.teamtailor.com/,teamtailor,teamtailor,0,0,t,cmt0g80hu6f5mpd4j8k6a0sib,cmt0g80i26f5opd4jjzcex6ox
,,ALIANCA DESENVOLVIMENTO E COMERCIALIZACAO DE PROGRAMAS DE INFORMATICA S/A,https://qualitysoftwaresa.pandape.com.br/,pandape,pandape,0,0,t,cmt27m7r653jco14jywalhqqm,cmt27m7re53jeo14j01k3wei7
,,ALIANCA ENERGIA,https://alliantenergy.wd1.myworkdayjobs.com/alliant,workday,workday,0,0,t,cmsxik1ak19vanf4j84zxzutd,cmsxik1ay19vcnf4j6prf2uwn
,,ALIANCA NORTE ENERGIA PARTICIPACOES S.A.,https://redealianca.gupy.io/,gupy,gupy,0,0,t,cmu2noy80ayhdnx4jci40og07,cmu2noy85ayhfnx4jhq6pkpql
,,ALIBABA CLOUD BRASIL LTDA,https://ilpea.gupy.io/,gupy,gupy,0,0,t,cmt27m6cw53f3o14jzcd1f0w3,cmt27m6d653f5o14j83w6u0q8
,,ALL NATIONS,https://grupoallnations.pandape.com.br/,pandape,pandape,0,0,t,cmt0g7zww6f47pd4j5okui6re,cmt0g7zx56f49pd4j3baf5q8g
,,ALLIANÇA SAÚDE E PARTICIPAÇÕES S.A,https://grupoallianca.gupy.io/,gupy,gupy,0,0,t,cmpkcfshf00hfoi4jqa38n9dc,cmpkcfshi00hhoi4jcwfzpqx2
,,ALLIED TECNOLOGIA S.A.,https://platform.senior.com.br/hcmrs/hcm/curriculo,custom_html,custom_html,0,0,f,cmpkcfshq00hloi4j80eup82y,cmpkcfshs00hnoi4jrsa5cdzf
,,ALN GAS E ENERGIA S/A,https://wgl.wd5.myworkdayjobs.com/AltaGas,workday,workday,0,0,t,cmu30xlo7000un14jmovdgzr7,cmu30xlod000wn14j528ul14e
,,ALTRE EMPREENDIMENTOS E INVESTIMENTOS IMOBILIARIOS S.A.,https://aleempreendimentos.gupy.io/,gupy,gupy,0,0,t,cmu2noureayagnx4j3p1quh1i,cmu2nourlayainx4jcprri5bw
,,ALUNORTE,https://alun.inhire.app/,inhire,inhire,0,0,t,cmsxcfl1s002wnf4jnut9n1z6,cmsxcfl22002ynf4jjmxjupx9
,,ALUNORTE ALUMINA DO NORTE DO BRASIL S/A,https://modulo.gupy.io/,gupy,gupy,0,0,t,cmu19mke65zwzo64jobxh1vix,cmu19mkeb5zx1o64j2jhgykeh
,,ALUPAR INVESTIMENTO S.A.,https://alupar.gupy.io/,gupy,gupy,0,0,t,cmu19mlij5zzto64j8hg9iue1,cmu19mlin5zzvo64j04w2zfp5
,,AMAZON BANKING TRUST S/A,https://boards.greenhouse.io/trustbank,greenhouse,greenhouse,0,0,t,cmu19mkp05zxto64jul2g4upg,cmu19mkp45zxvo64jc1wfv27n
,,AMCOR FLEXIBLES DO BRASIL INDUSTRIA E COMERCIO DE EMBALAGENS LTDA.,https://amcor.wd5.myworkdayjobs.com/Amcor_External_Career_Site,workday,workday,0,0,t,cmu2noxuqaygdnx4jao5k604u,cmu2noxuwaygfnx4j15b8pbf4
,,AMDOCS (BRASIL) LIMITADA,https://amchamcarreiras.gupy.io/,gupy,gupy,0,0,t,cmtoe1brx002npf4jfqi29tt3,cmtoe1bs3002ppf4jtcoyym8k
,,AMERICAN TOWER - INFRA,https://jobs.ashbyhq.com/American%20Terawatt,ashby,ashby,0,0,t,cmsxcfo4300btnf4jj2g1y4bo,cmsxcfo4d00bvnf4jlyezfh1f
,,AMERICANAS S.A - EM RECUPERACAO JUDICIAL,https://americanas.pandape.com.br/,pandape,pandape,0,0,t,cmtxdoust0wpelk4jiuplm3ow,cmtxdousz0wpglk4jzbfxzqgq
,,AMG MINERACAO,https://amgbrasil.gupy.io/,gupy,gupy,0,0,t,cmsxcfqnl00jhnf4j88n9bi2v,cmsxcfqnw00jjnf4j57lce3q4
,,ANEAS,https://eraneos.wd3.myworkdayjobs.com/Eraneos_External_Career_Site,workday,workday,0,0,t,cmt0g82jr6f9jpd4jmyihznza,cmt0g82k56f9lpd4jt079m7zw
,,ANIMA,https://trabalheconosco.vagas.com.br/animaeducacao/oportunidades,custom_html,custom_html,0,0,f,cmpkcfsi400huoi4jo7mbn4zm,cmpkcfsi700hwoi4jduen6na6
,,ANIMA HOLDING S.A.,https://anima.gupy.io/,gupy,gupy,0,0,t,cmu1qzbpu002vnx4j48vc4mw8,cmu1qzbpz002xnx4jbm4y4894
,,ANOTA AI SOLUCOES DIGITAIS S/A,https://anotaai.gupy.io/,gupy,gupy,0,0,t,cmt27m5uz53dro14jh70j4g30,cmt27m5v753dto14jnmphtq8t
,,AOCUBO SERVICOS IMOBILIARIOS LTDA,https://acotubo.gupy.io/,gupy,gupy,0,0,t,cmtoe1bcg001bpf4jz5nzoix5,cmtoe1bcp001dpf4j668mmy1o
,,APERAM,https://nubevagasefetivas.gupy.io/,gupy,gupy,0,0,t,cmsxcfm7n0068nf4jtgjr45aq,cmsxcfm7w006anf4j6n4tj86f
,,APERAM INOX AMERICA DO SUL S.A.,https://apexamericabrasil.pandape.com.br/,pandape,pandape,0,0,t,cmu1qzbgz002dnx4jxb9tq07r,cmu1qzbh6002fnx4jt2yj8lf7
,,APEX FUND HOLDING LTDA.,https://theapexgroup.wd3.myworkdayjobs.com/apexgroupcareers,workday,workday,0,0,t,cmu2np11caymwnx4jhupx2cck,cmu2np11iaymynx4j48rhq92a
,,APOLO TUBULARS,https://apoloimport.inhire.app/,inhire,inhire,0,0,t,cmt0g83fe6fbdpd4jovqtbz9l,cmt0g83fp6fbfpd4jcgcrsck5
,,APSEN,https://aspendental.wd1.myworkdayjobs.com/Careers_The_Aspen_Group,workday,workday,0,0,t,cmsxik0n319tgnf4job34wndd,cmsxik0ne19tinf4j0u16wlwo
,,ARANDU INVESTIMENTOS S.A.,https://investidorsardinha.gupy.io/,gupy,gupy,0,0,t,cmt27m71x53hco14jwk9mder5,cmt27m72653heo14jxtjcwp5m
,,ARAUCO FOREST BRASIL,https://talentosurbia.gupy.io/,gupy,gupy,0,0,t,cmt0kx4sl00cosw4jp9s2bjxk,cmt0kx4su00cqsw4jbbr4op86
,,ARCELORMITTAL GONVARRI,https://tuper.gupy.io/,gupy,gupy,0,0,t,cmsxcfpcv00fnnf4j0szfwj17,cmsxcfpd400fpnf4js3hfztc9
,,ARCOS DOURADOS (MCDONALD'S),https://restaurantemc.gupy.io/,gupy,gupy,0,0,t,cmsxcfle5003tnf4j977jm7zr,cmsxcflei003vnf4jjdd01nl6
,,ARDAGH METAL PACKAGING BRASIL LTDA,https://crownholdings.wd501.myworkdayjobs.com/CrownHoldings,workday,workday,0,0,t,cmu2notziay8mnx4jjaokm5rl,cmu2notzoay8onx4j2q3si1xx
,,ARES 2 PARTICIPACOES S.A.,https://jobs.ashbyhq.com/alta-ares,ashby,ashby,0,0,t,cmu2noy1eaygsnx4jr41u5gj4,cmu2noy1kaygunx4j6nr23po6
,,ARGO TRANSMISSAO,https://argotrabalheconosco.gupy.io/,gupy,gupy,0,0,t,cmsxt5y7j2ahonf4j93sq4ao5,cmsxt5y7q2ahqnf4jinqysa8e
,,ARLANXEO BRASIL S.A.,https://abrhestagio.gupy.io/,gupy,gupy,0,0,t,cmu1qzd47006anx4j0rqv65z3,cmu1qzd4d006cnx4jyrqql1rv
,,ARMAZEM MATEUS S.A.,https://mateus.teamtailor.com/,teamtailor,teamtailor,0,0,t,cmtxdox1y0wtklk4jzlq122ol,cmtxdox260wtmlk4jzkfnxy7w
,,ARMAZENS MARTINS,https://armaninollp.wd1.myworkdayjobs.com/Armanino,workday,workday,0,0,t,cmsxcfmm5007hnf4jca9i65nq,cmsxcfmme007jnf4j73n8dte6
,,ARQIA PARTICIPACOES E SERVICOS LTDA,https://alqia.gupy.io/,gupy,gupy,0,0,t,cmt27m7o353j3o14jo98cezem,cmt27m7oc53j5o14jo1er9ixb
,,ASG PARTICIPACOES S.A.,https://boards.greenhouse.io/asg,greenhouse,greenhouse,0,0,t,cmu2nov88aybjnx4jyrd96g7b,cmu2nov8dayblnx4jicf05ebr
,,ASI COMPANY TECNOLOGIA S/A,https://osisonline.wd501.myworkdayjobs.com/OSIS_Careers,workday,workday,0,0,t,cmtmvnywnkeenrp4j7j5mz03w,cmtmvnywwkeeprp4j7hymvbig
,,ASSINA TECNOLOGIA GESTAO EM SAUDE S.A.,https://s3saude.gupy.io/,gupy,gupy,0,0,t,cmtoe1dkb007tpf4j26rl9th8,cmtoe1dkl007vpf4jrxqtb3q1
,,ASSOCIACAO NOVA ESPERANCA,https://drogarianovaesperancaltdaepp.pandape.com.br/,pandape,pandape,0,0,t,cmt0g838q6fb4pd4js13gp0mk,cmt0g83946fb6pd4jouie92v8
,,ASTRA,https://jobs.ashbyhq.com/astra,ashby,ashby,0,0,t,cmsxt60n92ap0nf4jyy59ntx6,cmsxt60ni2ap2nf4jlpcq9028
,,ATACADAO (CARREFOUR),https://atacadao.pandape.com.br/,pandape,pandape,0,0,t,cmsxcfkc2000nnf4j9pnc5589,cmtoe62e0009ypf4j7gd0j8fc
,,ATAKAREJO,https://vemkitem.gupy.io/,gupy,gupy,0,0,t,cmsxcfo3100bqnf4j0tw4axtq,cmsxcfo3c00bsnf4jzh7cheej
,,ATERPA,https://consolare.gupy.io/,gupy,gupy,0,0,t,cmsxt5x3u2afcnf4j8yigmr4g,cmsxt5x472afenf4jmemyimr1
,,ATHENA HEALTHCARE HOLDING S.A.,https://athenahealth.wd1.myworkdayjobs.com/External,workday,workday,0,0,t,cmu1qzcde004anx4j42d4b9ly,cmu1qzcdk004cnx4j5zy6qqfk
,,ATHENA SAUDE BRASIL SA,https://athenas.pandape.com.br/,pandape,pandape,0,0,t,cmu2nova8aybmnx4j64i5proi,cmu2novaeaybonx4j54iis6ee
,,ATIVAS DATA CENTER LTDA,https://puntonet.teamtailor.com/,teamtailor,teamtailor,0,0,t,cmt27m6pg53g6o14jlf1zxn32,cmt27m6po53g8o14j9ratqi5n
,,ATLANTICA COFFEE,https://atlantica.gupy.io/,gupy,gupy,0,0,t,cmsxijy0n19mmnf4jkfbpan03,cmsxijy0w19monf4jf02y1sma
,,ATLAS BRASIL ENERGIA HOLDING 3 S.A.,https://boards.greenhouse.io/atlassand,greenhouse,greenhouse,0,0,t,cmu2noy6tayhanx4jlz69fs16,cmu2noy6yayhcnx4js9z9r8qa
,,ATOS SERVICOS DE TECNOLOGIA DA INFORMACAO DO BRASIL LTDA.,https://lineserviceterceirizacaoeservicosltda.pandape.com.br/,pandape,pandape,0,0,t,cmt27m7cj53i6o14j26idq43d,cmt27m7cr53i8o14jtgioi3sa
,,ATVOS BIOENERGIA CONQUISTA DO PONTAL S.A.,https://impactobioenergia.gupy.io/,gupy,gupy,0,0,t,cmu1qzbz9003anx4jagi2rn7s,cmu1qzbzf003cnx4jks2hu20z
,,ATVOS CONQUISTA DO PONTAL,https://aviator.pandape.com.br/,pandape,pandape,0,0,f,cmsxik0si19tvnf4jxr1sp4kp,cmsxik0ss19txnf4jdtezzj8y
,,AUSTIN LABS DO BRASIL LTDA,https://alslifesciences.gupy.io/,gupy,gupy,0,0,t,cmtvkcrkbhlqers4j53g9g20b,cmtvkcrkfhlqgrs4jocpv5qg2
,,AUTOPISTA FLUMINENSE,https://expansaoassaiduquedecaxias.gupy.io/,gupy,gupy,0,0,t,cmt0g80oi6f61pd4jayv6dvjv,cmt0g80or6f63pd4jwckr1zfc
,,AVALARA BRASIL - ASSESSORIA E CONSULTORIA TRIBUTARIA E TECNOLOGICA LTDA,https://albierieassociados.gupy.io/,gupy,gupy,0,0,t,cmt27m5pn53d9o14jybabsgxt,cmt27m5pz53dbo14jdpgzh4s0
,,AVAYA BRASIL LTDA,https://traineeavla2027.gupy.io/,gupy,gupy,0,0,t,cmtoe1c2r003npf4jy7gdr9xz,cmtoe1c2x003ppf4j1ra12tkc
,,AVIBRAS INDUSTRIA AEROESPACIAL S A EM RECUPERACAO JUDICIAL,https://felsbergadvogados.gupy.io/,gupy,gupy,0,0,t,cmu2nowpcaydynx4jlnmdg4r7,cmu2nowpiaye0nx4j81fwawj0
,,AWLBL SILVER HAWK INTERPRISE LTDA,https://jobs.ashbyhq.com/hawk,ashby,ashby,0,0,t,cmu19mkx65zybo64j0k6j4wy2,cmu19mkxf5zydo64jdbtgmdal
,,AXS PARTICIPACOES S/A,https://boards.greenhouse.io/axs,greenhouse,greenhouse,0,0,t,cmu2noydhayhvnx4jeoqf0f8h,cmu2noydnayhxnx4jee5es21b
,,AZION PRESTACAO DE SERVICOS EM TECNOLOGIA E TELECOMUNICACOES LTDA.,https://tlpservicos.gupy.io/,gupy,gupy,0,0,t,cmtnbwlrskpaprp4j886hstos,cmtnbwls0kparrp4js3s0xno3
,,AZZAS 2154 S.A,https://azzas2154.gupy.io/,gupy,gupy,0,0,t,cmu1qzc8k003vnx4j9evqyqy4,cmu1qzc8p003xnx4jhsicvl3c
,,Accenture Brasil,https://www.accenture.com/br-pt/careers/jobsearch,custom_html,custom_html,0,0,f,cmsqp38130025o94jw7ibfxua,cmsqp38180027o94ji6v4kr9z
,,Acutechgroupinc,https://boards.greenhouse.io/acutechgroupinc,greenhouse,greenhouse,0,0,f,cmt67kef200cvlj4jjt7oxuj2,cmt67kef900cxlj4jz8yhue4a
,,Addi,https://jobs.ashbyhq.com/addi,ashby,ashby,0,0,f,cmu5geco869knle5fwxpw8b4g,cmu5gecoi69kple5f1j48xhla
,,Adecco Brasil,https://adecco.gupy.io/,gupy,gupy,0,0,t,cmsqp3826002eo94jfnaih3rw,cmsqp382b002go94ji0acd8yr
,,Agrivalle,https://agrivalle.gupy.io/,gupy,gupy,0,0,t,cmsqp384o0032o94j35s3e98e,cmsqp384x0034o94jwxw96l87
,,Agrofel,https://agrofel.gupy.io/,gupy,gupy,0,0,t,cmsqp38550035o94j16cz5pv6,cmsqp385b0037o94jx4lxusdt
,,Allianz Brasil,https://allianzpartners.gupy.io/jobs,gupy,gupy,0,0,t,cmsqp387w003to94jzmro060o,cmsqp3884003vo94j6flud112
,,Allianz Seguros Brasil,https://allianzpartners.gupy.io/,gupy,gupy,0,0,t,cmswbmb3r0i9dob4jbqjsrgl2,cmswbmb400i9fob4jcw8a8qe0
,,Amazon AWS Brasil,https://www.amazon.jobs/en/search,custom_html,custom_html,0,0,f,cmsqp38a5004bo94j9ka9d6b0,cmsqp38aa004do94j767lhauf
,,Ambipar,https://ambipar.com/vagas,custom_html,custom_html,0,0,f,cmsqp38cd004wo94jz5pkxhcr,cmsqp38ck004yo94jwfrgw76h
,,Anglo American Brasil,https://www.angloamerican.com/careers/job-opportunities/apply,custom_html,custom_html,0,0,f,cmsqp38es005ho94jwd28120a,cmsqp38ey005jo94j9dmuhrry
,,Animalmedicalcenter,https://boards.greenhouse.io/animalmedicalcenter,greenhouse,greenhouse,0,0,f,cmt67ke3700bvlj4jwknj84fy,cmt67ke3f00bxlj4jv6ablgz8
,,Appen,https://jobs.lever.co/appen,lever,lever,0,0,f,cmt67b1w9009alj4jokyhnjir,cmt67b1wi009clj4jz8bqf3t5
,,Araforros,https://araforros.gupy.io/,gupy,gupy,0,0,t,cmsqp38fp005qo94jihqe86q6,cmsqp38fv005so94jrn14b71y
,,ArcelorMittal Brasil,https://trabalheconosco.vagas.com.br/arcelormittal,custom_html,custom_html,0,0,f,cmsqp38gb005wo94jwtho0pjn,cmsqp38gh005yo94ju6ibrpy8
,,Arcteryxcom,https://jobs.lever.co/arcteryx.com,lever,lever,0,0,f,cmt67keza00eplj4jax0ogsn2,cmt67kezh00erlj4jeb7as7rj
,,Arezzo&Co,https://arezzoeco.gupy.io/jobs,gupy,gupy,0,0,t,cmsqp38hb0065o94jczpfa2la,cmsqp38hg0067o94ji927r9sf
,,Argo Seguros,https://prd-pc1.lg.com.br/Vagas/c/B1A1748C-3498-49DC-A662-62A81F61262A/p/portaldevagas/pt-BR/Busca/Vagas,custom_html,custom_html,0,0,f,cmsqp38hm0068o94jxm1ptf67,cmsqp38ht006ao94j284ycazb
,,Arizona,https://arizona.gupy.io/,gupy,gupy,0,0,t,cmsqp38i0006bo94j962mlpl7,cmsqp38i6006do94j1wq9t9tz
,,Arteris,https://arteris.gupy.io/,gupy,gupy,0,0,t,cmsqp38iy006ko94jorb6ec4v,cmsqp38j4006mo94jpyspk3o2
,,Asia Shipping,https://asiashipping.gupy.io/,gupy,gupy,0,0,t,cmsqp38jk006qo94jsptja916,cmsqp38jq006so94jj9e89az7
,,Assurant,https://jobs.assurant.com/pt/empregos,custom_html,custom_html,0,0,f,cmsqp38ki006zo94j2n89h1d7,cmsqp38ko0071o94jn944emog
,,AstraZeneca Brasil,https://careers.astrazeneca.com/location/brazil-country-jobs/7684/3469034/2,custom_html,custom_html,0,0,f,cmsqp38ku0072o94jy9jv7q37,cmsqp38l00074o94ja9son23f
,,Autotradercanada,https://boards.greenhouse.io/autotradercanada,greenhouse,greenhouse,0,0,f,cmt67kdrt00b1lj4jb5edxjdv,cmt67kds400b3lj4jh49yqr6g
,,Aviva Desenvolvimento Infantil,https://aviva.gupy.io/,gupy,gupy,0,0,t,cmsqp38oq0082o94j2bumykjl,cmsqp38ow0084o94jy8slf0b1
,,B.PLAN GROUP MEIOS DE PAGAMENTO S.A.,https://brbcardvagas.gupy.io/,gupy,gupy,0,0,t,cmu2np3y9aystnx4j14lxbkay,cmu2np3yfaysvnx4jtclv8ptm
,,BAHIA MINERACAO S/A,https://panamerican.gupy.io/,gupy,gupy,0,0,t,cmu19mkqc5zxwo64jbzehp3kh,cmu19mkqh5zxyo64j5yyn64uf
,,BALDAN (BIA),https://baldan.gupy.io/,gupy,gupy,0,0,t,cmsxt5yxy2ajunf4jhnvf01d8,cmsxt5yy82ajwnf4j99vqfxdj
,,BALDO,https://imedhospitales.teamtailor.com/,teamtailor,teamtailor,0,0,t,cmsxt5zwi2amunf4jlad6dc71,cmsxt5zwq2amwnf4jvypcgzfh
,,BANCO BRADESCO S.A.,https://simulacaoversaocliente.gupy.io/,gupy,gupy,0,0,t,cmtxdoun10wp2lk4jxaeijizk,cmtxdoun70wp4lk4j6wb4nmbk
,,BANCO BTG PACTUAL S.A.,https://boards.greenhouse.io/btgpactualla,greenhouse,greenhouse,0,0,t,cmtxdouqh0wp8lk4jvszo29tj,cmtxdouqn0wpalk4jci87q2wp
,,BANCO COOPERATIVO SICOOB S.A.,https://sicoobcentralunimaisrio.gupy.io/,gupy,gupy,0,0,t,cmu19mkf35zx2o64jw5705rel,cmu19mkf75zx4o64jzj7tbb94
,,BANCO DO NORDESTE DO BRASIL SA,https://inec.gupy.io/,gupy,gupy,0,0,t,cmtxdovey0wqnlk4jex74rodk,cmtxdovf50wqplk4jpoc2mpyx
,,BANCO MASTER S/A - EM LIQUIDACAO EXTRAJUDICIAL,https://master.gupy.io/,gupy,gupy,0,0,t,cmu19mlqb600bo64j0rd0loei,cmu19mlqf600do64j4adssae5
,,BANCO MIZUHO DO BRASIL S.A.,https://mizuhogroup.wd102.myworkdayjobs.com/External,workday,workday,0,0,t,cmu30xlov000xn14jntrb5pf4,cmu30xlp2000zn14jwhbqmfce
,,BANCO PINE,https://bancopine.inhire.app/vagas,custom_html,custom_html,0,0,f,cmpkcfsqn00nioi4j8nu5r9mi,cmpkcfsqp00nkoi4jwka4atuz
,,BANCO RCI BRASIL S.A,https://mobilizefinancialservices.gupy.io/,gupy,gupy,0,0,t,cmu2np1pvayo5nx4juexitjfu,cmu2np1q1ayo7nx4j2jejz2cn
,,BANCO STELLANTIS S.A.,https://incentivar.gupy.io/,gupy,gupy,0,0,t,cmu2noxnpayfynx4jndxzgf91,cmu2noxnvayg0nx4jm2tmnfez
,,BANCO VOTORANTIM S.A.,https://votorantimcimentosbancos.gupy.io/,gupy,gupy,0,0,t,cmtxdowpy0wswlk4jpxobyvdz,cmtxdowq40wsylk4jham5tyf9
,,BANK OF AMERICA MERRILL LYNCH BANCO MULTIPLO S.A.,https://ghr.wd1.myworkdayjobs.com/en-US/Lateral-US,workday,workday,0,0,t,cmu19mkkt5zxko64jtad1evct,cmu19mkky5zxmo64j2czu7ad5
,,BANRISUL PAGAMENTOS,https://sepromotora.gupy.io/,gupy,gupy,0,0,t,cmsxt5w562accnf4jjk486wnt,cmsxt5w5e2acenf4j5uokunb4
,,BARROCO ENTERPRISE HOLDINGS LTDA,https://jobs.ashbyhq.com/1password,ashby,ashby,0,0,f,cmu2np0mrayltnx4j2jhshrvn,cmu2np0mxaylvnx4j3uvwxiv2
,,BARRY CALLEBAUT BRASIL INDUSTRIA E COMERCIO DE PRODUTOS ALIMENTICIOS LTDA,https://cory.gupy.io/,gupy,gupy,0,0,t,cmu2noze9ayk2nx4jm5ouvtxv,cmu2nozeiayk4nx4jy01hbzoa
,,BASE SERVICO DE INTEGRACAO MOVEL LTDA,https://jobs.ashbyhq.com/base,ashby,ashby,0,0,t,cmtnbwmfxkpd4rp4jjdypg25a,cmtnbwmg2kpd6rp4jq9k90f3y
,,BAUKO,https://baukomaquinassa.pandape.com.br/,pandape,pandape,0,0,t,cmt0kx3lv009csw4jure5ut75,cmt0kx3m4009esw4jv7dcrndt
,,BAYER S.A.,https://bayer.eightfold.ai/careers,eightfold,eightfold,0,0,t,cmu2nouvuayamnx4jiat0vdux,cmu2nouw3ayaonx4jshon29vc
,,BAZAN - BELA VISTA,https://leitefazendabelavista.gupy.io/,gupy,gupy,0,0,t,cmsxkv9181gqtnf4jogz46ghb,cmsxkv91i1gqvnf4jjzcdffli
,,BB Seguridade,https://brasilseg.gupy.io/jobs,gupy,gupy,0,0,f,cmsqp38rn008no94ji6j389fr,cmsqp38rt008po94jfqc4wxnn
,,BB TECNOLOGIA E SERVICOS,https://brbpotecnologiaeservicossa.pandape.com.br/,pandape,pandape,0,0,t,cmsxijz3919pgnf4j12c02fh2,cmsxijz3k19pinf4j3bkgifrs
,,BBVA BRASIL BANCO DE INVESTIMENTO S.A.,https://bbva.wd3.myworkdayjobs.com/BBVA,workday,workday,0,0,t,cmu2nozolaykknx4jylm122l1,cmu2nozouaykmnx4jg0owurup
,,BEE2PAY TRAVEL SOLUTIONS S.A,https://omnibeesmx.gupy.io/,gupy,gupy,0,0,t,cmt2s7chx60hno14jetfww9sj,cmt2s7ci460hpo14j0vavs8bg
,,BEERORCOFFEE PLATAFORMA DE COWORKING E DESENVOLVIMENTO DE SOFTWARES S/A,https://gowork.gupy.io/,gupy,gupy,0,0,t,cmt27m69f53euo14jlhqo5bv6,cmt27m69n53ewo14jpkl6dzsy
,,BEIRA RIO,https://beirariosm.gupy.io/,gupy,gupy,0,0,t,cmsxcfnjt00a5nf4jsqua55be,cmsxcfnk700a7nf4jgs1d0g5z
,,BELAGRICOLA,https://atuaagro.gupy.io/,gupy,gupy,0,0,t,cmsxcflsj004znf4joziubcsn,cmsxcflsr0051nf4jkwz2u3xt
,,BELEM BIOENERGIA,https://belembioenergiabrasil.gupy.io/,gupy,gupy,0,0,t,cmsxkv8hx1gp8nf4joy8k72uu,cmsxkv8ie1gpanf4jeuuyjn2s
,,BEMOL S/A,https://bemol.gupy.io/,gupy,gupy,0,0,t,cmu2np016aylenx4j371flflc,cmu2np01caylgnx4jc48ya77m
,,BERNECK S.A. PAINEIS E SERRADOS,https://editorapaninibrasil.gupy.io/,gupy,gupy,0,0,t,cmu2now5aaydpnx4jdrx4jiyg,cmu2now5faydrnx4jc3bkbl8d
,,BHG S.A.  BRAZIL HOSPITALITY GROUP,https://bhgsabrazilhospitalitygroup.pandape.com.br/,pandape,pandape,0,0,t,cmu2now3caydjnx4jbxm3rszg,cmu2now3oaydlnx4jkke97a9k
,,BIOMM,https://biomm.vagas.solides.com.br/,custom_html,custom_html,0,0,f,cmpkcfsiq00i9oi4jmj15p2ro,cmpkcfsis00iboi4jnwidavh3
,,BIOSOJA,https://biosphera.gupy.io/,gupy,gupy,0,0,t,cmsxt5yng2aixnf4jcod9nwd4,cmsxt5ynq2aiznf4jfmpq4d6x
,,BLACK & DECKER DO BRASIL LTDA,https://sbdinc.wd1.myworkdayjobs.com/Stanley_Black_Decker_Career_Site,workday,workday,0,0,t,cmu2np3liays8nx4jl57hvpsd,cmu2np3lnaysanx4jf1satj6w
,,BLAU FARMACÊUTICA S.A.,https://vagas.blau.com/,custom_html,custom_html,0,0,f,cmpkcfsiu00icoi4jlplgwscc,cmpkcfsiw00ieoi4j0ulc54bu
,,BLK SISTEMAS FINANCEIROS LTDA,https://bkbank.gupy.io/,gupy,gupy,0,0,t,cmt27m64m53eio14j2qo3q74z,cmt27m64u53eko14jl1icnuqc
,,BLOOM CARE SERVICOS ONLINE LTDA.,https://jobs.lever.co/bloom,lever,lever,0,0,t,cmtnbwnc0kpg1rp4j6ab201sj,cmtnbwnc6kpg3rp4jbccv1m5c
,,BLUECORP TECNOLOGIA EM SAUDE LTDA.,https://grupovertical.gupy.io/,gupy,gupy,0,0,t,cmt27m82k53k9o14jpkb1f7oi,cmt27m82r53kbo14jy1jyiqo7
,,BLUEWAY TRADING,https://jobs.lever.co/belvederetrading,lever,lever,0,0,t,cmsxcflb4003knf4jp51imb8e,cmsxcflbd003mnf4jl7k3lx5q
,,BMC Hyundai,https://bmchyundai.gupy.io/,gupy,gupy,0,0,t,cmsqp38uc008zo94j0i8zau4d,cmsqp38uk0091o94jt1l4pebp
,,BME DESENVOLVIMENTO DE SOFTWARE S/A,https://boards.greenhouse.io/bme,greenhouse,greenhouse,0,0,t,cmt2s7cf460hho14jnk9ji9hh,cmt2s7cfc60hjo14jlq68usy4
,,BMW DO BRASIL LTDA,https://bmw.gupy.io/,gupy,gupy,0,0,t,cmu2nowxsayeanx4josqowagk,cmu2nowxyayecnx4j76l0bugm
,,BNP Paribas Brasil,https://group.bnpparibas/en/careers/all-job-offers,custom_html,custom_html,0,0,f,cmsqp38ux0092o94j01fsfpi9,cmsqp38v60094o94j86rr3dpl
,,BOA VISTA SERVIÇOS S.A.,https://careers.equifax.com/pt/locais/brazil,custom_html,custom_html,0,0,f,cmpkcfsj700iloi4jhfgy1nij,cmpkcfsj900inoi4jefsondzt
,,BOM FUTURO ENERGIA LTDA,https://bric.gupy.io/,gupy,gupy,0,0,t,cmu2noyo3ayidnx4jepjxa0z8,cmu2noyo8ayifnx4jnkozsg1g
,,BOMBRIL,https://vemparabombril.gupy.io/,gupy,gupy,0,0,t,cmsxijz0y19panf4jec9s93zg,cmsxijz1b19pcnf4jk2y5m0zs
,,BOREALIS,https://boards.greenhouse.io/rbcborealis_talent_days,greenhouse,greenhouse,0,0,t,cmt0g80it6f5ppd4j3mf2znnr,cmt0g80j46f5rpd4jgrm58nt3
,,BOSQUE MEDICAL CENTER S.A.,https://bronsonhg.wd1.myworkdayjobs.com/PhysicianProvider,workday,workday,0,0,t,cmu2nov5saybgnx4jkh1wlnf8,cmu2nov5xaybinx4jeth33fe4
,,BP BIOCOMBUSTIVEIS LTDA,https://deltabio.gupy.io/,gupy,gupy,0,0,t,cmu19mm5b6018o64j909bhmc9,cmu19mm5g601ao64j33ltk2e3
,,BP BIOENERGY PRODUCTS LTDA.,https://bpbungebioenergiams.pandape.com.br/,pandape,pandape,0,0,t,cmu1qzbvc0031nx4jah1yo4gy,cmu1qzbvi0033nx4js57fu9io
,,BP BIOENERGY S.A.,https://bpbungebioenergiamg.pandape.com.br/,pandape,pandape,0,0,t,cmu19ml4o5zyno64jxwhm2w8l,cmu19ml4s5zypo64j5gqsy3ts
,,BR ADVISORY PARTNERS PARTICIPAÇÕES S.A.,https://www.portalsinergyrh.com.br/Portal/MeuPortal/MeuPortal,custom_html,custom_html,0,0,f,cmpkcfsjb00iooi4j6exgb4qe,cmpkcfsjd00iqoi4j8hwcue3u
,,BR Distribuidora,https://brdistribuidora.gupy.io/,gupy,gupy,0,0,t,cmsqp38we0098o94jad6rhs6h,cmsqp38wk009ao94jnnwgzxy8
,,BR HOLDINGS GROUP LTDA,https://jointbillionbrazilholdingsltda.pandape.com.br/,pandape,pandape,0,0,t,cmtnbwm0pkpbmrp4jlpx3tuqv,cmtnbwm0ukpborp4j0565bza6
,,BR MOBILIDADE,https://br7mobilidade.gupy.io/,gupy,gupy,0,0,t,cmt0kx4mm00c6sw4j8wqvkkvr,cmt0kx4mu00c8sw4jb2fbhn0v
,,BRACELL BAHIA SPECIALTY CELLULOSE S.A.,https://blackbaud.wd1.myworkdayjobs.com/ExternalCareers,workday,workday,0,0,t,cmu2np34nayrknx4jrp7606x3,cmu2np34xayrmnx4j3ft5unv6
,,BRACELL SP CELULOSE LTDA,https://braswell.pandape.com.br/,pandape,pandape,0,0,t,cmu1basxx008cqb4j487e7t4f,cmu1basy0008eqb4jknxj5el4
,,BRADESCO PARTICIPACOES FINANCEIRAS SA,https://estagio-digio-2026.gupy.io/,gupy,gupy,0,0,t,cmu19mliz5zzwo64j8uof6pc6,cmu19mlj45zzyo64jnajjeyuu
,,BRASDIESEL,https://brasol.gupy.io/,gupy,gupy,0,0,t,cmsxkv8ri1gq2nf4jjy9w6tb2,cmsxkv8rr1gq4nf4j0rfyzymz
,,BRASILAGRO,https://brasilagro.gupy.io/,gupy,gupy,0,0,t,cmpkcfshl00hioi4jj315mqlc,cmpkcfshn00hkoi4jjgcuk670
,,BRASILWAGEN,https://brasilwagen.pandape.com.br/,pandape,pandape,0,0,t,cmt0g803e6f4ppd4jw15w07gs,cmt0g803p6f4rpd4jee6e0syg
,,BRASMOTOR LTDA,https://brms.inhire.app/,inhire,inhire,0,0,t,cmtnbwn0kkpf1rp4jdgb6x2fo,cmtnbwn0qkpf3rp4jix36cmkp
,,BRB BCO DE BRASILIA S.A.,https://brbservicos.vagas.solides.com.br/,custom_html,custom_html,0,0,f,cmpkcfsjk00iuoi4j82xyr7ey,cmpkcfsjm00iwoi4j8wnfy449
,,BRENCO,https://bernco.wd1.myworkdayjobs.com/berncocareers,workday,workday,0,0,t,cmsxcfplq00g8nf4jzy6c512n,cmsxcfplz00ganf4j6con5og9
,,BRF (Workday),https://talents.mbrf.com/search,custom_html,custom_html,0,0,f,cmsqp38xi009bo94j6c3tex48,cmsqp38xp009do94j20wodsn7
,,BRISANET PARTICIPAÇÕES S.A.,https://brisanet.solutions-ir.com/pt,custom_html,custom_html,0,0,f,cmpkcfsjf00iroi4jdde21jrj,cmpkcfsjh00itoi4jodxfv7fd
,,BRISTOL-MYERS,https://bristolmyerssquibb.wd5.myworkdayjobs.com/en-US/BMS,workday,workday,0,0,t,cmsxijwt319jpnf4j69jxvt9p,cmsxijwtc19jrnf4jdsskjzpq
,,BRK AMBIENTAL - GOIAS,https://goiasverde.gupy.io/,gupy,gupy,0,0,t,cmt0g7yzw6f27pd4jpmht5syx,cmt0g7z0l6f29pd4jpt5vh1ck
,,BRK AMBIENTAL - PROJETOS AMBIENTAIS S.A,https://marquiseambiental.gupy.io/,gupy,gupy,0,0,t,cmu2np4glayt2nx4jrgj7amo4,cmu2np4gqayt4nx4j2c3xxmgq
,,BRK Ambiental,https://prd-pc1.lg.com.br/Vagas/c/2513F177-7612-42BC-8BF0-6AB25983DC92/p/portaldecarreiras/pt-BR/Busca/Vagas,custom_html,custom_html,0,0,f,cmsqp38y6009eo94jcakbpdaq,cmsqp38yc009go94j7ng6su30
,,BROTO LEGAL,https://boards.greenhouse.io/jusbrasil,greenhouse,greenhouse,0,0,f,cmt0g826x6f8mpd4jwxvk149k,cmt0g82756f8opd4jghunmim8
,,BRS INVEST MULTIMERCADO SPE S.A,https://nomos.gupy.io/,gupy,gupy,0,0,t,cmu1basvf0086qb4j1phwmfdh,cmu1basvl0088qb4jmsvgerw0
,,BRZ ADVOGADOS,https://brz.gupy.io/,gupy,gupy,0,0,t,cmsqp38yh009ho94jzyskitsr,cmsqp38yn009jo94j6yoatmkc
,,BUSINESS WORLD FINANCE LTDA,https://worldacceptance.wd12.myworkdayjobs.com/World_Finance,workday,workday,0,0,t,cmu2np1gxaynnnx4jt3kcwqtf,cmu2np1h6aynpnx4jbi3fz359
,,BUY4 PROCESSAMENTO DE PAGAMENTOS S.A.,https://swapfinancial.gupy.io/,gupy,gupy,0,0,f,cmt27m5o753d6o14jeirkix5z,cmt27m5og53d8o14j1av55l5d
,,BVIA NEGOCIOS E PARTICIPACOES S.A.,https://seulugarnaibh.gupy.io/,gupy,gupy,0,0,t,cmtnbwn16kpf4rp4jwhkb3id8,cmtnbwn1ckpf6rp4j6gqguv2t
,,Bain & Company Brasil,https://www.bain.com/pt-br/careers/find-a-role,custom_html,custom_html,0,0,f,cmsqp3902009wo94jqlgdqw5q,cmsqp3908009yo94j0b2osbds
,,Banco Ourinvest,https://bancoourinvest.gupy.io/,gupy,gupy,0,0,t,cmswbm93m0i2mob4j7iwwi7nu,cmswbm93x0i2oob4j2hz49r4j
,,Banco do Brasil,https://www.bb.com.br/site/concurso-bb,custom_html,custom_html,0,0,f,cmsqp393j00ano94jdxw5yxdw,cmsqp393q00apo94jxc6aj919
,,Bazaarvoice,https://jobs.lever.co/bazaarvoice,lever,lever,0,0,f,cmt67kdut00balj4je5y698gk,cmt67kduz00bclj4jx5emrn29
,,Berlinbrandssk,https://boards.greenhouse.io/berlinbrandssk,greenhouse,greenhouse,0,0,f,cmt67kexn00emlj4j79behi6l,cmt67kexv00eolj4jlkvkn590
,,Betunel,https://betunel.gupy.io/,gupy,gupy,0,0,t,cmsqp396600bbo94j5lu2pwia,cmsqp396c00bdo94j8la626hg
,,Bitso Brasil,https://boards.greenhouse.io/bitso,greenhouse,greenhouse,0,0,t,cmsqp396h00beo94jqan5fg5w,cmsqp396r00bgo94jgl40epef
,,Boa Compra/Getnet,https://vagasgetnet.gupy.io/jobs,gupy,gupy,0,0,t,cmsqp397l00bno94j0wai40vo,cmsqp397q00bpo94j5a6v3im0
,,Bob's Brasil,https://bobs.gupy.io/,gupy,gupy,0,0,t,cmsqp398800bto94jindztahf,cmsqp398d00bvo94j857fv67l
,,Boehringer Ingelheim Animal Health,https://www.boehringer-ingelheim.com/br/carreiras/trabalhe-conosco,custom_html,custom_html,0,0,f,cmsqp398j00bwo94js3qlcjdy,cmsqp398p00byo94jtupc78vt
,,Bosch Brasil,https://careers.smartrecruiters.com/BoschGroup/brazil,custom_html,custom_html,0,0,f,cmsqp399900c2o94jm9n1q1a5,cmsqp399f00c4o94jvc2n8mg4
,,Bradesco Saúde,https://bradesco.csod.com/ux/ats/careersite/3/home,custom_html,custom_html,0,0,f,cmsqp399m00c5o94jnu9p5xk0,cmsqp399r00c7o94jkcbpytu1
,,Brado Logística,https://bradologistica.gupy.io/,gupy,gupy,0,0,t,cmsqp399x00c8o94jpybv0yfq,cmsqp39a200cao94j3ilbkvej
,,Braskem (Workday),https://boards.greenhouse.io/braskem,greenhouse,greenhouse,0,0,t,cmsqp39aj00ceo94j0s18qefy,cmt679g1e008slj4jsca4pw8m
,,Braskem (Workday),https://epiw.fa.la1.oraclecloud.com/hcmUI/CandidateExperience/pt-BR/sites/CX_1001/jobs,custom_api,custom_api,0,0,f,cmsqp39aj00ceo94j0s18qefy,cmsqp39ap00cgo94j8swzkno6
,,Braveo,https://braveo.gupy.io/,gupy,gupy,0,0,t,cmsqp39ba00cko94j2ey9wxex,cmsqp39bh00cmo94ju3vfs0vb
,,Brookfield Incorporações,https://brookfield.wd5.myworkdayjobs.com/brookfield,workday,workday,0,0,t,cmsqp39cv00czo94jrhlrd3n5,cmsqp39d000d1o94jkus2zwn7
,,Bruning Tecnometal,https://bruning.gupy.io/,gupy,gupy,0,0,t,cmsqp39dh00d5o94j9o3unrzp,cmsqp39dn00d7o94jttly10um
,,Buildingdecarbonizationcoalition,https://boards.greenhouse.io/buildingdecarbonizationcoalition,greenhouse,greenhouse,0,0,f,cmt67kegv00d1lj4jb85ybn16,cmt67keh200d3lj4ji7ogkcm9
,,Bun/Buntech,https://buntech.gupy.io/,gupy,gupy,0,0,t,cmsqp39ds00d8o94j1f7ue2d0,cmsqp39dy00dao94jybzwo1w0
,,Burger King Brasil,https://burgerking.gupy.io/,gupy,gupy,0,0,t,cmsqp39eh00deo94jwr8m8aq4,cmsqp39em00dgo94jgk014hsg
,,Buser,https://buserbrasil.notion.site/c23e1beb0d634df09a10de5b370f82e5,custom_html,custom_html,0,0,f,cmsqp39er00dho94jit2ilohg,cmsqp39ey00djo94jizcwzrzk
,,C&C,https://boards.greenhouse.io/cc,greenhouse,greenhouse,0,0,t,cmsxt5yl22airnf4j7r3eplwz,cmsxt5ylq2aitnf4j6dyflo4h
,,C5miinsightllc,https://boards.greenhouse.io/c5miinsightllc,greenhouse,greenhouse,0,0,f,cmtxdqtrs0wuclk4jr07110i4,cmtxdqts70wuelk4j7jo5mpo4
,,CAFE SAO BRAZ,https://grupocrm.gupy.io/,gupy,gupy,0,0,t,cmsxik0kg19tanf4jqbvlg1e0,cmsxik0kt19tcnf4jbnqszr48
,,CAGEPA,https://carepa.teamtailor.com/,teamtailor,teamtailor,0,0,t,cmsxijzgi19qgnf4jewpx7lrl,cmsxijzgq19qinf4jfyg1hwmt
,,CAMBUHY ALPA HOLDING LTDA.,https://cambuhyagricola.gupy.io/,gupy,gupy,0,0,t,cmu1qzd0v005ynx4jg1mhtk6m,cmu1qzd110060nx4j4vtpvvbr
,,CANOPUS HOLDING S.A.,https://grupocanopus.gupy.io/,gupy,gupy,0,0,t,cmu30xln5000rn14jnzcem82h,cmu30xlnb000tn14jhwad23os
,,CAOA CHERY AUTOMOVEIS LTDA.,https://caoamontadora.gupy.io/,gupy,gupy,0,0,t,cmu1qzcpd0051nx4jnh3jl5jb,cmu1qzcpj0053nx4j17nwjas4
,,CAP TC TORRES E PARTICIPACOES S.A.,https://rodobensparticipacoes.gupy.io/,gupy,gupy,0,0,t,cmu1qzca30041nx4johcik3gq,cmu1qzca80043nx4jeateq37f
,,CAPAL,https://capago.teamtailor.com/,teamtailor,teamtailor,0,0,t,cmsxcfnvg00b5nf4j31i2k1cn,cmsxcfnvv00b7nf4jczdxdxz2
,,CAPEMISA,https://capemisa.gupy.io/,gupy,gupy,0,0,t,cmsqp39gg00dto94jhgcxats3,cmsqp39gl00dvo94jaapbkcvt
,,CARAMURU,https://terminal39.gupy.io/,gupy,gupy,0,0,t,cmsxcflqi004tnf4jlzc6xvgd,cmsxcflqr004vnf4jw9nwd41a
,,CARGILL ALIMENTOS (NUTRON,https://polinutri.gupy.io/,gupy,gupy,0,0,t,cmsxcfqb500ibnf4jbg8nra5o,cmsxcfqbe00idnf4jbrh74gbk
,,CARGILL ALIMENTOS LTDA,https://cargillbrasil.pandape.com.br/,pandape,pandape,0,0,t,cmtxdow730ws5lk4j1rssgnvw,cmtxdow7a0ws7lk4j384sq357
,,CARREFOUR COMERCIO E INDUSTRIA LTDA,https://farmarin.gupy.io/,gupy,gupy,0,0,t,cmtxdovzr0wrtlk4jr7r51vi8,cmtxdovzy0wrvlk4j3rb0iafr
,,CARRIER TELECOM S/A,https://carrier.wd5.myworkdayjobs.com/jobs,workday,workday,0,0,t,cmtoe1bkt001zpf4jcyfdqt1t,cmtoe1bl00021pf4jw950cf63
,,CAS PARTICIPACOES E ADMINISTRACAO DE BENS PROPRIOS LTDA,https://jaimeadministracaodebensecondominiosltda.pandape.com.br/,pandape,pandape,0,0,t,cmu2nou1fay8snx4j96tr658u,cmu2nou1lay8unx4jooj0jx8y
,,CASA DO ADUBO,https://vagascasadoadubo.gupy.io/,gupy,gupy,0,0,t,cmsxijyw319oynf4ji20le0ix,cmsxijywh19p0nf4j223tlca0
,,CAST INFORMATICA,https://boards.greenhouse.io/castaigroupinc,greenhouse,greenhouse,0,0,t,cmt0kx3go008xsw4j8xi0ueju,cmt0kx3gw008zsw4j58wupd04
,,CASTROLANDA,https://castrolanda.gupy.io/,gupy,gupy,0,0,t,cmsxcfmic0075nf4j8midquyz,cmsxcfmil0077nf4jeda5zxmn
,,CATENO,https://cateno.gupy.io/,gupy,gupy,0,0,t,cmsxcfniw00a2nf4jnoscwbru,cmsxcfnj500a4nf4jgr082fst
,,CBRE Brasil,https://careers.cbre.com/pt_BR/careers/SearchJobs,custom_html,custom_html,0,0,f,cmsqp39h800dzo94juwiewy76,cmsqp39hj00e1o94jy36j60qv
,,CCE OLEOS VEGETAIS LTDA,https://oleoplan.pandape.com.br/,pandape,pandape,0,0,f,cmu30xlrh0016n14j3upp4wpn,cmu30xlro0018n14jv7ddpraq
,,CCR RODOANEL OESTE,https://ecoviasraposocastello.gupy.io/,gupy,gupy,0,0,t,cmt0kx3vm00a0sw4j8la4s3u0,cmt0kx3vv00a2sw4j0xpetwt3
,,CDHU,https://cenhud.wd5.myworkdayjobs.com/cenhud,workday,workday,0,0,t,cmsxcfq4b00htnf4j3hh43md7,cmsxcfq4k00hvnf4jyu8wzi0i
,,CDP,https://cdpworldwide.teamtailor.com/,teamtailor,teamtailor,0,0,t,cmt0nvm220c0lsw4jilokl1y1,cmt0nvm2a0c0nsw4jhvs4h5pt
,,CEDAE,https://cae.wd3.myworkdayjobs.com/career,workday,workday,0,0,t,cmsxcfovk00e5nf4jeb0dynpy,cmsxcfovt00e7nf4jpb699ld2
,,CEHAB RJ,https://cel.gupy.io/,gupy,gupy,0,0,t,cmt0g7znh6f3jpd4jqqlpak9b,cmt0g7zns6f3lpd4j4tnfjky7
,,CELEO REDES BRASIL S.A.,https://celeo.gupy.io/,gupy,gupy,0,0,t,cmu1bassq007uqb4j704i5eht,cmu1bassw007wqb4jiaksbgyc
,,CELEPAR,https://celebrus.teamtailor.com/,teamtailor,teamtailor,0,0,t,cmt0kx3se009usw4j7wpna0ay,cmt0kx3sm009wsw4jwk41lxqq
,,CEMIG DISTRIBUICAO,https://vagasfogas.gupy.io/,gupy,gupy,0,0,t,cmsxcfkgp0012nf4jdcc7u62r,cmsxcfkgy0014nf4jdad1mig2
,,CENEGED,https://cengage.wd5.myworkdayjobs.com/CengageNorthAmericaCareers,workday,workday,0,0,t,cmt0kx32u0080sw4jeb97vmn1,cmt0kx3310082sw4j69pii4aa
,,CENTAURO,https://centaurotalentos.gupy.io/,gupy,gupy,0,0,t,cmpkcfss300oioi4jncxbrtbu,cmpkcfss600okoi4jtp8ux752
,,CENTRAIS ELETRICAS DE SANTA CATARINA SA,https://cocsantacatarina.gupy.io/,gupy,gupy,0,0,t,cmu1qzbnl002snx4jmajhz2c3,cmu1qzbns002unx4jocupimwq
,,CENTRAL DE APARAS LTDA - CAPAM - EM,https://central.pandape.com.br/,pandape,pandape,0,0,t,cmu2np1rtayoenx4j8w3qdns7,cmu2np1rzayognx4jy9whz6jy
,,CENTRO DE DISTRIBUICAO LOGISTICA DO NORTE DO PARANA S/A,https://logisticapanvel.gupy.io/,gupy,gupy,0,0,t,cmu2nowvqaye7nx4j2s8ix3nq,cmu2nowvwaye9nx4ju2802q1w
,,CHEFSPAY PRESTACAO E INTERMEDIACAO DE  SERVICOS DE INTERNET S.A,https://obdintermediacoesetecnologialtda.pandape.com.br/,pandape,pandape,0,0,t,cmtoe1d9l006wpf4jgbu8kts8,cmtoe1d9s006ypf4jfwk7xrd9
,,CHICKEN TECH GLOBAL FOODS LTDA,https://tysonfoods.wd5.myworkdayjobs.com/TEPI,workday,workday,0,0,t,cmtxdowlg0wshlk4jrto5ctd6,cmtxdowlm0wsjlk4jkcqervy7
,,CHRONUS BANK S.A,https://boards.greenhouse.io/kronosresearch,greenhouse,greenhouse,0,0,f,cmu2np22qayoznx4j30j9sqek,cmu2np22xayp1nx4js7u048w8
,,CI&T InHire,https://ciandt.inhire.app/vagas,inhire,inhire,0,0,t,cmsqp39ln00eto94jo8dmvegd,cmsqp39ls00evo94jehu3adyz
,,CIA DE FERRO LIGAS DA BAHIA FERBASA,https://ferbasa.gupy.io/,gupy,gupy,0,0,t,cmu2novyfaydgnx4jb1ow8qx5,cmu2novykaydinx4j7k3y2mib
,,CIA METROPOLITANA DE HABITACAO DE SAO PAULO COHAB SP,https://sicoobunimaisrio.gupy.io/,gupy,gupy,0,0,t,cmu2np2ubayqznx4jheyfoqss,cmu2np2uhayr1nx4jlzdyfgj0
,,CIA PROVIDENCIA (BERRY),https://kmkp.wd1.myworkdayjobs.com/TPGCareers,workday,workday,0,0,t,cmsxkv8zx1gqqnf4j2tf1ud8w,cmsxkv9071gqsnf4jfg42t8l0
,,CIBRAFERTIL,https://cibra.gupy.io/,gupy,gupy,0,0,t,cmsxcfmsg007znf4ju3b9v9q8,cmsxcfmss0081nf4j7dlq1xz4
,,CIEE SC,https://cieesc.gupy.io/,gupy,gupy,0,0,t,cmsqp39mr00ezo94jrkmr5gl5,cmsqp39mz00f1o94j8wjyg2y3
,,CIGAS,https://cigames.teamtailor.com/,teamtailor,teamtailor,0,0,t,cmsxcfokd00d5nf4jddq3nf8h,cmsxcfokl00d7nf4j5bc3ucqv
,,CIMENTO APODI,https://cimentoapodi.gupy.io/,gupy,gupy,0,0,t,cmsxt5zh72alinf4j94cwblpo,cmsxt5zhf2alknf4jre4rydeh
,,CIRURGICA FERNANDES,https://hmdcc.gupy.io/,gupy,gupy,0,0,t,cmt0g828d6f8ppd4jsycgpf6b,cmt0g828m6f8rpd4jhd8e6jfw
,,CLAUDINO S A LOJAS DE DEPARTAMENTOS,https://talentossocic.gupy.io/,gupy,gupy,0,0,t,cmu1qzdje007dnx4jtpplya34,cmu1qzdjj007fnx4jvm0ynvps
,,CLEAR SALE S.A.,https://clearsale.gupy.io/,gupy,gupy,0,0,t,cmpkcfsk500j9oi4jpk7ffx6y,cmpkcfsk700jboi4jrvoeuomq
,,CLUB MED,https://clubmed.pandape.com.br/,pandape,pandape,0,0,t,cmt0g81186f6ppd4jo65b5u2j,cmt0g811i6f6rpd4jzelaomwv
,,CNH INDUSTRIAL BRASIL LTDA.,https://grupotracan.gupy.io/,gupy,gupy,0,0,t,cmtxdox5q0wttlk4j5ogv5urt,cmtxdox5w0wtvlk4jkfrpm0du
,,COAL,https://gcaa.wd3.myworkdayjobs.com/GCAA_Careers,workday,workday,0,0,t,cmt0nvn3o0c33sw4j7unuo2ug,cmt0nvn3x0c35sw4js753te03
,,COCAM,https://theirc.wd1.myworkdayjobs.com/en-US/External_Careers,workday,workday,0,0,t,cmt0g80r06f67pd4j8z2tu6i3,cmt0g80ra6f69pd4j35j3tsrn
,,COCATREL,https://cotality.wd115.myworkdayjobs.com/Global,workday,workday,0,0,t,cmsxcfqvd00k5nf4j9abjl10v,cmsxcfqvm00k7nf4jge7esy7e
,,CODEMIG,https://gigancicodinggiants-1732891096.teamtailor.com/,teamtailor,teamtailor,0,0,t,cmsxijyyk19p4nf4j8nbnwmxj,cmsxijyz119p6nf4j03n7wuct
,,COELCE,https://cooley.wd1.myworkdayjobs.com/Cooley_US_LLP,workday,workday,0,0,t,cmsxcfld5003qnf4j4tgbgity,cmsxcflde003snf4jzj59x709
,,COFCO INTERNATIONAL,https://cogeco.wd3.myworkdayjobs.com/Cogeco_Careers,workday,workday,0,0,t,cmsxcfkdy000tnf4jsx0vcodw,cmsxcfke7000vnf4jxhse0xl7
,,COGNIZANT SERVICOS DE TECNOLOGIA E SOFTWARE DO BRASIL LTDA,https://collaborative.wd1.myworkdayjobs.com/SalesOpenings,workday,workday,0,0,t,cmtmvnz5skeferp4j6txhrlpp,cmtmvnz62kefgrp4jd2utj51y
,,COLEGIO ELEVA EDUCACAO LTDA,https://escolaeleva.gupy.io/,gupy,gupy,0,0,t,cmu2np2b6aypnnx4jh9zlmats,cmu2np2bcayppnx4jvnshj2s2
,,COLUMBIA TRADING,https://columbiasportswearcompany.wd5.myworkdayjobs.com/CSC_Careers,workday,workday,0,0,t,cmsxcfojg00d2nf4jxn2lg24y,cmsxcfojp00d4nf4jv8499lf1
,,COMBIO,https://cambio.teamtailor.com/,teamtailor,teamtailor,0,0,t,cmt0g81bb6f7apd4ju2ltq4x9,cmt0g81bk6f7cpd4jove14gi1
,,COMERCIAL E IMPORTADORA DE PNEUS LTDA,https://gfpneus.gupy.io/,gupy,gupy,0,0,t,cmu2np3npaysenx4jumdfnj87,cmu2np3nwaysgnx4j8mta10h4
,,COMIGO,https://fogo.wd5.myworkdayjobs.com/Fogo,workday,workday,0,0,t,cmsxcfkqy001znf4j1srs5jk4,cmsxcfkr60021nf4jvwz5sw3a
,,COMPANHIA BRASILEIRA DE OFFSHORE,https://baruoffshore.gupy.io/,gupy,gupy,0,0,t,cmu2np0xaaymenx4jkxo065z2,cmu2np0xfaymgnx4j1teylwe5
,,COMPANHIA DE DESENVOLVIMENTO DO COMPLEXO INDUSTRIAL E PORTUARIO DO PECEM - CIPP,https://phoenix.gupy.io/,gupy,gupy,0,0,t,cmu2noyu8ayiqnx4jl0a8exkm,cmu2noyueayisnx4j7avfnjag
,,COMPANHIA DO METROPOLITANO DE SAO PAULO - METRO,https://sicoobmetropolitano.gupy.io/,gupy,gupy,0,0,t,cmtxdouri0wpblk4jb845se3y,cmtxdouro0wpdlk4jk1op2vgo
,,COMPANHIA DO METROPOLITANO DO DISTRITO FEDERAL METRO DF,https://udf.gupy.io/,gupy,gupy,0,0,t,cmu1basur0083qb4jk9ogh7gy,cmu1basuy0085qb4jtqxkuvvf
,,COMPANHIA DOCAS DO RIO DE JANEIRO,https://casaevideo.gupy.io/,gupy,gupy,0,0,t,cmu1qzc07003dnx4jz7ogg5m7,cmu1qzc0f003fnx4j7o9460j2
,,COMPANHIA ENERGETICA DE MINAS GERAIS-CEMIG,https://forluz.gupy.io/,gupy,gupy,0,0,t,cmtxdovh00wqqlk4jvjvxk9tv,cmtxdovh70wqslk4jvp6kpll7
,,COMPANHIA ENERGETICA DE PERNAMBUCO,https://companhia.pandape.com.br/,pandape,pandape,0,0,t,cmu2nounaaya4nx4j8oplw2ec,cmu2nounhaya6nx4jt6zfxo0p
,,COMPANHIA ENERGETICA DO CEARA,https://sveletrica.gupy.io/,gupy,gupy,0,0,t,cmu1qzcoo004ynx4jqcheedi8,cmu1qzcou0050nx4jw6f7zvmj
,,COMPANHIA FLORESTAL DO BRASIL,https://emflora.gupy.io/,gupy,gupy,0,0,t,cmu1qzcvm005jnx4jkcmqwlrd,cmu1qzcvu005lnx4j6pvl4cq9
,,COMPANHIA NACIONAL DE CIMENTO - CNC,https://cnc.gupy.io/,gupy,gupy,0,0,t,cmu2nozn9aykhnx4jjp14x341,cmu2nozniaykjnx4jm7zencbr
,,COMPANHIA PAULISTA DE PARCERIAS - CPP,https://vagasgpappp.gupy.io/,gupy,gupy,0,0,t,cmu2novdmaybynx4jqf13sftc,cmu2novdrayc0nx4jfmvimlwz
,,CONCESSAO SISTEMA RODOVIARIO PONTE SALVADOR ILHA DE ITAPARICA SA,https://viabrasilmt.gupy.io/,gupy,gupy,0,0,t,cmu2noz60ayjnnx4j0uo9xjw3,cmu2noz66ayjpnx4jptgemenp
,,CONCESSIONARIA DE SANEAMENTO DO AMAPA SPE S.A.,https://vempravitasertao.gupy.io/,gupy,gupy,0,0,t,cmu2np0rwaym2nx4j6mi01kn0,cmu2np0s2aym4nx4jk7vibgah
,,CONCIERGE SANUS S.A.,https://sanus.inhire.app/,inhire,inhire,0,0,t,cmtoe1cnn005kpf4j6e678tdu,cmtoe1cnt005mpf4jhf7x8b94
,,CONCIL INTELIGENCIA EM CONCILIACAO S.A.,https://concilig.gupy.io/,gupy,gupy,0,0,t,cmt27m7bm53i3o14jtkicopm0,cmt27m7bu53i5o14j9ivac0dn
,,CONSTELLATION,https://boards.greenhouse.io/constellationsoftwareinc,greenhouse,greenhouse,0,0,t,cmsxijyop19ognf4j4th4p1xk,cmsxijyp619oinf4jfyyxs81k
,,CONSTRUCAP,https://construcapobras.gupy.io/,gupy,gupy,0,0,t,cmsxijyle19o7nf4jejxyqpo6,cmsxijylp19o9nf4j9n3iiqa0
,,CONSTRUDECOR S/A,https://jobs.ashbyhq.com/constructor,ashby,ashby,0,0,f,cmu2noykyayi7nx4jdevnts5q,cmu2noyl4ayi9nx4jk9kbishq
,,CONTAAZUL SOFTWARE LTDA,https://contaazul.inhire.app/,inhire,inhire,0,0,t,cmt27m5vu53duo14j9oq3qky2,cmt27m5w253dwo14jpfiwbpfo
,,CONTAX S.A. - EM RECUPERACAO JUDICIAL EM RECUPERACAO JUDICIAL,https://trabalhenacontaja.gupy.io/,gupy,gupy,0,0,t,cmu2novheaycanx4j6v4a8jvo,cmu2novhkayccnx4j0hk58xx1
,,COOPERATIVA DE CREDITO DE LIVRE ADMISSAO DO SUDOESTE GOIANO,https://crediceripa.gupy.io/,gupy,gupy,0,0,t,cmu2np2wnayr5nx4jnnzbwwjj,cmu2np2wtayr7nx4jnrelb5cp
,,COOPERATIVA FRISIA,https://agraria.gupy.io/,gupy,gupy,0,0,t,cmsxcfm6n0065nf4jb6wrqu5e,cmsxcfm6v0067nf4jyel8ibjm
,,COOPERCITRUS,https://coopercitrus.gupy.io/,gupy,gupy,0,0,t,cmsxcfltf0052nf4j92q0yqot,cmsxcflu20054nf4j1dkdsa88
,,COPACOL,https://copacol-poc.inhire.app/,inhire,inhire,0,0,t,cmsxcfl5i0038nf4jpufkcdbf,cmsxcfl5q003anf4jothwssjn
,,COPAGRIL,https://copag.gupy.io/,gupy,gupy,0,0,f,cmsxcfpey00ftnf4jjxwh6oby,cmsxcfpf800fvnf4jjuuieyoc
,,COPASTUR,https://copastur.gupy.io/,gupy,gupy,0,0,t,cmsqp39p600feo94j8syo3fgq,cmsqp39pc00fgo94jjbfikgzc
,,COPEL ENERGIA,https://copelenergia.gupy.io/,gupy,gupy,0,0,t,cmsxcfnmq00aenf4jp7ob11l4,cmsxcfnn100agnf4jycx1zsec
,,CORRECTA,https://grupoelalto-1738067471.teamtailor.com/,teamtailor,teamtailor,0,0,t,cmsxijymm19oanf4js1hvcn0c,cmsxijymv19ocnf4j1dzkfrvs
,,COSERN,https://iberdrola.wd3.myworkdayjobs.com/pt-BR/Iberdrola/details/Trabalhe-Conosco---Neoenergia_R-00047,custom_html,custom_html,0,0,f,cmpkcfskj00jioi4jpuxrk9jr,cmpkcfskl00jkoi4jyiewysu7
,,COTA REAL INVESTIMENTOS LTDA,https://real.pandape.com.br/,pandape,pandape,0,0,t,cmu1qzbw00034nx4j5clcpm2h,cmu1qzbw50036nx4jnphkn5me
,,COTY BRASIL COMERCIO S.A.,https://grupocoty.gupy.io/,gupy,gupy,0,0,t,cmu2noyz3ayj6nx4jccdaebcg,cmu2noyz9ayj8nx4jxphm6lyy
,,CP KELCO,https://kelcopetcare.gupy.io/,gupy,gupy,0,0,t,cmsxt5zjs2alrnf4j2xhpb54y,cmsxt5zk12altnf4jt8283993
,,CPFL Energia,https://vagas.cpfl.com.br/search,custom_html,custom_html,0,0,f,cmsqp39q500fko94jk2y9q8q6,cmsqp39qa00fmo94jy57rpzqs
,,CQA,https://cqa.gupy.io/,gupy,gupy,0,0,t,cmsqp39qg00fno94j8anhav59,cmsqp39ql00fpo94j3zmczmol
,,CRISTINO CASTRO SOLAR HOLDING S.A.,https://solarig.teamtailor.com/,teamtailor,teamtailor,0,0,t,cmu2noxcaayfdnx4jxlu0aehp,cmu2noxcgayffnx4jlonklnlf
,,CRUZEIRO DO SUL EDUCACIONAL S.A.,https://cruzeirodosul.gupy.io/,gupy,gupy,0,0,t,cmpkcfske00jfoi4jtuttojfa,cmpkcfskg00jhoi4je0jgjfza
,,CSD,https://csdautismservices.wd108.myworkdayjobs.com/CSD_Careers,workday,workday,0,0,t,cmsxcfnsh00awnf4ji3c1dnot,cmsxcfnsu00aynf4jdkr14b54
,,CSU DIGITAL S.A.,https://csudigital.pandape.infojobs.com.br/,pandape,pandape,0,0,t,cmpkcfskn00jloi4j1nxog2jd,cmpkcfskp00jnoi4jg77nc5op
,,CTBX VENTURE INVESTMENTS S/A,https://boards.greenhouse.io/alumniventures,greenhouse,greenhouse,0,0,t,cmu2np2fjaypznx4j4kam48nz,cmu2np2fpayq1nx4jeqylypy6
,,CTC,https://boards.greenhouse.io/ctccampusboard,greenhouse,greenhouse,0,0,t,cmt0kx4ng00c9sw4jfvj0dlpl,cmt0kx4no00cbsw4jdnu48yam
,,CUTIA EMPREENDIMENTOS EOLICOS S/A,https://ibitu.gupy.io/,gupy,gupy,0,0,t,cmu2nox60ayevnx4j921e9uhj,cmu2nox67ayexnx4j8fzc76jx
,,CVLB (LE BISCUIT),https://lebiscuit.gupy.io/,gupy,gupy,0,0,t,cmsxijyf619npnf4jg9u85mps,cmsxijyfj19nrnf4jkc2bp1d7
,,CYBORG HOLDING COMPANY OF BRAZIL S/A,https://jobs.ashbyhq.com/company,ashby,ashby,0,0,t,cmu2novftayc4nx4j58wy4bz9,cmu2novg1ayc6nx4juwuaqjp1
,,Cabral Motor Honda,https://cabralmotor.gupy.io/,gupy,gupy,0,0,t,cmsqp39t000fzo94jyfv2llrz,cmsqp39uw00g1o94jwge7n759
,,Caixa Econômica Federal,https://www.caixa.gov.br/sobre-a-caixa/trabalhe-na-caixa/Paginas/default.aspx,custom_html,custom_html,0,0,f,cmsqp39wo00gbo94jsm41li2h,cmsqp39wu00gdo94jwo0a30ze
,,Caixa Residencial,https://caixaresidencial.gupy.io/,gupy,gupy,0,0,t,cmsqp39x000geo94jm1bso5o7,cmsqp39x700ggo94jqv38tirk
,,Camed Microcrédito,https://camedmicrocredito.gupy.io/,gupy,gupy,0,0,t,cmsqp39xp00gko94jagozcm5h,cmsqp39xx00gmo94j1iuedq91
,,Campusworksinc,https://jobs.lever.co/campusworksinc,lever,lever,0,0,f,cmu5gecyp69lale5f2l7revwq,cmu5gecz069lcle5fy4oclmq9
,,Canadian Solar Brasil,https://canadiansolar.gupy.io/,gupy,gupy,0,0,t,cmsqp39yl00gqo94jc2isof8p,cmsqp39yr00gso94jgllbrlbg
,,Canonical,https://boards.greenhouse.io/canonical,greenhouse,greenhouse,0,0,f,cmtoe622d0096pf4j859nq9px,cmtoe622t0098pf4jyr8j8rld
,,Capgemini Brasil,https://www.capgemini.com/br-pt/carreira/busca-de-vagas,custom_html,custom_html,0,0,f,cmsqp39z800gwo94jg1mevyq9,cmsqp39ze00gyo94j5kf219qr
,,Casa do Celular,https://casadocelular.gupy.io/,gupy,gupy,0,0,t,cmsqp3a0s00h8o94jj73hbmeh,cmsqp3a0z00hao94jxji0sqrq
,,Cascione Advogados,https://cascione.gupy.io/,gupy,gupy,0,0,t,cmsqp3a2e00hno94j6xzzjr79,cmsqp3a2k00hpo94j4llp5hjw
,,Casium,https://jobs.ashbyhq.com/casium,ashby,ashby,0,0,f,cmt67kdq200avlj4j5qdn0chp,cmt67kdqa00axlj4janr0g23v
,,Catharine Hill,https://catharinehill.gupy.io/,gupy,gupy,0,0,t,cmsqp3a3p00hzo94j3n4hr4d0,cmsqp3a3v00i1o94j3zzy7r88
,,Cebrace,https://cebrace.gupy.io/,gupy,gupy,0,0,t,cmsqp3a4000i2o94jcszfbuup,cmsqp3a4600i4o94j4bxu9mg8
,,Cellera Farma,https://cellerafarma.gupy.io/,gupy,gupy,0,0,t,cmsqp3a5b00ieo94juck2p3ya,cmsqp3a5g00igo94jcjj75mnb
,,CentralAr.com,https://centralar.gupy.io/,gupy,gupy,0,0,t,cmsqp3a5x00iko94jm7fhv7ir,cmsqp3a6300imo94jtt2y614r
,,Cerpa Cervejaria Paraense,https://cerpacervejaria.gupy.io/,gupy,gupy,0,0,t,cmsqp3a6900ino94jpglj89da,cmsqp3a6e00ipo94jh9ava9vg
,,Cetrel,https://cetrel.gupy.io/,gupy,gupy,0,0,t,cmsx2ncvh51eaob4jwe6catte,cmsx2nd1551ecob4js4l0107z
,,Cfgi,https://jobs.lever.co/cfgi,lever,lever,0,0,f,cmtvkg71ghlrirs4jx2mz47fc,cmtvkg71ohlrkrs4je652g8ke
,,Check Up Hospital,https://checkuphospital.gupy.io/,gupy,gupy,0,0,t,cmsqp3a6u00ito94ju2lio4ma,cmsqp3a7000ivo94jgyrzbs9e
,,Ciandt,https://jobs.lever.co/ciandt,lever,lever,0,0,f,cmtoe62cy009upf4jtx53ujv1,cmtoe62d6009wpf4jcoe4q87z
,,Cinex,https://cinex.gupy.io/,gupy,gupy,0,0,t,cmsqp3a9f00jho94jld9bha4c,cmsqp3a9k00jjo94jo8dmif94
,,Citi Brasil,https://jobs.citi.com/busca-de-vagas/Brasil/5350/2/3469034/-10/-55/50/2,custom_html,custom_html,0,0,f,cmsqp3aa100jno94ja7qd7d5o,cmsqp3aa700jpo94jvnart2rw
,,Clamed Lojas,https://clamedlojas.gupy.io/,gupy,gupy,0,0,t,cmstfz3f85bufo94jcexjn6mb,cmstfz3lh5buho94jevtpzfu3
,,Clearco,https://jobs.ashbyhq.com/clearco,ashby,ashby,0,0,f,cmt67ke7300c7lj4jzl061xab,cmt67ke7b00c9lj4j9bfu2mgf
,,CloudWalk,https://jobs.lever.co/cloudwalk,lever,lever,0,0,t,cmsqp3abm00jzo94jaw9sqrty,cmsqp3abr00k1o94jse1layq2
,,Club Athletico Paranaense,https://athletico.gupy.io/,gupy,gupy,0,0,t,cmsqp3abx00k2o94jeeh72kyp,cmsqp3ac300k4o94jzq54nit8
,,Clube Moms,https://clubemoms.gupy.io/,gupy,gupy,0,0,t,cmsqp3ac800k5o94j6905j89i,cmsqp3acd00k7o94jzj5i4pa4
,,Clínica Rio de Janeiro,https://clinicariodejaneiro.gupy.io/,gupy,gupy,0,0,t,cmsqp3acv00kbo94j4xeais4j,cmsqp3ad100kdo94jo09mo4nr
,,Cobre,https://boards.greenhouse.io/cobre,greenhouse,greenhouse,0,0,f,cmt67kee500cslj4jtqddk72m,cmt67keed00culj4j7z071ce1
,,Cocal,https://cocal.gupy.io/,gupy,gupy,0,0,t,cmsqp3ae800kno94jibxwqvsk,cmsqp3aed00kpo94jj3r3nlgq
,,Cognizant Brasil,https://careers.cognizant.com/latam-pt/vagas,custom_html,custom_html,0,0,f,cmsqp3agc00l2o94jngf97rka,cmsqp3agj00l4o94jt5h36cuo
,,Colgate-Palmolive Brasil,https://jobs.colgate.com/go/Ver-todas-as-posi%C3%A7%C3%B5es/8506100,custom_html,custom_html,0,0,f,cmsqp3ahq00lbo94j0fm0vl80,cmsqp3ahw00ldo94j1zghdl49
,,Collabora,https://jobs.lever.co/collabora,lever,lever,0,0,f,cmt67kecr00cmlj4jl6e9mmhe,cmt67kecy00colj4jafzni6aq
,,Colégio Uirapuru,https://colegiouirapuru.gupy.io/,gupy,gupy,0,0,t,cmsqp3aii00lho94j6eurny18,cmsqp3aio00ljo94j1ur0wyzc
,,Comerc Energia,https://comerc.gupy.io/,gupy,gupy,0,0,t,cmsqp3aiy00lko94j0gz7xl85,cmsqp3aj400lmo94j7io3f5n5
,,Compa,https://jobs.ashbyhq.com/compa,ashby,ashby,0,0,f,cmt67ke7y00calj4jqx1x0m2z,cmt67ke8500cclj4j9atqh2af
,,Condor Super Center,https://institucional.condor.com.br/trabalhe_conosco,custom_html,custom_html,0,0,f,cmsqp3akk00lzo94jnkrb2eg8,cmsqp3akq00m1o94j13mop8e8
,,Confiant,https://jobs.ashbyhq.com/confiant,ashby,ashby,0,0,f,cmt67ke8v00cdlj4jout15dua,cmt67ke9400cflj4j7nspvnzb
,,Continental Brasil,https://conti.gupy.io/,gupy,gupy,0,0,t,cmsqp3an700mno94jq0vi6d5w,cmsqp3ane00mpo94j4tx1uh0g
,,Copapel,https://copapel.gupy.io/,gupy,gupy,0,0,t,cmsqp3aof00mwo94jex42jjyn,cmsqp3aol00myo94j6sg1jmj8
,,Coplana,https://coplana.gupy.io/,gupy,gupy,0,0,t,cmsqp3ap300n2o94j005jt0ug,cmsqp3ap900n4o94j9kmc2zvc
,,Correios,https://prosel.correios.com.br/,custom_html,custom_html,0,0,f,cmsqp3aqa00nbo94jbnvrplt6,cmsqp3aqg00ndo94jtvqh4nz0
,,Cortex Data,https://careers.example.com/cortex-data-d4de56cc,custom_html,custom_html,0,0,f,cmsqp3arn00nno94jrswqpmbb,cmsqp3aru00npo94jd01y8qoc
,,Cosan,https://cosan.gupy.io/,gupy,gupy,0,0,t,cmsqp3at600nwo94j37lh8gie,cmsqp3atd00nyo94jk4hwy7gf
,,Cosmoslabs,https://boards.greenhouse.io/cosmoslabs,greenhouse,greenhouse,0,0,f,cmt67kdil00adlj4j2l453nu0,cmt67kdiu00aflj4jzuhpzljm
,,Covestro Brasil,https://covestro.wd3.myworkdayjobs.com/cov_external,workday,workday,0,0,t,cmsqp3atj00nzo94jhoisq5kl,cmsqp3atp00o1o94jqf00khot
,,Covre Transportes e Logística,https://covre.gupy.io/,gupy,gupy,0,0,t,cmsqp3atw00o2o94jvjbr0ew4,cmsqp3au300o4o94jyt93bew5
,,Cummins Brasil,https://cummins-brazil.jobs/,custom_html,custom_html,0,0,f,cmsqp3axr00owo94jwgbzw1dz,cmsqp3axx00oyo94j4h34ftxm
,,Cyrela Plurall,https://pcdcyrela.gupy.io/,gupy,gupy,0,0,t,cmsqp3azk00pbo94jkio5jov0,cmsqp3azq00pdo94jphm4g5yu
,,DAE JUNDIAI,https://astra-sa-industria-comercio.gupy.io/,gupy,gupy,0,0,t,cmt0g82on6f9vpd4jnz5zs37e,cmt0g82ow6f9xpd4ji1kygg28
,,DAF CAMINHOES BRASIL INDUSTRIA LTDA.,https://macpontacaminhoes.gupy.io/,gupy,gupy,0,0,t,cmu1qzbjf002jnx4jfsr3vdd8,cmu1qzbjp002lnx4ji5h9bxq2
,,DAIMLER TRUCK FINANCIAL SERVICES BRASIL HOLDING S.A.,https://dtna.wd5.myworkdayjobs.com/DTNA_external,workday,workday,0,0,t,cmu2nowzpayegnx4j4tlhqbv6,cmu2nowzvayeinx4jgmyxm86x
,,DAKOTA,https://jobs.ashbyhq.com/dakota,ashby,ashby,0,0,t,cmsxt60wq2aprnf4jyuxgn30s,cmsxt60x02aptnf4jpoghhqe3
,,DASA,https://dasaassistencial.gupy.io/,gupy,gupy,0,0,t,cmpkcfskw00jroi4j5e1ve6hg,cmpkcfsky00jtoi4j7on4ef3o
,,DASS NORDESTE CALCADOS E ARTIGOS ESPORTIVOS S.A,https://grupodass.pandape.com.br/,pandape,pandape,0,0,t,cmu2nov3jayb7nx4jruw8a5bk,cmu2nov3payb9nx4j2wocfw0z
,,DAVITA BRASIL PARTICIPACOES E SERVICOS DE NEFROLOGIA LTDA.,https://davitatratamentorenal.gupy.io/,gupy,gupy,0,0,t,cmu19ml5l5zyqo64j7vvjidg6,cmu19ml5p5zyso64jqnbiqzxf
,,DAZN MEDIA BRASIL SERVICOS LTDA.,https://dasaatendimento.gupy.io/,gupy,gupy,0,0,t,cmt27m6y353h0o14j29e5mbnt,cmt27m6yc53h2o14jlwacl2xg
,,DB Schenker Brasil,https://dbdiagnosticos.gupy.io/,gupy,gupy,0,0,t,cmswbma840i64ob4jbjbd6s7l,cmswbma8d0i66ob4j8shaztbx
,,DE MILLUS,https://boards.greenhouse.io/mill,greenhouse,greenhouse,0,0,t,cmsxt5zrl2amfnf4j6rosas8g,cmsxt5zru2amhnf4jux7d5pyg
,,DEICMAR,https://deichmann-es.teamtailor.com/,teamtailor,teamtailor,0,0,t,cmsxt5x4q2affnf4jb9n3w3f0,cmsxt5x4y2afhnf4juqcnjahe
,,DELIVERY MUCH TECNOLOGIA S.A.,https://deliverymuch.gupy.io/,gupy,gupy,0,0,t,cmtnbwnbekpfyrp4jysbnuu93,cmtnbwnbkkpg0rp4j5aa32j5z
,,DELTA,https://riverdeltaunifiedschooldistrict.teamtailor.com/,teamtailor,teamtailor,0,0,t,cmsxt5xqz2ahcnf4jfnbec444,cmsxt5xxd2ahenf4jmfpnouky
,,DELTA SUCROENERGIA S.A,https://deltaenergia.gupy.io/,gupy,gupy,0,0,t,cmu19mmbd601no64jkp7j8raq,cmu19mmbj601po64jpupyqkni
,,DESKTOP - SIGMANET COMUNICAÇÃO MULTIMÍDIA S.A.,https://desktopinternet.pandape.infojobs.com.br/,custom_html,custom_html,0,0,f,cmpkcfsl000juoi4j6fuh0i08,cmpkcfsl300jwoi4j1b5lyrph
,,DESKTOP S.A.,https://jobs.ashbyhq.com/sola,ashby,ashby,0,0,f,cmu2np17saynbnx4j6i93lb84,cmu2np17xayndnx4j4ki9cdds
,,DESTAXA TECNOLOGIA PARA VAREJO LTDA,https://queroqueroprogramas.pandape.com.br/,pandape,pandape,0,0,t,cmt2s7aj560bto14jk0uzpb97,cmt2s7ajd60bvo14jj5srufpg
,,DEUTSCHE BANK SA BANCO ALEMAO,https://db.wd3.myworkdayjobs.com/en-US/DBWebsite,workday,workday,0,0,t,cmu1qzdir007anx4j57vjdb34,cmu1qzdix007cnx4j890p1i52
,,DFS HOLDING SOUTH AMERICA S.A.,https://dfdsgermany.teamtailor.com/,teamtailor,teamtailor,0,0,t,cmu2nox5dayesnx4jjrriecum,cmu2nox5iayeunx4jh2jpcc1l
,,DHARMA - AI S.A.,https://jobs.lever.co/shieldai,lever,lever,0,0,t,cmtoe1ceh004qpf4jv04zvgb1,cmtoe1ceo004spf4jzo8nh7lm
,,DHL Brasil,https://careers.dhl.com/amer/pt/dhl-brasil,custom_html,custom_html,0,0,f,cmsqp3b0p00peo94jn9395ulr,cmsqp3b0u00pgo94j1t675r1f
,,DIAMANTINA EOLICA PARTICIPACOES S.A.,https://toyotadiamantina.gupy.io/,gupy,gupy,0,0,t,cmu2np3exayrznx4jn4p19zkx,cmu2np3f3ays1nx4jmrtjpcxq
,,DISRUPTION LOGISTICS & TRANSPORT LTDA,https://peakperformance.teamtailor.com/,teamtailor,teamtailor,0,0,t,cmu1qzci8004mnx4jdiokbo4v,cmu1qzcie004onx4jj54uhyxc
,,DM,https://vocedm.inhire.app/vagas,inhire,inhire,0,0,t,cmsqp3b1c00pho94jdnpcmxsk,cmsqp3b1j00pjo94jmvzl54j6
,,DNMV SISTEMAS LTDA,https://keskosenukailithuania.teamtailor.com/,teamtailor,teamtailor,0,0,t,cmtoe1cte005zpf4j9vd1n550,cmtoe1ctk0061pf4js020re31
,,DOC 88 DESENVOLVIMENTO E SERVICOS LTDA,https://odequadroservicos.gupy.io/,gupy,gupy,0,0,t,cmt27m6xa53gxo14jch92eesi,cmt27m6xh53gzo14jxaua2di4
,,DOCUSIGN BRASIL SOLUCOES EM TECNOLOGIA LTDA.,https://konicaminolta.gupy.io/,gupy,gupy,0,0,t,cmt27m6wj53guo14jk8ba372x,cmt27m6wq53gwo14jgmczkyjd
,,DOJO SOLUCOES TECNOLOGICAS S.A.,https://boards.greenhouse.io/dojo,greenhouse,greenhouse,0,0,t,cmtvkcrl1hlqkrs4j9m19vf5l,cmtvkcrl5hlqmrs4j5b0es7it
,,DRAMD PARTICIPACOES E ADMINISTRACAO LTDA,https://vagasdrsgroup.gupy.io/,gupy,gupy,0,0,t,cmu30xm5o001xn14jt12g66ty,cmu30xm5u001zn14jehfqynxg
,,DROGARIA ARAUJO,https://vempraestacio.gupy.io/,gupy,gupy,0,0,t,cmsxcfo7z00c5nf4jaw5l6rce,cmsxcfo8800c7nf4j4jziewtv
,,DUFRIO,https://dufrio.pandape.infojobs.com.br/,custom_api,custom_api,0,0,f,cmsx2pri951edob4jm3diujp7,cmsx2prik51efob4jyefdvv77
,,DUFRY DO BRASIL DUTY FREE SHOP LTDA.,https://carreirasdufry.gupy.io/,gupy,gupy,0,0,t,cmu2np4m8aythnx4jvlpmhm3y,cmu2np4mdaytjnx4jrtyz6v3b
,,DUFRY LOJAS FRANCAS LTDA.,https://dufry.pandape.com.br/,pandape,pandape,0,0,t,cmu2nox71ayeynx4j9esec750,cmu2nox76ayf0nx4jnoowkgmk
,,DUN & BRADSTREET DO BRASIL LTDA,https://jobs.lever.co/dnb,lever,lever,0,0,f,cmtoe1c5z003wpf4jzczzmvo0,cmtoe1c66003ypf4j46x6izlx
,,Danaher Brasil,https://danaher.jobs/locations/s%C3%A3o-paulo-bra/jobs,custom_html,custom_html,0,0,f,cmsqp3b2q00pno94jf412zeu7,cmsqp3b2y00ppo94j3s85jqu9
,,Danone Brasil,https://dana.gupy.io/,gupy,gupy,0,0,t,cmswbmaj00i71ob4jg14zpipx,cmswbmaja0i73ob4jim4i8jxg
,,Deel Brasil,https://jobs.ashbyhq.com/deel,ashby,ashby,0,0,t,cmsqp3b5c00q8o94jhrrcuh5f,cmsqp3b5i00qao94j4hko0y2s
,,Deepl,https://jobs.ashbyhq.com/DeepL,ashby,ashby,0,0,f,cmt67kevt00eglj4jo4pq0g4i,cmt67kew100eilj4j6n8ne4y4
,,Deepsky,https://jobs.lever.co/deepsky,lever,lever,0,0,f,cmt67kdtz00b7lj4jbrq0y79u,cmt67kdu600b9lj4jz7a8jgof
,,Dell Technologies Brasil,https://dell.wd1.myworkdayjobs.com/ExternalNonPublic,workday,workday,0,0,f,cmsqp3b5z00qeo94jxoakqtcj,cmsqp3b6500qgo94j9sdzfamc
,,Demarest Advogados,https://demarest.gupy.io/,gupy,gupy,0,0,t,cmsqp3b6n00qko94jnb6zfj9m,cmsqp3b6t00qmo94jdbt6rv9r
,,Diageo Brasil,https://diageo.wd3.myworkdayjobs.com/pt-BR/Diageo_Careers,workday,workday,0,0,t,cmswbo9hk0iaaob4jvzhe4di0,cmswbo9hw0iacob4j5rbdoryd
,,Diagnósticos da América (DASA),https://dasaassistencial.gupy.io/jobs,gupy,gupy,0,0,t,cmsqp3b7z00qwo94jf1qlq440,cmsqp3b8600qyo94jzamkzv4n
,,Disfer Distribuidora,https://disferdistribuidora.gupy.io/,gupy,gupy,0,0,t,cmsqp3b8c00qzo94jndc7a3qp,cmsqp3b8i00r1o94j4pzikm7s
,,Dock,https://dock.gupy.io/,gupy,gupy,0,0,t,cmsqp3b9100r5o94j26w0sf2f,cmsqp3b9700r7o94j2zjypl09
,,Dock.tech GH,https://dock.gupy.io/jobs,gupy,gupy,0,0,t,cmsqp3b9d00r8o94juduax1g1,cmsqp3b9i00rao94jt7ljmydj
,,Duty Cosméticos,https://dutycosmeticos.gupy.io/,gupy,gupy,0,0,t,cmsqp3bac00rho94j89z45bck,cmsqp3bah00rjo94jo85a3lz6
,,EAGLE OF AGRIBUSINESS HOLDING LTDA,https://jobs.ashbyhq.com/eagle,ashby,ashby,0,0,t,cmtxdowa90ws8lk4jdo22fdx9,cmtxdowhn0wsalk4jmmvojwfk
,,EAGLES PARTICIPACOES S.A.,https://boards.greenhouse.io/philadelphiaeagles,greenhouse,greenhouse,0,0,t,cmu2noyanayhjnx4j36l2kb5a,cmu2noyatayhlnx4jdsv637zv
,,ECCOUNT S/A.,https://econnectenergy.teamtailor.com/,teamtailor,teamtailor,0,0,t,cmu30xm770023n14jcctp7bz5,cmu30xm7d0025n14jj7yvf533
,,ECO MINERAIS ENERGETICO LTDA,https://ozminerals.gupy.io/,gupy,gupy,0,0,t,cmu2np2soayqtnx4jrs5qcv0j,cmu2np2suayqvnx4jakfn66yb
,,ECO050,https://eco050.gupy.io/,gupy,gupy,0,0,t,cmt0g7zqi6f3ppd4jpsa1sdmt,cmt0g7zqt6f3rpd4j5icv692j
,,ECO101,https://eco101.gupy.io/,gupy,gupy,0,0,t,cmt0kx31r007xsw4j718ys1za,cmt0kx325007zsw4joo04pol8
,,ECOFOR AMBIENTAL,https://ecofor.gupy.io/,gupy,gupy,0,0,t,cmt0kx2p20073sw4jpzjov5r3,cmt0kx2pg0075sw4jpvhm2ari
,,ECONOMATICA S.A.,https://economus.pandape.com.br/,pandape,pandape,0,0,t,cmt27m70753h6o14jomdtq7lq,cmt27m70e53h8o14jlx10ug7p
,,ECONOROESTE,https://econoroeste.gupy.io/,gupy,gupy,0,0,t,cmsxt60ke2aornf4jsijjv645,cmsxt60kn2aotnf4jgbwrj22i
,,ECORIOMINAS,https://ecoriominas.gupy.io/,gupy,gupy,0,0,t,cmsxijyaj19ndnf4j6hgutnc1,cmsxijyas19nfnf4jh0ac2pkj
,,ECOTRACE TECNOLOGIA DA INFORMACAO SA,https://wegestagio.gupy.io/,gupy,gupy,0,0,t,cmtoe1d5h006hpf4j0dyrwqe5,cmtoe1d5p006jpf4jnk8jrog6
,,ECOVIAS DO ARAGUAIA,https://ecoviasdoaraguaia.gupy.io/,gupy,gupy,0,0,t,cmsxt5wfd2ad9nf4jzu2j9sp0,cmsxt5wfm2adbnf4jqpwbvh34
,,ED&F MAN,https://edrone.teamtailor.com/,teamtailor,teamtailor,0,0,t,cmt0kx4j600bxsw4j4cqqeovg,cmt0kx4je00bzsw4joaq8y4ia
,,EDF NORTE FLUMINENSE,https://unimed-nortefluminense.gupy.io/,gupy,gupy,0,0,t,cmsxcfppe00gknf4jt42jw1rw,cmsxcfppn00gmnf4j3bfdntgk
,,EDGE NETWORK DO BRASIL SERVICOS EM TECNOLOGIA LTDA.,https://edgeuol.gupy.io/,gupy,gupy,0,0,t,cmt27m5j453cro14jr9sobnyp,cmt27m5jc53cto14jlf8mw8u5
,,EDP ALIANCA SC,https://alianca.gupy.io/,gupy,gupy,0,0,t,cmt0nvmrs0c2isw4jksrt33j5,cmt0nvms00c2ksw4jmya079mv
,,EDP Brasil,https://jobs.edp.com/go/EDP-Brasil-PT/1169601,custom_html,custom_html,0,0,f,cmsqp3bbc00rqo94jk11tis6g,cmsqp3bbj00rso94jyxt8ywrf
,,EDP SAO PAULO,https://boards.greenhouse.io/sao,greenhouse,greenhouse,0,0,t,cmsxcfm8i006bnf4jho2ndc0w,cmsxcfm8v006dnf4j5xas76u4
,,EIXO SP,https://vempraeixosp.gupy.io/,gupy,gupy,0,0,t,cmsxijzfe19qdnf4j0loop7u8,cmsxijzfn19qfnf4j8hosw2tm
,,EKIUM BRASIL LTDA.,https://kwbrasil.gupy.io/,gupy,gupy,0,0,t,cmtnbwmsmkpe7rp4j41v6d8u6,cmtnbwmsukpe9rp4ju9hk4t0f
,,ELECTRA COMERCIALIZADORA,https://boards.greenhouse.io/electrasteel,greenhouse,greenhouse,0,0,t,cmsxt5wbj2acxnf4jff1q2o60,cmsxt5wbs2acznf4jy7qnthro
,,ELEKEIROZ,https://trabalheconosco.vagas.com.br/elekeiroz/oportunidades,custom_html,custom_html,0,0,f,cmpkcfsle00k3oi4j64dwjt2q,cmpkcfslg00k5oi4jqd1vs0hv
,,ELETROPAULO,https://jobs.enel.com/en_US/careers/JobOpeningsBrazil,custom_html,custom_html,0,0,f,cmpkcfslm00k9oi4jabit86cx,cmpkcfslp00kboi4jj5braf27
,,ELEVACOES PORTUARIAS,https://vports.gupy.io/,gupy,gupy,0,0,t,cmsxt5zl02alunf4jp263nexg,cmsxt5zlf2alwnf4jar3z09wg
,,ELFA MEDICAMENTOS,https://grupoelfa.gupy.io/,gupy,gupy,0,0,t,cmsxcfq2g00hnnf4jqadryxl5,cmsxcfq2p00hpnf4jlceyvi19
,,ELIZ CAPITAL S.A.,https://boards.greenhouse.io/walleyecapital-external-students,greenhouse,greenhouse,0,0,t,cmu2novctaybvnx4j47vclvmh,cmu2novd5aybxnx4ji2afi8qf
,,ELO SERVICOS,https://vempraelo.gupy.io/,gupy,gupy,0,0,t,cmsxijydx19nmnf4jq4tyu1kv,cmsxijye819nonf4jjr277knn
,,EMAE - EMPRESA METROP.AGUAS ENERGIA,https://emae.pandape.infojobs.com.br/,custom_html,custom_html,0,0,f,cmpkcfslr00kcoi4jdke8nc0m,cmpkcfslt00keoi4j17r0ydpq
,,EMPRESA BRASILEIRA DE BEBIDAS E ALIMENTOS S/A,https://daxia.gupy.io/,gupy,gupy,0,0,t,cmu2noy47ayh1nx4je3r6ig60,cmu2noy4cayh3nx4j7d13rrrb
,,EMPRESA BRASILEIRA DE HEMODERIVADOS E BIOTECNOLOGIA - HEMOBRAS,https://grupogsh.gupy.io/,gupy,gupy,0,0,t,cmu1qzdkk007gnx4jla5stg9d,cmu1qzdkq007inx4jvox7m6oz
,,EMPRESA DE TECNOLOGIA DE INFORMACAO DO ESTADO DO PIAUI S/A - ETIPI,https://vemproicti.gupy.io/,gupy,gupy,0,0,t,cmt27m6js53foo14jccsrhfwe,cmt27m6k053fqo14jwwpdlbyd
,,EMS / Sigma Pharma,https://damaemedical.teamtailor.com/,teamtailor,teamtailor,0,0,t,cmswbm9ke0i41ob4jywq7pdi9,cmswbm9km0i43ob4jbdwayvkn
,,EMS Farmacêutica,https://ems.izirh.io/,custom_api,custom_api,0,0,f,cmsqp3be500rwo94jczofrmjt,cmsqp3beb00ryo94jrn25v8ui
,,EMTERPEL EMPRESA DE TERRAPLENAGEM PEDROSA LTDA,https://empresa.pandape.com.br/,pandape,pandape,0,0,t,cmu2np1ciaynknx4juao88zy8,cmu2np1cnaynmnx4jw1s7fxtd
,,ENEL VOLTA GRANDE,https://groupevolta.teamtailor.com/,teamtailor,teamtailor,0,0,t,cmt0nvmlr0c20sw4jndcwfgzk,cmt0nvmly0c22sw4jkf5n7rhr
,,ENEVA S.A.,https://gnlbrasil.gupy.io/,gupy,gupy,0,0,t,cmtxdov750wqblk4je7wavo7c,cmtxdov7b0wqdlk4j051qtmcd
,,ENGIE BRASIL PARTICIPACOES LTDA.,https://gerainclusaoengie.gupy.io/,gupy,gupy,0,0,t,cmtxdovrs0wrelk4j14hgq94h,cmtxdovrz0wrglk4jjbs09ky1
,,ENTERPRISE SERVICES,https://pretiumenterpriseservices.wd1.myworkdayjobs.com/Pretium-Enterprise-Services,workday,workday,0,0,t,cmsxt5wo42ae0nf4jnhl07z92,cmsxt5woc2ae2nf4ji1b03tye
,,EQUINIX HYPERSCALE 2 (SP5) LTDA.,https://jobs.ashbyhq.com/hyperscale,ashby,ashby,0,0,t,cmt27m6iz53flo14j9jwq83ll,cmt27m6j753fno14j8ebe892o
,,ESTALEIRO ATLANTICO SUL S/A EM RECUPERACAO JUDICIAL,https://thyssenkruppebs.gupy.io/,gupy,gupy,0,0,t,cmu1qzcmv004vnx4jwyw4buhl,cmu1qzcn2004xnx4j3m436wqg
,,ESTALEIRO JURONG ARACRUZ LTDA.,https://bport.inhire.app/,inhire,inhire,0,0,t,cmu19mkii5zx8o64jc1rtuobn,cmu19mkin5zxao64j4k4ydk6z
,,ETHOS SA,https://boards.greenhouse.io/ethoslife,greenhouse,greenhouse,0,0,t,cmtxdouyy0wpwlk4jo5npsibs,cmtxdouz30wpylk4jkpfyhhpk
,,EUCATEX INDUSTRIA E COMERCIO LTDA,https://eucatex.gupy.io/,gupy,gupy,0,0,t,cmu2nou8ray91nx4jackkf0g6,cmu2nou8xay93nx4jl4zne7vi
,,EVOLUA ETANOL (ECE),https://evoluaetanol.gupy.io/,gupy,gupy,0,0,t,cmsxcfl2q002znf4ju1fiam84,cmsxcfl2y0031nf4jwjltwzri
,,EY Brasil,https://careers.ey.com/ey/search,custom_html,custom_html,0,0,f,cmsqp3bfi00s5o94jfr3yxgdc,cmsqp3bfn00s7o94jwk4jx52t
,,EZ INC INCORPORACOES S.A,https://ezcorp.wd12.myworkdayjobs.com/ezcorp,workday,workday,0,0,t,cmu2noy2baygvnx4j2dvupup7,cmu2noy2paygxnx4jivx96h0x
,,EarlyCV,https://earlycv.com.br/,custom_html,custom_html,0,0,f,cmsqp3bgj00sbo94j944z77f5,cmsqp3bgp00sdo94j4i8ll8zv
,,Eaton Brasil,https://eaton.eightfold.ai/careers,custom_html,custom_html,0,0,f,cmsqp3bgv00seo94jydvnjv6h,cmsqp3bh100sgo94j3d8qbrps
,,Ebanx,https://job-boards.greenhouse.io/ebanx,greenhouse,greenhouse,0,0,t,cmsqp3bh700sho94jt6shfw0p,cmsqp3bhe00sjo94j26d81fj5
,,EcoRodovias,https://ecorodovias.gupy.io/,gupy,gupy,0,0,t,cmsqp3bhy00sno94jngzyscq5,cmsqp3bi400spo94j4gyq69w8
,,Electrolux Brasil,https://career.electroluxgroup.com/global/en/search-results,custom_html,custom_html,0,0,f,cmsqp3bk700t5o94jsmbzrewd,cmsqp3bkd00t7o94jmilgdxhy
,,Elera Renováveis,https://trabalheconosco.vagas.com.br/elera-renovaveis/oportunidades,custom_html,custom_html,0,0,f,cmsqp3bkj00t8o94jvypbae0x,cmsqp3bkp00tao94j6f4u684n
,,Eletrobras,https://eletrobras.gupy.io/,gupy,gupy,0,0,t,cmsqp3bkv00tbo94jshn8a74d,cmsqp3bl100tdo94jfsqcdj4n
,,Eloware Participações,https://eloware.gupy.io/,gupy,gupy,0,0,t,cmsqp3bm700tko94jcofxtyw8,cmsqp3bmc00tmo94ju4e8nuip
,,Embracon,https://embracon.gupy.io/,gupy,gupy,0,0,t,cmsqp3bmh00tno94ju4wg6oos,cmsqp3bmn00tpo94j7yoy6kkk
,,Embraer (InHire),https://embraer.izirh.io/,custom_api,custom_api,0,0,f,cmsqp3bms00tqo94jyv9a6py1,cmsqp3bmy00tso94jfvq3ev7j
,,Embrasil Segurança e Serviços,https://embrasil.gupy.io/,gupy,gupy,0,0,t,cmsqp3bns00tzo94j8hb0fmwk,cmsqp3bny00u1o94jgdj8ux57
,,Endeavor Brasil,https://careers.endeavor.org/jobs,custom_html,custom_html,0,0,f,cmsqp3bov00u8o94j0edaopw2,cmsqp3bp200uao94j41eezose
,,Enel Brasil,https://sejaelecnordobrasil.gupy.io/,gupy,gupy,0,0,t,cmswbmatd0i87ob4jd4bb63z1,cmswbmatj0i89ob4j22a0ahcg
,,Eneva Gás e Energia,https://eneva.compleo.com.br/,custom_html,custom_html,0,0,f,cmsqp3bpl00ueo94jljx7dfw6,cmsqp3bpq00ugo94jpcyoagbr
,,English Live / Pearson,https://jobs.ef.com/en/sites/ef/jobs,custom_html,custom_html,0,0,f,cmsqp3bpv00uho94jdnocarzy,cmsqp3bq400ujo94jv3dkctv4
,,Enhesa,https://boards.greenhouse.io/enhesa,greenhouse,greenhouse,0,0,f,cmt67kehq00d4lj4jt45i1a68,cmt67kehy00d6lj4jxbnwjwgn
,,Eqbank,https://jobs.lever.co/eqbank,lever,lever,0,0,f,cmt67kf0300eslj4jgcw3x0ak,cmt67kf0b00eulj4j0dhkyuib
,,Equatorial Serviços,https://equatorialservicos.gupy.io/,gupy,gupy,0,0,t,cmsqp3br200uqo94jr7i966ab,cmsqp3br700uso94j1bxev209
,,Escola Bahiana de Medicina e Saúde Pública,https://escolabahiana.gupy.io/,gupy,gupy,0,0,t,cmsqp3brp00uwo94jpr48ook2,cmsqp3brv00uyo94jwckot1e6
,,Escola Mais,https://escolamais.gupy.io/,gupy,gupy,0,0,t,cmsqp3bs100uzo94je0kvzoec,cmsqp3bs700v1o94js8ar22ki
,,Escola Moppe,https://escolamoppe.gupy.io/,gupy,gupy,0,0,t,cmsqp3bsd00v2o94jg85c7zak,cmsqp3bsj00v4o94j44bd3m27
,,Espaçolaser,https://espacolaser.gupy.io/,gupy,gupy,0,0,t,cmsqp3bt100v8o94jprvttgcu,cmsqp3bt600vao94j576yefrv
,,EssilorLuxottica Brasil,https://careers.essilorluxottica.com/search,custom_html,custom_html,0,0,f,cmsqp3btc00vbo94j85xylfe2,cmsqp3bti00vdo94jghpfmu6a
,,Euro Colchões,https://eurocolchoes.gupy.io/,gupy,gupy,0,0,t,cmsqp3buf00vko94j281doaxt,cmsqp3bum00vmo94j23u4x9il
,,Everyio,https://jobs.ashbyhq.com/every-io,ashby,ashby,0,0,f,cmu5gecjj69kele5fv52cmzqk,cmu5geck069kgle5fzzesw1l9
,,F'NA E-OURO GESTAO DE FRANCHISING E NEGOCIOS LTDA,https://feng.gupy.io/,gupy,gupy,0,0,t,cmu2nozg0ayk5nx4jbillp7ty,cmu2nozg6ayk7nx4jwh598ux6
,,FACCHINI,https://thepalacecompanyeuropesrl-1745005553.teamtailor.com/,teamtailor,teamtailor,0,0,t,cmsxcfops00dnnf4jqluozkwq,cmsxcfoq100dpnf4jswsq2379
,,FACTORIAL LTDA.,https://boards.greenhouse.io/factorialenergy,greenhouse,greenhouse,0,0,t,cmtvkcrgkhlq2rs4judgwdp1b,cmtvkcrgnhlq4rs4jnieveprr
,,FACULDADE MAURICIO DE NAS,https://docentescruzeirodosul.gupy.io/,gupy,gupy,0,0,t,cmsxt5wix2adlnf4jky8e50cv,cmsxt5wj72adnnf4j24iqiqn3
,,FAGRON TECHNOLOGIES LTDA,https://fortaegis.teamtailor.com/,teamtailor,teamtailor,0,0,t,cmtoe1c1v003kpf4j16y9t1jr,cmtoe1c20003mpf4jlu1t65ox
,,FALCAO MS SPE S.A.,https://wyden.gupy.io/,gupy,gupy,0,0,t,cmu2np29vayphnx4jmpg3dci5,cmu2np2a1aypjnx4j6507n2c3
,,FARSTAD SHIPPING,https://dfdscontinent.teamtailor.com/,teamtailor,teamtailor,0,0,t,cmsxt5xn12ah0nf4j0pno62jq,cmsxt5xna2ah2nf4jxb43dt2w
,,FATIMA DO SUL AGRO-ENERG,https://infinitiagro.gupy.io/,gupy,gupy,0,0,t,cmt0g82wq6fadpd4jsnn0srre,cmt0g82x06fafpd4jfb6c96v2
,,FCA,https://fca.wd3.myworkdayjobs.com/FCA_Careers,workday,workday,0,0,t,cmsxcfofq00cqnf4jmt7qo75p,cmsxcfog000csnf4juab61vu9
,,FERBASA,https://www.ferbasa.com.br/trabalhe-conosco/vagas-disponiveis,custom_html,custom_html,0,0,f,cmpkcfsm400kloi4j0t9vjbw5,cmpkcfsm700knoi4jw6kpbdyn
,,FINANCIADORA DE ESTUDOS E PROJETOS - FINEP,https://fundep.gupy.io/,gupy,gupy,0,0,t,cmtxdox2r0wtnlk4j85gx2drp,cmtxdox2y0wtplk4joa7m4btu
,,FLEURY CENTRO DE PROCEDIMENTOS MEDICOS AVANCADOS S/A,https://hmdjcf.gupy.io/,gupy,gupy,0,0,t,cmu2np0uraym8nx4jsgfnztjj,cmu2np0uwaymanx4jkipqu0az
,,FLEX SISTEMAS EDUCACIONAIS SA,https://somos.gupy.io/,gupy,gupy,0,0,f,cmtvkcqxuhlners4jkpj6p1yk,cmtvkcqxxhlngrs4jhzfqt7em
,,FLORENCA VEICULOS,https://carvalima.gupy.io/,gupy,gupy,0,0,t,cmsxt5x852afrnf4jxhhedsgx,cmsxt5x8f2aftnf4jz0llyr6y
,,FLYWHEEL DIGITAL BRAZIL LTDA.,https://boards.greenhouse.io/flywheeldigital,greenhouse,greenhouse,0,0,t,cmt27m7vu53joo14jvj8jsbk5,cmt27m7w253jqo14jcy0lpgv5
,,FMC QUIMICA DO BRASIL LTDA.,https://fmc.teamtailor.com/,teamtailor,teamtailor,0,0,t,cmu30xm7x0026n14jh90yaf58,cmu30xm830028n14jw9yhd3mv
,,FOCUS FUTURA GERACAO 1 S.A.,https://futurainsumos.gupy.io/,gupy,gupy,0,0,t,cmu2nouwvayapnx4j489c979c,cmu2noux1ayarnx4j5t74so87
,,FORTBRAS AUTOPECAS,https://fortbras.gupy.io/,gupy,gupy,0,0,t,cmsxcfqyk00kenf4j4r7xdsmy,cmsxcfqyt00kgnf4jaxyobs15
,,FORTRESS GARANTIDORA SA,https://fortress.wd503.myworkdayjobs.com/Careers,workday,workday,0,0,t,cmu2np2rtayqqnx4jqj7o6r8f,cmu2np2rzayqsnx4jwkjueoa0
,,FRAPORT BRASIL POA,https://dnatabrasil.gupy.io/,gupy,gupy,0,0,t,cmt0nvn4u0c36sw4jsab73ixq,cmt0nvn520c38sw4jqpt2adp4
,,FRASLE MOBILITY S.A.,https://frasleargentina.gupy.io/,gupy,gupy,0,0,t,cmu2nou0ray8pnx4jb8un3a37,cmu2nou0way8rnx4jrzj822zw
,,FREEDOM AI LTDA,https://jobs.ashbyhq.com/freed,ashby,ashby,0,0,t,cmtoe1cdk004npf4j6721ib5n,cmtoe1cdp004ppf4j8z3nekp6
,,FRETO SOLUCOES E TECNOLOGIA S.A.,https://vemserfreto.gupy.io/,gupy,gupy,0,0,t,cmtnbwl5lkp9srp4jahok2ai5,cmtnbwl60kp9urp4jwcrjlss8
,,FRIALTO (VALE GRANDE),https://agrovale.gupy.io/,gupy,gupy,0,0,t,cmsxcfort00dtnf4jdoajb5t1,cmsxcfos200dvnf4jb2cjzis3
,,FRIATO ALIMENTOS,https://segalasalimentos.gupy.io/,gupy,gupy,0,0,t,cmsxcfqc000ienf4j4gh1106m,cmsxcfqc900ignf4jqbetxvu7
,,FRICON,https://fricon.inhire.app/,inhire,inhire,0,0,t,cmt0kx2rk0079sw4j1cnj3wtg,cmt0kx2rx007bsw4jmgkspf4l
,,FRISOKAR,https://fremia.teamtailor.com/,teamtailor,teamtailor,0,0,t,cmt0nvmfh0c1lsw4jx9gp6vm7,cmt0nvmfq0c1nsw4j48m3h4j9
,,FUGA COUROS,https://fugafamily.teamtailor.com/,teamtailor,teamtailor,0,0,t,cmsxik0gm19t1nf4je0n96q03,cmsxik0gz19t3nf4jzxuhqalu
,,FURNAS,https://eletrobraspage.gupy.io/,gupy,gupy,0,0,t,cmsxcfkvw002enf4j3xa7dgw1,cmsxcfkwc002gnf4je7yvfpvz
,,FURUKAWA ELECTRIC,https://iel.pandape.com.br/,pandape,pandape,0,0,f,cmsxik1gg19vsnf4j70flygre,cmsxik1gv19vunf4jmcfgw25d
,,Falconi Consultores,https://falconicarreiras.inhire.app/vagas,inhire,inhire,0,0,t,cmswbq0ff0iadob4jxpe6urfz,cmswbq0fw0iafob4jvh7tpp8o
,,Farfetch,https://jobs.lever.co/farfetch,lever,lever,0,0,f,cmt67keu100ealj4jf14a8td7,cmt67keu800eclj4jnkt01ugz
,,Farmácias Pague Menos NE,https://paguemenosextrafarma.gupy.io/,gupy,gupy,0,0,t,cmsqp3c1200wwo94jmsb1g6t4,cmsqp3c1800wyo94jbmzea5uz
,,Feedz,https://boards.greenhouse.io/rdstation,greenhouse,greenhouse,0,0,f,cmswbm9qg0i4mob4jpse9lxd2,cmswbm9qr0i4oob4jur3vtsu0
,,Ferrero Brasil,https://www.ferrerocareers.com/br/pt/jobs,custom_html,custom_html,0,0,f,cmsqp3c2300x5o94j5b794x3y,cmsqp3c2a00x7o94jpxul8qzx
,,Figma,https://job-boards.greenhouse.io/figma,greenhouse,greenhouse,0,0,t,cmsqp3c2h00x8o94j0sn6qujv,cmsqp3c2n00xao94jlp3bu4yp
,,Flash Global,https://flashglobal.gupy.io/,gupy,gupy,0,0,t,cmsqp3c5e00xwo94j9nv8q73j,cmsqp3c5l00xyo94j7v2rcoiz
,,Florenceeu,https://boards.greenhouse.io/florenceeu,greenhouse,greenhouse,0,0,f,cmt67kejf00dalj4jtrb48saa,cmt67kejm00dclj4j87t919ms
,,Fluxo Soluções Integradas,https://fluxo.gupy.io/,gupy,gupy,0,0,t,cmsqp3c6f00y5o94jmlmgfycv,cmsqp3c6l00y7o94jbwo2wtmv
,,Foz do Brasil / Aegea,https://aegea.gupy.io/,gupy,gupy,0,0,t,cmsqp3c7f00yeo94j5onofeib,cmsqp3c7k00ygo94jn49d2flo
,,Frango Assado,https://frangoassado.pandape.infojobs.com.br/,pandape,pandape,0,0,t,cmsqp3c7r00yho94jagv8u67r,cmsqp3c7x00yjo94jvulmbg5p
,,Freitas,https://freitas.gupy.io/,gupy,gupy,0,0,t,cmsqp3c8g00yno94jod3ehi1a,cmsqp3c8m00ypo94j87xobczz
,,Fresha,https://jobs.lever.co/fresha,lever,lever,0,0,f,cmt67kdko00ajlj4j50l45wej,cmt67kdlh00allj4jpumlv73m
,,Fundação Getulio Vargas (FGV),https://portal.fgv.br/trabalhe-conosco,custom_html,custom_html,0,0,f,cmsqp3c9p00yzo94jwi1optds,cmsqp3c9v00z1o94ja9dkj519
,,Fundo Valor Capital,https://jobs.valorcapitalgroup.com/jobs,custom_html,custom_html,0,0,f,cmsqp3caf00z5o94jat8lv7e5,cmsqp3cal00z7o94jhrml5wxe
,,G&P PROJETOS E SISTEMAS S.A.,https://sigma-gp.gupy.io/,gupy,gupy,0,0,t,cmtoe1bzv003epf4jyhree258,cmtoe1c00003gpf4j3yhfiket
,,G4S Brasil,https://atscareers.g4s.com/index.php,custom_html,custom_html,0,0,f,cmsqp3car00z8o94jclq54tq8,cmsqp3cax00zao94jj480kr15
,,GARMIN BRASIL TECNOLOGIAS PARA AVIACAO LTDA,https://magaaviation.gupy.io/,gupy,gupy,0,0,t,cmtmvnz73kefhrp4jbnoa76yr,cmtmvnz7akefjrp4jl4idufb8
,,GAS VERDE PARTICIPACOES S.A.,https://regreen.gupy.io/,gupy,gupy,0,0,t,cmu30xlki000ln14jlalwwday,cmu30xlko000nn14jyv5u6j4f
,,GAVILON DO BRASIL,https://gavb.gupy.io/,gupy,gupy,0,0,t,cmsxcfmah006hnf4jwjs39nhy,cmsxcfmaq006jnf4jasfvew60
,,GAZIN INDUSTRIA E COMERCIO DE MOVEIS E ELETRODOMESTICOS S.A,https://fassina.gupy.io/,gupy,gupy,0,0,t,cmu2nou22ay8vnx4jimomrla0,cmu2nou28ay8xnx4jwkvj40b7
,,GB TECH SERVICOS E DESENVOLVIMENTO EM TECNOLOGIA LTDA.,https://tech.inhire.app/,inhire,inhire,0,0,t,cmt27m5sm53dio14jrbajz11x,cmt27m5st53dko14j25vkbchd
,,GC SISTEMAS DE TECNOLOGIA E SEGURANCA S.A.,https://jobs.ashbyhq.com/gc-ai,ashby,ashby,0,0,t,cmtvkcrifhlq8rs4jbb0l8iuq,cmtvkcriihlqars4jucvfg0dg
,,GDM GENETICA DO BRASIL,https://dna.gupy.io/,gupy,gupy,0,0,t,cmsxcfqmq00jenf4j5qmjy89i,cmsxcfqmz00jgnf4ja6rzbr1q
,,GE Brasil,https://careers.geaerospace.com/global/en/brasil,custom_html,custom_html,0,0,f,cmsqp3cbe00zeo94jhat443rp,cmsqp3cbj00zgo94jkyi8q5j5
,,GE HEALTHCARE DO BRASIL COMERCIO E SERVICOS PARA EQUIPAMENTOS MEDICO-HOSPITALARES LTDA,https://gehc.wd5.myworkdayjobs.com/GEHC_ExternalSite,workday,workday,0,0,t,cmu2np0xwaymhnx4jd19ozm8f,cmu2np0y3aymjnx4ji08bzb4w
,,GE Healthcare Brasil,https://careers.gehealthcare.com/global/en/search-results,custom_html,custom_html,0,0,f,cmsqp3cbo00zho94jvwgwh7r7,cmsqp3cbu00zjo94jt0m546iu
,,GE POWER & WATER EQUIPAMENTOS E SERVICOS DE ENERGIA E TRATAMENTO DE AGUA LTDA.,https://power.teamtailor.com/,teamtailor,teamtailor,0,0,t,cmu19mkjo5zxeo64jgk15l30j,cmu19mkjs5zxgo64jaz9djkvw
,,GEMINI ENERGY S.A.,https://boards.greenhouse.io/gemini,greenhouse,greenhouse,0,0,t,cmu1qzcr50057nx4jgqek0xg9,cmu1qzcrb0059nx4jzlsly7gs
,,GEOFUSION SISTEMAS E SERVICOS DE INFORMATICA LTDA,https://geofixengenharia.gupy.io/,gupy,gupy,0,0,t,cmt2s7brx60fho14ju79zexys,cmt2s7bs560fjo14j0vczhtek
,,GEORGE HOLDING S.A.,https://georgesinc.wd5.myworkdayjobs.com/JoinGeorges,workday,workday,0,0,t,cmu2nozwrayl5nx4jm3pkr4xr,cmu2nozwzayl7nx4jsxi0v4il
,,GER7 SISTEMAS LTDA.,https://ger7.gupy.io/,gupy,gupy,0,0,t,cmtvkcr0ohlntrs4jsi4opn9j,cmtvkcr0shlnvrs4jug3qrwd0
,,GERA POWER GD LTDA,https://generac.wd5.myworkdayjobs.com/External,workday,workday,0,0,t,cmu2nox2kayemnx4jw97880vf,cmu2nox2qayeonx4j5px1va4e
,,GESTAMP,https://gestamp.teamtailor.com/,teamtailor,teamtailor,0,0,t,cmsxcfob200cenf4jcs07dt6u,cmsxcfobc00cgnf4jeugwlaj8
,,GETNET S/A,https://vagasgetnet.gupy.io/,gupy,gupy,0,0,t,cmsxijxla19lsnf4jfvti5kz5,cmsxijxll19lunf4j6h0huspz
,,GIASSI ADMINISTRADORA DE BENS S.A.,https://grupogiassi.pandape.com.br/,pandape,pandape,0,0,t,cmu30xlwv001cn14jp9qvq51u,cmu30xlx2001en14jfq08gm5a
,,GIP HELIOS II S.A.,https://helios.wd501.myworkdayjobs.com/External,workday,workday,0,0,t,cmu19ml8i5zyzo64jl4s8mlmd,cmu19ml8m5zz1o64jjkn1i6zg
,,GIPAR S/A,https://jgpcarreira.gupy.io/,gupy,gupy,0,0,t,cmu1qzd7a006jnx4jigxj832p,cmu1qzd7g006lnx4jrsd7i26n
,,GL EVENTS BRASIL PARTICIPACOES LTDA,https://gleventsbrasilcarreiras.gupy.io/,gupy,gupy,0,0,t,cmu2noy4uayh4nx4jtyw5qyk8,cmu2noy52ayh6nx4jd9qcc80g
,,GLOBAL CARBON S.A,https://boards.greenhouse.io/carbon,greenhouse,greenhouse,0,0,t,cmtxdouyb0wptlk4jjls15byh,cmtxdouyh0wpvlk4jy6yzlp9r
,,GLOBAL JP ENGENHARIA & CONSTRUCAO LTDA,https://globalgroup.gupy.io/,gupy,gupy,0,0,t,cmu2np18xaynenx4jf1g0o8mv,cmu2np192ayngnx4jy6r033r3
,,GLOBAL RESERVE TECNOLOGIA EM FINANCAS CONSULTORIA E ASSESSORIA LTDA,https://jobs.ashbyhq.com/reserve,ashby,ashby,0,0,t,cmu2np1i9aynqnx4jk4gxiomi,cmu2np1ifaynsnx4jm1j0etdy
,,GNSPS (FENOSA),https://gn.wd3.myworkdayjobs.com/GN-Careers,workday,workday,0,0,t,cmsxkv9ku1gs8nf4jtw3bnyz7,cmsxkv9l41gsanf4j77cqoqbo
,,GOALMEDIA TECNOLOGIA E MARKETING DIGITAL S.A.,https://adsmurai.teamtailor.com/,teamtailor,teamtailor,0,0,t,cmtoe1bis001tpf4jn3o5u6s3,cmtoe1biz001vpf4jdz2mahxs
,,GOLDEN GREEN S.A.,https://boards.greenhouse.io/goldenstate,greenhouse,greenhouse,0,0,t,cmtxdovkk0wqzlk4jyxzt5l6a,cmtxdovks0wr1lk4j8k44wkui
,,GOLDMAN SACHS DO BRASIL HOLDING FINANCEIRA LTDA,https://jobs.ashbyhq.com/addi,ashby,ashby,0,0,f,cmu1basu60080qb4joy6lhydy,cmu1basuf0082qb4j8nlbi3mt
,,GOODYEAR DO BRASIL PRODUTOS DE BORRACHA LTDA,https://gdbr.gupy.io/,gupy,gupy,0,0,t,cmu2noy8sayhgnx4jwlkgyoee,cmu2noy8yayhinx4j6tbjs04e
,,GPA Tech / Grupo Pão de Açúcar,https://gpa.gupy.io/,gupy,gupy,0,0,t,cmswbmba20ia4ob4jd13ctzbb,cmt679fxu008qlj4jcsy5el9q
,,GRAAL PARTICIPACOES S.A.,https://graalengenharia.gupy.io/,gupy,gupy,0,0,t,cmu2noxcwayfgnx4jwj7c3e94,cmu2noxd1ayfinx4jil66ua0p
,,GRAND POINT,https://mendoai-1730204279.teamtailor.com/,teamtailor,teamtailor,0,0,t,cmsxt5wh72adfnf4jxxel6f7o,cmsxt5whf2adhnf4jodfdrl4y
,,GRANDFOOD INDUSTRIA E COMERCIO LTDA,https://grandfood.gupy.io/,gupy,gupy,0,0,t,cmu2novlzaycpnx4jwxy8rlvi,cmu2novm5aycrnx4j548iq7lf
,,GRAZZIOTIN,https://trabalheconosco.grazziotin.com.br/TrabalheConosco/consultavagas.jsp,custom_html,custom_html,0,0,f,cmpkcfsk100j6oi4jfocv4zq4,cmpkcfsk300j8oi4jwj1wozqk
,,GRIAULE LTDA,https://gri.gupy.io/,gupy,gupy,0,0,t,cmt2s7bd160ebo14jflpucle3,cmt2s7bd960edo14jgjerz5z7
,,GRUPO CASAS BAHIA S.A.,https://viavarejo.gupy.io/,gupy,gupy,0,0,t,cmpkcfsim00i6oi4j6fzkxcn9,cmpkcfsio00i8oi4ja0m30tbk
,,GRUPO FQM HOLDING S/A,https://fqm.teamtailor.com/,teamtailor,teamtailor,0,0,t,cmu2np1lbayntnx4jnfb15629,cmu2np1liaynvnx4jmrdy6y7q
,,GRUPO RAVI EMPREENDIMENTOS IMOBILIARIOS LTDA SCP,https://ribeira.gupy.io/,gupy,gupy,0,0,t,cmu2np19taynhnx4jbs7uj35f,cmu2np19zaynjnx4jdw2h62ul
,,GTFOODS,https://gfs.wd5.myworkdayjobs.com/en-US/usjobs-gen-gfs,workday,workday,0,0,t,cmsxcfohn00cwnf4jza05yz1r,cmsxcfohx00cynf4jxk3kmzox
,,GUAIMBE SOLAR HOLDING S.A.,https://gdsolar.gupy.io/,gupy,gupy,0,0,t,cmu1qzdt6007ynx4jdxemutjs,cmu1qzdtc0080nx4j8e7m5nwi
,,GUANABARA DIESEL,https://guanabara.gupy.io/,gupy,gupy,0,0,t,cmsxijyr919omnf4j8krlhk4f,cmsxijyrk19oonf4j7tnr1hiz
,,Gabardo e Terra Advogados,https://gabardoeterra.gupy.io/,gupy,gupy,0,0,t,cmsqp3cg900zzo94jxtfapbm7,cmsqp3cgf0101o94jwkhi1syj
,,Gafisa,https://gafisa.gupy.io/,gupy,gupy,0,0,t,cmsqp3cgl0102o94j9hbxz954,cmsqp3cgq0104o94jvxt9pr5d
,,Gausslabs,https://jobs.lever.co/gausslabs,lever,lever,0,0,f,cmtoe629r009lpf4jdz3x7xmf,cmtoe62a0009npf4jow31vnv1
,,Genbio,https://jobs.lever.co/genbio,lever,lever,0,0,f,cmt67kdqy00aylj4j1fprrhkd,cmt67kdr600b0lj4jtpr3s0uu
,,Genzyme / Sanofi Genzyme,https://jobs.sanofi.com/en,custom_html,custom_html,0,0,f,cmsqp3cij010ko94jie0wq9t9,cmsqp3cip010mo94j3drb9oqu
,,Gerdau (Workday),https://jobs.gerdau.com/search,custom_html,custom_html,0,0,f,cmsqp3cjg010qo94j5qgcgpqp,cmsqp3cjl010so94j7no4czig
,,Gi Group Brasil,https://br.gigroup.com/vagas-de-trabalho,custom_html,custom_html,0,0,f,cmsqp3ck2010wo94jorxa0ihd,cmsqp3ck7010yo94jwn553r6v
,,Gillig,https://boards.greenhouse.io/gillig,greenhouse,greenhouse,0,0,f,cmtoe62at009opf4jf240ne5z,cmtoe62b2009qpf4jl82v6c08
,,Giraffas,https://giraffasadministradoradefranquiasa.pandape.infojobs.com.br/,pandape,pandape,0,0,t,cmsqp3ckd010zo94jj2lsywur,cmsqp3ckj0111o94jawdda9er
,,Goatgroup,https://boards.greenhouse.io/goatgroup,greenhouse,greenhouse,0,0,f,cmt67kdzs00bmlj4ju67ousjr,cmt67ke0000bolj4ji62k09ag
,,Google Brasil,https://www.google.com/about/careers/applications/jobs/results,custom_html,custom_html,0,0,f,cmsqp3cly011eo94j1ot6uvwj,cmsqp3cm8011go94jzyin8dsn
,,Goomer,https://goomer.gupy.io/jobs,gupy,gupy,0,0,t,cmsqp3cmf011ho94je4e3ij40,cmsqp3cml011jo94jskk4kcoo
,,Grande Sertão Transmissora de Energia,https://grandesertao.gupy.io/,gupy,gupy,0,0,t,cmucw00on0012qp5gvoqrtutf,cmu19mmee601vo64jx68a0y6z
,,GreenYellow Brasil,https://greenyellow.gupy.io/,gupy,gupy,0,0,t,cmsqp3cnh011qo94j509pss2l,cmsqp3cnp011so94jshubxekq
,,Grupo Carrefour Brasil,https://grupocarrefourbrasil.gupy.io/,gupy,gupy,0,0,t,cmsqp3cq0012bo94jwu2b3osh,cmsqp3cq6012do94jgcce41fr
,,Grupo Comporte (Gupy),https://grupocomporte.gupy.io/,gupy,gupy,0,0,t,cmsqp3cr7012ko94jjsw7r6t0,cmsqp3crd012mo94jfxbmu4gu
,,Grupo Educacional Ânima,https://educacional.gupy.io/,gupy,gupy,0,0,t,cmswbmar50i7yob4jc4lbsbbs,cmswbmarb0i80ob4jje8ngrdf
,,Grupo Forno de Minas,https://fornodeminas.gupy.io/,gupy,gupy,0,0,t,cmsqp3ct1012zo94j7zphkepr,cmsqp3ct70131o94jke7lpy07
,,Grupo Mateus,https://fa-exvn-saasfaprod1.fa.ocs.oraclecloud.com/hcmUI/CandidateExperience/pt-BR/sites/CX_1/jobs,custom_api,custom_api,0,0,f,cmsqp3ctc0132o94jl6vhqpvo,cmsqp3cti0134o94jlspov88m
,,Grupo NC,https://gruponc.izirh.io/,custom_api,custom_api,0,0,f,cmsqp3ctn0135o94j4mdsyrdx,cmsqp3ctt0137o94j4q2fkeqi
,,Grupo Pereira,https://escolasapereira.gupy.io/,gupy,gupy,0,0,t,cmswbmb870i9vob4jd82nmf2p,cmswbmb8e0i9xob4jvz6uiwtw
,,Gympass / Wellhub,https://wellhub.com/careers,custom_html,custom_html,0,0,f,cmsqp3cxi0145o94jm31lbmgx,cmsqp3cxs0147o94j1nf71f7j
,,HANDS DIGITAL S.A.,https://boards.greenhouse.io/digitalhands,greenhouse,greenhouse,0,0,t,cmtnbwnackpfvrp4jzbnwlbzh,cmtnbwnahkpfxrp4jksrjlbri
,,HANZO BRASIL S.A.,https://hanaelectronics.gupy.io/,gupy,gupy,0,0,t,cmtnbwlwnkpbarp4j3o5ymdad,cmtnbwlwukpbcrp4j3752egyg
,,HASTARA PAY S.A.,https://boards.greenhouse.io/pay2dc,greenhouse,greenhouse,0,0,t,cmu1qzcca0047nx4j29lelvet,cmu1qzccm0049nx4jukbbpiyt
,,HC PNEUS,https://gp-pneus.gupy.io/,gupy,gupy,0,0,t,cmt0g7zrh6f3spd4jusjmi7b1,cmt0g7zrq6f3upd4jazu1li38
,,HD CONSTRUCTION EQUIPMENT BRASIL - INDUSTRIA E COMERCIO DE EQUIPAMENTOS DE CONSTRUCAO S.A.,https://brasifmaquinas.gupy.io/,gupy,gupy,0,0,t,cmu2np2j5ayqbnx4j95cznrl4,cmu2np2jcayqdnx4jga3ap6g4
,,HEIDI BEHNKE ADMINISTRADORA LTDA,https://jobs.ashbyhq.com/heidihealth.com.au,ashby,ashby,0,0,t,cmu2noupqayaanx4j7fmt1lwm,cmu2noupvayacnx4jva143gle
,,HELIO BORENSTEIN S A ADMINISTRACAO PARTIC E COMERCIO,https://nossarh.pandape.com.br/,pandape,pandape,0,0,t,cmu2np01saylhnx4jclfefeg4,cmu2np01xayljnx4jzt21z9r8
,,HERA BANK BRS INVEST,https://jobs.ashbyhq.com/hellohera,ashby,ashby,0,0,t,cmu1qzdbi006vnx4ju86sdh72,cmu1qzdbn006xnx4j7qppdw85
,,HERING,https://hering.gupy.io/,gupy,gupy,0,0,t,cmsxcfq1f00hknf4jopss3z8n,cmsxcfq1p00hmnf4jijl5u1aw
,,HG EMPREENDIMENTOS E PARTICIPACOES S/A,https://bestcenterempreendimentos.gupy.io/,gupy,gupy,0,0,t,cmu1qzdgp0074nx4j7nzz3i9p,cmu1qzdgu0076nx4jqhvot52v
,,HMTJ,https://maritimeandhealthcaregroup.teamtailor.com/,teamtailor,teamtailor,0,0,t,cmt0nvm3b0c0osw4j27rjzuf5,cmt0nvm3k0c0qsw4jv3c39thu
,,HOLDING DVR S/A,https://netendersholding.teamtailor.com/,teamtailor,teamtailor,0,0,t,cmu2nozshayktnx4jwpv8ef7r,cmu2nozsmaykvnx4jesq8jtii
,,HOME HERO TECNOLOGIA PARA REFORMAS LTDA,https://hero.teamtailor.com/,teamtailor,teamtailor,0,0,t,cmtoe1d4v006epf4jhn5c5do6,cmtoe1d51006gpf4j3f0z0hp4
,,HORSE BRASIL S.A.,https://horse.teamtailor.com/,teamtailor,teamtailor,0,0,t,cmu2noztdaykwnx4jcn7cnthh,cmu2noztjaykynx4j2kai7wxx
,,HORUS INVESTIMENTOS S.A.,https://toroinvestimentos.inhire.app/,inhire,inhire,0,0,t,cmu1qzber0027nx4jn6988soa,cmu1qzbey0029nx4jj50vr6c4
,,HOSP. SANTA JOANA,https://gruposantajoana.gupy.io/,gupy,gupy,0,0,t,cmsxik1eh19vmnf4jj98ryayv,cmsxik1er19vonf4j1md5jzig
,,HOSPITAL ANCHIETA,https://complexodesaudedesaobernardodocampo.pandape.com.br/,pandape,pandape,0,0,t,cmt0kx3au008lsw4jznwij9h9,cmt0kx3b2008nsw4jxv2g9oqd
,,HOSPITAL ESPERANCA,https://hrto.gupy.io/,gupy,gupy,0,0,t,cmsxcfn5v008znf4jrqw8gd7z,cmsxcfn640091nf4jek8s6d5j
,,HOSPITAL FELIPE ROSSO,https://hospitalfeliciorocho.gupy.io/,gupy,gupy,0,0,t,cmt0g80js6f5spd4jkfha0n2f,cmt0g80k26f5upd4jjw06ka2r
,,HOSPITAL MATER DEI SA,https://app.jobconvo.com/pt-br/careers/hospital-mater-dei/6fcf22e3-009f-40e9-94ea-25e36ed95d22,custom_html,custom_html,0,0,f,cmpkcfsob00m0oi4j9p95b88f,cmpkcfsoe00m2oi4j4o9m08qg
,,HOSPITAL N.S GRACA,https://gruposhbrasil.gupy.io/,gupy,gupy,0,0,t,cmsxt611t2aq6nf4j8j539zxy,cmsxt61212aq8nf4j6yfyqccq
,,HOSPITAL SAO RAFAEL,https://fhsfa.gupy.io/,gupy,gupy,0,0,t,cmsxkva7n1gtwnf4j5b8xvzvl,cmsxkva7w1gtynf4jrcpye97s
,,HPE FINANCIAL SERVICES ARRENDAMENTO MERCANTIL S.A,https://hpe.gupy.io/,gupy,gupy,0,0,t,cmu30xm96002cn14j0s4g9x09,cmu30xm9b002en14jusl0xwwk
,,HUB OUTSOURCING SERVICOS E TECNOLOGIA LTDA,https://hub.pandape.com.br/,pandape,pandape,0,0,t,cmtoe1c6y003zpf4jdyddhzdm,cmtoe1c740041pf4jwbq8r8tv
,,HUBII BR LTDA,https://hubii.inhire.app/,inhire,inhire,0,0,t,cmtnbwlpikpagrp4j3be0trc4,cmtnbwlpokpairp4jbitauk7z
,,HUGHES TELECOMUNICACOES DO BRASIL LTDA.,https://hstelecom.gupy.io/,gupy,gupy,0,0,t,cmu1qzc72003snx4j6p066yv3,cmu1qzc78003unx4jms8xefi3
,,HUNTER COMPANNY S.A.,https://headhuntersperu.teamtailor.com/,teamtailor,teamtailor,0,0,t,cmu2novrvayd4nx4jff8dqr4b,cmu2novs8ayd6nx4jbi6e86fj
,,Halliburton Brasil,https://careers.halliburton.com/location/brazil-jobs/543/3469034/2,custom_html,custom_html,0,0,f,cmsqp3d0t014to94jlp37jkzt,cmsqp3d0z014vo94jya8mckpp
,,Hasbro,https://boards.greenhouse.io/hasbro,greenhouse,greenhouse,0,0,f,cmt67kf0v00evlj4jqvxnno33,cmt67kf1300exlj4jpzpx3w5c
,,Hash (Conductor),https://conductor.gupy.io/,gupy,gupy,0,0,t,cmsqp3d15014wo94js8yn4dhn,cmsqp3d1b014yo94jeggg3w0d
,,Havan,https://vagas.havan.com.br/vagas,custom_html,custom_html,0,0,f,cmsqp3d1h014zo94jcme40nwn,cmsqp3d1n0151o94jzq6dc6t6
,,Hawkeyeinnovations,https://jobs.ashbyhq.com/hawkeyeinnovations,ashby,ashby,0,0,f,cmt67kewo00ejlj4jc0oy3a5o,cmt67kewu00ellj4jj38vgsxr
,,Hays Brasil,https://www.hays.com.br/empregos-pesquisar,custom_html,custom_html,0,0,f,cmsqp3d1s0152o94j89ggyyt4,cmsqp3d200154o94jvzr84axs
,,Heineken Brasil,https://unibeer.gupy.io/,gupy,gupy,0,0,t,cmswbmajq0i74ob4jd3m8kp9v,cmswbmajx0i76ob4jxg4igl5z
,,Henkel Brasil,https://www.henkel.com.br/carreiras/vagas-e-cadastro,custom_html,custom_html,0,0,f,cmsqp3d2i0158o94j1stm9c96,cmsqp3d2o015ao94jieo83509
,,Hewlett Packard Enterprise Brasil,https://hpe.wd5.myworkdayjobs.com/Jobsathpe,workday,workday,0,0,t,cmsqp3d34015eo94jx7myen5e,cmsqp3d39015go94jb8lbg058
,,Hexion Brasil,https://careers.hexion.com/search,custom_html,custom_html,0,0,f,cmsqp3d3g015ho94jexwp34ek,cmsqp3d3m015jo94jv4ux6ika
,,Hiringcafe,https://jobs.ashbyhq.com/hiring-cafe,ashby,ashby,0,0,f,cmt67ke2500bslj4jk9qor5ot,cmt67ke2c00bulj4j3s6wbir8
,,Hugeinc,https://boards.greenhouse.io/hugeinc,greenhouse,greenhouse,0,0,f,cmt67b24l009ylj4jbk2qk7fs,cmt67b24r00a0lj4jv90efbsz
,,Humanetech,https://jobs.lever.co/humanetech,lever,lever,0,0,f,cmt67b1tf0094lj4jqceiomii,cmt67b1tm0096lj4jk7obyz5p
,,Huntress,https://boards.greenhouse.io/huntress,greenhouse,greenhouse,0,0,f,cmt67b1qz008ylj4jmywlx081,cmt67b1r80090lj4j1mq09p7t
,,Hut8,https://boards.greenhouse.io/hut8,greenhouse,greenhouse,0,0,f,cmt67keuw00edlj4jq05dfl5g,cmt67kev300eflj4jntysae8e
,,Hyundai Brasil,https://trabalheconosco.vagas.com.br/hyundai/oportunidades,custom_html,custom_html,0,0,f,cmsqp3d91016no94jnu135bhj,cmsqp3d9b016po94j1y80370p
,,I-SYSTEMS,https://isystems.inhire.app/,inhire,inhire,0,0,t,cmt0nvmbc0c19sw4jydg5yslv,cmt0nvmbl0c1bsw4jrpcc4z3t
,,IBEA,https://ikeaestonia.teamtailor.com/,teamtailor,teamtailor,0,0,t,cmt0kx3z500acsw4jgiwluajz,cmt0kx3ze00aesw4jlsm3hx6q
,,IBEMA,https://ibema.gupy.io/,gupy,gupy,0,0,t,cmsxt5vvv2ablnf4j7eg7h4aq,cmsxt5vwa2abnnf4jy9zec1y3
,,IBM Brasil,https://www.ibm.com/br-pt/careers/search,custom_html,custom_html,0,0,f,cmsqp3d9i016qo94j3707o1nb,cmsqp3d9r016so94j7wgn7ngx
,,IC-FUC,https://icf.wd5.myworkdayjobs.com/en-US/ICFExternal_Career_Site,workday,workday,0,0,t,cmt0g804w6f4spd4jmtnaqjf9,cmt0g80586f4upd4j9erganw8
,,ICCR 135,https://icf.wd5.myworkdayjobs.com/ICFExternal_Career_Site,workday,workday,0,0,t,cmt0nvmj90c1usw4jamulhf2i,cmt0nvmjh0c1wsw4j11dk5jig
,,ICON PROPERTIES LTDA.,https://boards.greenhouse.io/iconcareers,greenhouse,greenhouse,0,0,t,cmu1qzdfr0071nx4jtgo8q5mh,cmu1qzdfx0073nx4j4izcn1xm
,,ICREDIT CAPITAL SA,https://jobs.lever.co/capital,lever,lever,0,0,t,cmt2s7bge60eno14jme59wze8,cmt2s7bgm60epo14jk9l3xcju
,,ICTSI RIO BRASIL 1,https://icts.gupy.io/,gupy,gupy,0,0,t,cmt0kx3kz0099sw4jwh3dbsye,cmt0kx3l7009bsw4jvuvhtyaj
,,IFC / Grupo Banco Mundial Brasil,https://mundial.gupy.io/,gupy,gupy,0,0,t,cmsqp3d9y016to94jmqogf1j9,cmtxdqtt50wuglk4jrkk3oz4p
,,IFF ESSENCIAS E FRAGRANCIAS LTDA,https://vemseriff.gupy.io/,gupy,gupy,0,0,t,cmu2noz33ayjenx4j4ryi89to,cmu2noz39ayjgnx4jer8rrntk
,,IGUATEMI,https://boards.greenhouse.io/agibank,greenhouse,greenhouse,0,0,f,cmt0nvm0v0c0isw4j8soqnbre,cmt0nvm1a0c0ksw4j13esk254
,,IMPACTA,https://impactabrazil.gupy.io/,gupy,gupy,0,0,t,cmt0nvmv70c2osw4jexoy1x8p,cmt0nvmvf0c2qsw4jl5t3chgh
,,IMPULSE GESTAO COMUNICACAO LTDA,https://jobs.ashbyhq.com/impulse,ashby,ashby,0,0,t,cmtoe1bm40025pf4jvhyq2krf,cmtoe1bma0027pf4j2x8lqq8u
,,INDIGO ESTACIONAMENTO LTDA.,https://boards.greenhouse.io/indigo,greenhouse,greenhouse,0,0,t,cmu2noxq5ayg4nx4jim4hnkid,cmu2noxqaayg6nx4jdnddg99a
,,INDÚSTRIAS ROMI,https://prd-pc1.lg.com.br/vagas/c/6D408C92-7AC1-4A34-91A5-E76D17E9DD38/p/TrabalhenaRomi/pt-BR/Busca/Index,custom_html,custom_html,0,0,f,cmpkcfsrz00ofoi4jdekjbbt6,cmpkcfss100ohoi4jmr5rzt7d
,,INEO DIGITAL LTDA,https://talentmanagementsolution.wd3.myworkdayjobs.com/INEO-Careers,workday,workday,0,0,t,cmtoe1caz004epf4jlt8u7fgt,cmtoe1cb5004gpf4ja3v4jmh5
,,INFRACOMMERCE NEGOCIOS E SOLUCOES EM INTERNET LTDA.,https://infracommerce.pandape.com.br/,pandape,pandape,0,0,t,cmt27m5lm53cxo14j6932rfjs,cmt27m5lt53czo14ji16dz1d5
,,INPEV,https://vemfazerpartedoinpev.gupy.io/,gupy,gupy,0,0,t,cmsqp3dar016wo94jc8jjpkts,cmsqp3daw016yo94j6qm6mvmz
,,INSTITUTO HERMES PARDINI,https://idg.inhire.app/,inhire,inhire,0,0,t,cmsxijwzg19k7nf4jecdea3qk,cmsxijwzq19k9nf4jmr5f68mi
,,INTELBRAS S.A. IND DE TELEC ELETRONICA BRASILEIRA,https://intelbras.portaldetalentos.senior.com.br/jobs,custom_html,custom_html,0,0,f,cmpkcfsn000l6oi4j9xmh4u5k,cmpkcfsn200l8oi4j6m0sqfk0
,,INTERCEMENT,https://intercementpage.gupy.io/,gupy,gupy,0,0,t,cmsxcfoek00cnnf4jb71nqjk7,cmsxcfoez00cpnf4jpgrtcvuw
,,INTERCEMENT PARTICIPACOES S A - EM RECUPERACAO JUDICIAL,https://renac.pandape.com.br/,pandape,pandape,0,0,t,cmu19mlor6008o64jp8uwtury,cmu19mlov600ao64jpe6s0j88
,,INTERNACIONAL,https://qualacompany.teamtailor.com/,teamtailor,teamtailor,0,0,t,cmt0nvlxw0c0csw4jlnlbgvis,cmt0nvly80c0esw4j84diu52n
,,INVESTCO SA,https://invesco.wd1.myworkdayjobs.com/IVZ,workday,workday,0,0,t,cmu2np3cfayrtnx4jzzofz4w3,cmu2np3clayrvnx4jf9vdklgf
,,IOCHPE MAXION,https://jobs.iochpe-maxion.com/,custom_html,custom_html,0,0,f,cmpkcfspe00mooi4jmoqpr5z6,cmpkcfspg00mqoi4jtp7k5isc
,,IONIC HEALTH TECHNOLOGIES S.A.,https://jobs.lever.co/Ionicpartners,lever,lever,0,0,t,cmtnbwmikkpdgrp4j4tefzt96,cmtnbwmiqkpdirp4jk8x3gfui
,,IRB,https://career2.successfactors.eu/career,custom_html,custom_html,0,0,f,cmpkcfsn400l9oi4jf2fjfgj4,cmpkcfsn600lboi4jm7yam4jz
,,IRON MOUNTAIN DO BRASIL LTDA,https://ironmountain.pandape.com.br/,pandape,pandape,0,0,t,cmu2np4rwaytnnx4jy5j4mmt2,cmu2np4s3aytpnx4j7hildk13
,,ITAIPU,https://pensi.gupy.io/,gupy,gupy,0,0,t,cmsxcflzt005knf4jfrwmkhv4,cmsxcfm02005mnf4jjjkv2ksm
,,ITAMARATI,https://itamarati.gupy.io/,gupy,gupy,0,0,t,cmsxijy9i19nanf4jrgkns8t6,cmsxijy9t19ncnf4jk2m6xpm4
,,ITAU SEGUROS S/A,https://itaseguros.gupy.io/,gupy,gupy,0,0,t,cmu1qzcxz005snx4ja3jxd4m8,cmu1qzcy4005unx4jc44sxyp7
,,ITAU VIDA E PREVIDENCIA S.A.,https://fundacaoitauprevidencia.gupy.io/,gupy,gupy,0,0,t,cmu1qzc2x003jnx4jafrm1ggs,cmu1qzc33003lnx4jv4f93z1k
,,ITAUEIRA,https://expressoguanabara.gupy.io/,gupy,gupy,0,0,t,cmt0kx4i900busw4jwhypeyqm,cmt0kx4ih00bwsw4jsa2polxl
,,Idt,https://jobs.lever.co/idt,lever,lever,0,0,f,cmt67b20t009mlj4jpwqzeumj,cmt67b20z009olj4j3jk08mpd
,,Iftother,https://boards.greenhouse.io/iftother,greenhouse,greenhouse,0,0,f,cmt67b1v10097lj4jrjsdg7bg,cmt67b1v80099lj4jpz82kq5v
,,Infosys Brasil,https://digitalcareers.infosys.com/infosys/global-careers,custom_api,custom_api,0,0,f,cmsqp3dfb017ko94j6wlhdh4y,cmsqp3dfk017mo94jblip3li7
,,Innova Pessoas,https://innovarecursoshumanosltda.pandape.infojobs.com.br/,pandape,pandape,0,0,t,cmsqp3dfw017no94j97621z71,cmsqp3dg5017po94jpyv781qz
,,Insper,https://insperity.wd12.myworkdayjobs.com/NSP,workday,workday,0,0,t,cmswbmaqh0i7vob4j36tyzg6p,cmswbmaqn0i7xob4jtbmidr7h
,,Intera / byIntera,https://vagasbyintera.inhire.app/vagas,inhire,inhire,0,0,t,cmsqp3dip018bo94jv7ofphpw,cmsqp3div018do94jno3hi2id
,,Internalclickstop,https://boards.greenhouse.io/internalclickstop,greenhouse,greenhouse,0,0,f,cmt67kf3k00f4lj4jhwwj6bis,cmt67kf3r00f6lj4j8mackf7c
,,Irani Papel e Embalagem S.A.,https://career19.sapsf.com/career,custom_html,custom_html,0,0,f,cmpkcfsri00o3oi4j3t0zbc9t,cmpkcfsrk00o5oi4j2te9neye
,,Ircagroup,https://jobs.lever.co/ircagroup,lever,lever,0,0,f,cmt67ke9x00cglj4jd51re1jn,cmt67kea500cilj4jfj0fesam
,,J.S. AUTO PECAS,https://jspecas.gupy.io/,gupy,gupy,0,0,t,cmt0kx3o0009isw4j5ierq7ry,cmt0kx3o8009ksw4j50c1p700
,,JALLES MACHADO S.A.,https://talentos.jalles.com/vagas_disponiveis,custom_html,custom_html,0,0,f,cmpkcfsn900lcoi4jx76zqglu,cmpkcfsnc00leoi4jotkfrae2
,,JCPM SHOPPING CENTERS S.A.,https://grupojcpm.gupy.io/,gupy,gupy,0,0,t,cmu19mmar601ko64j70853amx,cmu19mmav601mo64j5joxuxp0
,,JHSF MALLS S.A.,https://jhsf-malls.gupy.io/,gupy,gupy,0,0,t,cmu2np3vaaysqnx4jthn7gvxx,cmu2np3vgayssnx4j1chz2a0m
,,JOAO OMETTO PARTICIPACOES S/A,https://fho.gupy.io/,gupy,gupy,0,0,t,cmu2noxzuaygmnx4j2ovw4yqb,cmu2noy01aygonx4jt2n5l3mh
,,JOHN DEERE HOLDING FINANCEIRA LTDA,https://lipetral.gupy.io/,gupy,gupy,0,0,t,cmu1qzct2005anx4j6f6xb6aa,cmu1qzct8005cnx4j7nefv43z
,,JORDAO SUGAR LTDA,https://afpesp.gupy.io/,gupy,gupy,0,0,t,cmtxdowuh0wt8lk4j3nesxg43,cmtxdowup0wtalk4j2lbbemfl
,,JORLAN,https://jll.wd1.myworkdayjobs.com/es/jllcareers,workday,workday,0,0,f,cmt0g82md6f9ppd4jy67oh8ti,cmt0g82mm6f9rpd4jqoc5ung3
,,JOY STREET S.A.,https://joy.teamtailor.com/,teamtailor,teamtailor,0,0,t,cmtvkcqurhln2rs4jfx228vtz,cmtvkcquuhln4rs4j0pufu3q4
,,JT INTERNATIONAL DISTRIBUIDORA DE CIGARROS LTDA.,https://cjbrasil.gupy.io/,gupy,gupy,0,0,t,cmu19mm9f601ho64j0mb1g1w5,cmu19mm9j601jo64jvc9eh61y
,,Jadlog,https://jadlog.pandape.infojobs.com.br/,pandape,pandape,0,0,t,cmsqp3dop019ho94jgwkm5dr3,cmsqp3dov019jo94jqk4pkc95
,,Jobgether,https://jobs.lever.co/jobgether,lever,lever,0,0,f,cmtoe623x0099pf4jk0i4fvzm,cmtoe6246009bpf4jfkvp88j3
,,Johnson & Johnson Brasil,https://www.careers.jnj.com/pt-br/jobs,custom_html,custom_html,0,0,f,cmsqp3dpd019no94jkjeqy1ps,cmsqp3dpk019po94jxmy2bhpj
,,Josys,https://jobs.ashbyhq.com/josys,ashby,ashby,0,0,f,cmt67ke6500c4lj4jxslipucg,cmt67ke6c00c6lj4jvm6iazxc
,,KALUNGA,https://groupesantenadon.teamtailor.com/,teamtailor,teamtailor,0,0,t,cmsxcfpyn00hbnf4jkv1uoiv4,cmsxcfpyw00hdnf4jll59mnyu
,,KANTTUM TECNOLOGIA EM EDUCACAO S.A.,https://kanttum.gupy.io/,gupy,gupy,0,0,t,cmtoe1cvj0068pf4j99p8by56,cmtoe1cvp006apf4jo70iwb7h
,,KATRIUM,https://atriumhospitality.wd5.myworkdayjobs.com/AtriumHospitality,workday,workday,0,0,t,cmsxt603w2anfnf4jft35js7m,cmsxt60452anhnf4jpg7j54ig
,,KAYAK DO BRASIL INFORMACAO E TECNOLOGIA LTDA,https://jobs.ashbyhq.com/KAYAK,ashby,ashby,0,0,t,cmtnbwn25kpf7rp4j2zkzxaed,cmtnbwn2akpf9rp4jdivhnmd3
,,KICALDO,https://kla.wd1.myworkdayjobs.com/UR,workday,workday,0,0,t,cmsxt5xcz2ag6nf4ji37oeo58,cmsxt5xdb2ag8nf4jzytxo7cy
,,KILLING,https://killing.gupy.io/,gupy,gupy,0,0,t,cmsxt60ik2aolnf4jcbnceg7j,cmsxt60is2aonnf4j9x2fbbb5
,,KIWIFY TECNOLOGIA E SERVICOS LTDA,https://kiwify.inhire.app/,inhire,inhire,0,0,t,cmtvkcr17hlnwrs4j9e88o0j9,cmtvkcr1ahlnyrs4jjshgqeuy
,,KONE Brasil,https://kone.wd3.myworkdayjobs.com/Careers,workday,workday,0,0,t,cmsqp3dr401a2o94jzx8dsy3m,cmsqp3dra01a4o94jtr1ryd7c
,,KORDSA,https://kordsa.gupy.io/,gupy,gupy,0,0,t,cmt0g81a76f77pd4jqlonrh37,cmt0g81af6f79pd4j6hi1etzo
,,KURUMA VEICULOS,https://comveima.gupy.io/,gupy,gupy,0,0,t,cmsxcfpwp00h5nf4jqk923kqj,cmsxcfpx100h7nf4jf8z6joyx
,,Kenvue Brasil,https://jobs.kenvue.com/pt,custom_html,custom_html,0,0,f,cmsqp3dt901ano94jwzr6jk7e,cmsqp3dte01apo94jhzs8e143
,,Kinea Investimentos,https://kinea.gupy.io/,gupy,gupy,0,0,t,cmsqp3dtk01aqo94jxqi0i5rm,cmsqp3dtp01aso94jxoyzxl9y
,,Klabin (Workday),https://carreiras.klabin.com.br/go/Trabalhe-com-a-gente/8804200,custom_html,custom_html,0,0,f,cmsqp3du501awo94j3mt3pvud,cmsqp3dua01ayo94jzjsmel3e
,,Konecta,https://konecta.gupy.io/,gupy,gupy,0,0,t,cmsqp3dv001b5o94j33qq5qfs,cmsqp3dv501b7o94jq30hn83v
,,Kraft Heinz Brasil,https://jobs.kraftheinz.com/careers,custom_html,custom_html,0,0,f,cmsqp3dvl01bbo94jr5vw9qy5,cmsqp3dvq01bdo94j74brx18n
,,Kronosresearch,https://boards.greenhouse.io/kronosresearch,greenhouse,greenhouse,0,0,f,cmu5gecxl69l7le5f6zbvd2si,cmu5gecxv69l9le5fxnthok4d
,,LACADOR DIGITAL LTDA.,https://lacadordigital.gupy.io/,gupy,gupy,0,0,t,cmtvkcqzlhlnnrs4jgata3eci,cmtvkcqzphlnprs4jmdfifgy9
,,LAFEPE,https://programadestagioetraineelefosse.gupy.io/,gupy,gupy,0,0,t,cmt0kx3y900a9sw4jics68uhr,cmt0kx3yh00absw4jo3ycmwwx
,,LAGO-SAN,https://jobs.ashbyhq.com/lago,ashby,ashby,0,0,t,cmt0nvn2r0c30sw4ju5g28yu5,cmt0nvn300c32sw4jib2z8fq7
,,LATAM Airlines Brasil,https://career8.successfactors.com/career,custom_html,custom_html,0,0,f,cmsqp3dw701bho94jdsvwmbix,cmsqp3dwd01bjo94j0g6uu59u
,,LATVIDA,https://keskosenukailatvia.teamtailor.com/,teamtailor,teamtailor,0,0,t,cmsxt60c12ao3nf4j4ppbjjap,cmsxt60cb2ao5nf4js953usaa
,,LAVEBRAS,https://lojaodobras.gupy.io/,gupy,gupy,0,0,t,cmt0kx35q0089sw4jzfcii71u,cmt0kx35y008bsw4ji985lz8x
,,LAVVI EMPREENDIMENTOS IMOBILIÁRIOS S.A.,https://lavvi.vagas.solides.com.br/,solides,solides,0,0,t,cmpkcfsnj00lioi4ju5vrw3p1,cmpkcfsnm00lkoi4jpcyxvzvx
,,LEGADUM TECH DO BRASIL LTDA,https://lge.gupy.io/,gupy,gupy,0,0,t,cmt27m78y53huo14jvlprryr7,cmt27m79553hwo14j2l7k9enj
,,LEVVA S.A.,https://levra.teamtailor.com/,teamtailor,teamtailor,0,0,t,cmtnbwmhukpddrp4jj7yfajrc,cmtnbwmi2kpdfrp4j9y3mimfx
,,LEXISNEXIS INFORMACOES E SISTEMAS EMPRESARIAIS LTDA,https://relx.wd3.myworkdayjobs.com/LexisNexisLegal,workday,workday,0,0,t,cmtnbwmqckpe1rp4jjbwq0hpo,cmtnbwmqjkpe3rp4jq3vol8w5
,,LIASA,https://career.teamtailor.com/,teamtailor,teamtailor,0,0,t,cmsxt5wdi2ad3nf4jamsg2djn,cmsxt5wds2ad5nf4jeyi64fs9
,,LIDER AVIACAO,https://lideraviacao.pandape.com.br/,pandape,pandape,0,0,t,cmsxkv9c61grnnf4js1ocb3l8,cmsxkv9ck1grpnf4j173cm9g7
,,LINCK,https://linck.teamtailor.com/,teamtailor,teamtailor,0,0,t,cmt0kx44v00ausw4jkf5oexhz,cmt0kx45300awsw4j1q6dl79e
,,LINHAUNI,https://jobs.ashbyhq.com/Linear,ashby,ashby,0,0,f,cmsxcfosp00dwnf4jndxxca62,cmsxcfosy00dynf4jhimlr1jn
,,LINKCALL SERVICOS DE CALL CENTER S.A,https://call.teamtailor.com/,teamtailor,teamtailor,0,0,t,cmt27m6t953gio14jo0i1115v,cmt27m6tf53gko14jeeaxsyl1
,,LINKED GOURMET SOLUCOES PARA RESTAURANTES S.A.,https://linkedgourmet.gupy.io/,gupy,gupy,0,0,t,cmt2s7be060eeo14j3zl88206,cmt2s7be760ego14jr7yg2d8r
,,LIONX DO BRASIL TECNOLOGIA LTDA,https://lionx.gupy.io/,gupy,gupy,0,0,t,cmt27m62b53eco14j6d3af93u,cmt27m62i53eeo14jpamyt1bv
,,LIOTECNICA,https://biotechne.wd5.myworkdayjobs.com/Biotechne,workday,workday,0,0,t,cmt0g83d16fbapd4j4cos7bmu,cmt0g83d96fbcpd4jh4svxdyb
,,LITELA PARTICIPACOES S.A. EM LIQUIDACAO,https://vipleiloes.gupy.io/,gupy,gupy,0,0,t,cmtxdowox0wstlk4j1f1x023w,cmtxdowp20wsvlk4jo69xyzgr
,,LM TRANSPORTES,https://lmvagas.gupy.io/,gupy,gupy,0,0,t,cmsxcfp8500f8nf4jozgeb3kl,cmsxcfp8e00fanf4jyifinifw
,,LOCAR,https://vagaslocarguindastes.gupy.io/,gupy,gupy,0,0,t,cmt0g80a56f54pd4j1nw5ffl3,cmt0g80af6f56pd4j9v81iy9i
,,LOGA,https://loga.pandape.com.br/,pandape,pandape,0,0,t,cmsxt5xgp2aginf4jnj0a8pu5,cmsxt5xgx2agknf4jhruikjem
,,LOGGI TECNOLOGIA LTDA.,https://loglabdigital.gupy.io/,gupy,gupy,0,0,t,cmu1qzclx004snx4jcmwfw29n,cmu1qzcm4004unx4jr6zlghjn
,,LOJA DO MECANICO,https://lojadomecanico.pandape.com.br/,pandape,pandape,0,0,t,cmsxkv8fv1gp2nf4jqy8ajkk9,cmsxkv8g31gp4nf4jsfp0rqxi
,,LOJAS COLOMBO,https://lojascolombo.pandape.com.br/,pandape,pandape,0,0,t,cmsxijxue19m4nf4jtji5uhec,cmsxijxuo19m6nf4jlotydumx
,,LUMIAR LATIN AMERICA EDUCATION CORP S.A.,https://lumiar-vila-olimpia.gupy.io/,gupy,gupy,0,0,t,cmt2s7cb160h2o14jgbmj55aa,cmt2s7cb860h4o14j5m8fmqge
,,LUPO S.A.,https://boards.greenhouse.io/lumahealth,greenhouse,greenhouse,0,0,f,cmu2noyniayianx4jf58wwk0i,cmu2noynnayicnx4jfc7bjz6j
,,Lalamove Brasil,https://jobs.lever.co/lalamove,lever,lever,0,0,t,cmswbmagb0i6pob4jm9ztneax,cmswbmagj0i6rob4j98kenc69
,,Lanxess Brasil,https://career.lanxess.com/br/pt/search-results,custom_html,custom_html,0,0,f,cmsqp3dyv01bso94jsyluonrb,cmsqp3dz101buo94j2iaueaph
,,Legendcareers,https://boards.greenhouse.io/legendcareers,greenhouse,greenhouse,0,0,f,cmt67kefx00cylj4jpedymosf,cmt67keg600d0lj4jucsslhnl
,,Leidos Brasil,https://leidos.wd5.myworkdayjobs.com/External,workday,workday,0,0,f,cmsqp3e0501c4o94je1lrlx06,cmsqp3e0b01c6o94juh49qd58
,,Lenovo Brasil,https://jobs.lenovo.com/pt_BR/careers/SearchJobs,custom_html,custom_html,0,0,f,cmsqp3e0h01c7o94j6fw008xm,cmsqp3e0m01c9o94ja5koepbs
,,Liber Capital,https://liber.teamtailor.com/,teamtailor,teamtailor,0,0,t,cmsqp3e2201cmo94jewxn7m3m,cmt679g20008ulj4jz5ovnttr
,,Liberty Seguros,https://libertyseguros.gupy.io/,gupy,gupy,0,0,t,cmsqp3e2e01cpo94j9ulezwhy,cmsqp3e2j01cro94jjfgmnb1z
,,Linear,https://jobs.ashbyhq.com/linear,ashby,ashby,0,0,t,cmsqp3e3101cvo94j55g8hizs,cmsqp3e3601cxo94jzhm4jdoa
,,Linx,https://atracaodetalentos.totvs.app/carreiratotvslinx/extended,custom_html,custom_html,0,0,f,cmsqp3e4001d4o94j2st45i3d,cmsqp3e4501d6o94jh40isq4f
,,Liqen,https://hawthornerecursoshumanos.pandape.infojobs.com.br/,pandape,pandape,0,0,t,cmsqp3e4a01d7o94jztfinihm,cmsqp3e4g01d9o94jjguv01yt
,,Locaweb,https://lwsa.inhire.app/locaweb/vagas,inhire,inhire,0,0,t,cmsqp3e5a01dgo94j68we71qy,cmsqp3e5g01dio94j892n04w8
,,Loft,https://loft.teamtailor.com/,custom_html,custom_html,0,0,f,cmsqp3e5x01dmo94jqcgocqjy,cmsqp3e6301doo94jrugms22h
,,Loggi,https://www.loggi.com/carreiras/vagas,custom_html,custom_html,0,0,f,cmsqp3e6k01dso94jij2xbp5h,cmsqp3e6p01duo94jsz7zq5dj
,,Loom Brasil,https://jobs.ashbyhq.com/loom,ashby,ashby,0,0,t,cmsqp3e7n01e1o94jcfbs6w6h,cmsqp3e7t01e3o94jisqkvb79
,,Lumahealth,https://boards.greenhouse.io/lumahealth,greenhouse,greenhouse,0,0,f,cmu5gecsr69kvle5fl21jvq4v,cmu5gect069kxle5fka6y0ca7
,,M TECH & DATA LTDA,https://mtekindustryab.teamtailor.com/,teamtailor,teamtailor,0,0,t,cmtoe1bux002wpf4jn23vjxoy,cmtoe1bv2002ypf4j2wakuuxx
,,MAGGU TECHNOLOGIES LTDA,https://maglegroup.teamtailor.com/,teamtailor,teamtailor,0,0,t,cmtoe1cke0058pf4jrnyk66cb,cmtoe1ckk005apf4jia3q8t88
,,MAGNESITA REFRATARIOS,https://rhino.teamtailor.com/,teamtailor,teamtailor,0,0,t,cmsxcfqgh00itnf4jybwoljli,cmsxcfqgr00ivnf4jeszjzrlv
,,MAHLE-METAL LEVE,https://careers.mahle.com/,custom_html,custom_html,0,0,f,cmpkcfsno00lloi4jmblf2g4s,cmpkcfsnq00lnoi4jdoe29xus
,,MAPS S.A SOLUCOES E SERVICOS,https://carreiramapah.gupy.io/,gupy,gupy,0,0,t,cmt2s7atn60cqo14j5h8nl452,cmt2s7atu60cso14j57l6t37m
,,MAPS SERVICES S.A.,https://thecrownestate.teamtailor.com/,teamtailor,teamtailor,0,0,t,cmt2s7c0b60g2o14js7n3n2u9,cmt2s7c0i60g4o14jjegtdr2z
,,MAQCAMPO,https://maqcampo.gupy.io/,gupy,gupy,0,0,t,cmsxcfr8200l5nf4j3aos3fsz,cmsxcfr8c00l7nf4jtzxwssyu
,,MAR - ALGORITMOS DE SAUDE LTDA,https://interligasolucoesemservicosdesaudeltda.pandape.com.br/,pandape,pandape,0,0,t,cmtmvnyt2keeerp4j31m02vfs,cmtmvnytakeegrp4j3stox1k6
,,MARAMBAIA HOLDING S.A.,https://marmon.wd501.myworkdayjobs.com/Marmon_Careers,workday,workday,0,0,t,cmu1qzbwm0037nx4jjub0u14e,cmu1qzbws0039nx4juatw1wz2
,,MARILAN,https://marilan.gupy.io/,gupy,gupy,0,0,t,cmsxijxfl19ldnf4jtcqrf6gf,cmsxijxfx19lfnf4jide09atq
,,MARLABS LTDA,https://marvell.wd1.myworkdayjobs.com/MarvellCareers,workday,workday,0,0,t,cmt2s7aqq60cho14jubrrcqtv,cmt2s7aqz60cjo14j1fs7qaj9
,,MARTINI MEAT S/A ARMAZENS GERAIS,https://refrio.gupy.io/,gupy,gupy,0,0,t,cmu2noz4wayjknx4jy6zt09lq,cmu2noz51ayjmnx4j25b2uvrl
,,MASCARENHAS EST UNIF,https://masp.gupy.io/,gupy,gupy,0,0,t,cmt0kx4u600crsw4j0c8c7yw1,cmt0kx4ui00ctsw4j7u92fa4q
,,MAT HOLDING & FAMILY LTDA,https://grupomater.gupy.io/,gupy,gupy,0,0,t,cmu1qzd2b0064nx4jeuyiukvh,cmu1qzd2h0066nx4jdda9nl5h
,,MATERA MVAR SOLUCOES EM INFORMATICA LTDA,https://matera.inhire.app/,inhire,inhire,0,0,t,cmt2s7cfw60hko14jezlrckdk,cmt2s7cg460hmo14jb08yejug
,,MAVENIR SYSTEMS DO BRASIL LTDA,https://mavenir.wd1.myworkdayjobs.com/Mavenir_Careers,workday,workday,0,0,t,cmtoe1byi0038pf4jegpxzsxm,cmtoe1byp003apf4jlt7zhmrq
,,MAXURI CONSULTORIA EM INOVACAO E SERVICOS LTDA,https://consultoria.inhire.app/,inhire,inhire,0,0,t,cmtnbwlulkpb1rp4jf6xd6p68,cmtnbwlurkpb3rp4jdv9cpzms
,,MBOCHIP S.A.,https://chip.teamtailor.com/,teamtailor,teamtailor,0,0,t,cmtoe1cra005tpf4jp6nj4b10,cmtoe1crh005vpf4jgd3qs9k3
,,MCR (LHG MINING),https://jfmineracao.gupy.io/,gupy,gupy,0,0,t,cmsxcfqj500j2nf4jxsak8q4t,cmsxcfqjf00j4nf4jc2c032xp
,,MEDLIVE,https://openlabs.gupy.io/,gupy,gupy,0,0,t,cmt0g813n6f6vpd4j0uvjalk8,cmt0g813z6f6xpd4j62g89ttm
,,MELNICK EVEN DESENVOLVIMENTO IMOBILIÁRIO S.A.,https://melnick.inhire.app/vagas,custom_html,custom_html,0,0,f,cmpkcfsol00m6oi4jrb2u0l60,cmpkcfson00m8oi4j0denoww7
,,MERCADINHOS SAO LUIZ,https://vemprosmercadinhossaoluiz.gupy.io/,gupy,gupy,0,0,t,cmsxik04c19s4nf4jfvymbgf6,cmsxik04r19s6nf4j7fl104gl
,,MERCADO ELETRONICO S.A.,https://ebazarcombrltda.pandape.com.br/,pandape,pandape,0,0,t,cmtoe1c43003qpf4jmv7vducj,cmtoe1c49003spf4jh9htf3c0
,,MERCADO LIVRE BRASIL LTDA,https://meli.gupy.io/,gupy,gupy,0,0,f,cmu1qzcf1004gnx4jnvqi5tuj,cmu1qzcf7004inx4joie630cm
,,MERCEDES-BENZ DO BRASIL LTDA.,https://mercedes-benz.gupy.io/,gupy,gupy,0,0,t,cmtxdow510wrzlk4jw2nsyy6q,cmtxdow570ws1lk4jtuntxqg0
,,MERCK SHARP & DOHME SAUDE ANIMAL LTDA,https://msd.wd5.myworkdayjobs.com/SearchJobs,workday,workday,0,0,t,cmu19mlnp6005o64jafhhmill,cmu19mlnv6007o64j3rc9vxw8
,,METABIX BIOTECH BRASIL LTDA,https://biometrix.gupy.io/,gupy,gupy,0,0,t,cmtoe1bt6002qpf4jt5cmbh1t,cmtoe1btc002spf4jyny1d51u
,,METALFRIO SOLUTIONS,https://www.metalfrio.com.br/vagas,custom_html,custom_html,0,0,f,cmpkcfsme00kroi4jsoycefq6,cmpkcfsmg00ktoi4j7dd707ss
,,METISA,https://metria.teamtailor.com/,teamtailor,teamtailor,0,0,t,cmt0g7zvx6f44pd4jt3xtzc7i,cmt0g7zw66f46pd4jh9xps5or
,,METRO,https://metrobh.gupy.io/,gupy,gupy,0,0,t,cmsxcfq6l00hznf4jfdz2dglv,cmsxcfq6y00i1nf4jrl7ui1ez
,,MEZ 5 ENERGIA,https://mezenergia.gupy.io/,gupy,gupy,0,0,t,cmt0nvmge0c1osw4jfeknnl8j,cmt0nvmgm0c1qsw4j50v6kk6m
,,MG5 INOVACAO E TECNOLOGIA S.A.,https://traineeslcagricola.gupy.io/,gupy,gupy,0,0,t,cmtoe1dgy007kpf4jgxnw0n86,cmtoe1dh5007mpf4jfm4a7hn7
,,MGS CLEAN SOLUCOES E SERVICOS LTDA,https://mineservicosesolucoesltda.pandape.com.br/,pandape,pandape,0,0,t,cmtoe1b85000zpf4jfmiuiy75,cmtoe1b8d0011pf4jx90nb314
,,MICROSOFT 272945 BRASIL LTDA,https://licav.gupy.io/,gupy,gupy,0,0,t,cmu19mkap5zwno64jnpmyyjl9,cmu19mkau5zwpo64jeorvcl5r
,,MINASLIGAS,https://minastc.gupy.io/,gupy,gupy,0,0,t,cmsxkv8wl1gqhnf4jcvac0fdo,cmsxkv8wu1gqjnf4jlecwacd5
,,MIRIAM VOIGT SCHWARTZ ADMINISTRADORA LTDA,https://avosano.teamtailor.com/,teamtailor,teamtailor,0,0,t,cmu1qzcwo005mnx4jcspvn7f1,cmu1qzcwu005onx4jpqctccv8
,,MITSUI GAS E ENERGIA DO BRASIL LTDA.,https://messergases.gupy.io/,gupy,gupy,0,0,t,cmu1qzc4a003mnx4j9sf15nd1,cmu1qzc4f003onx4jltdbn8uo
,,MLabs,https://mlabs.gupy.io/,gupy,gupy,0,0,t,cmswbm9m70i47ob4jqwp6ooq7,cmswbm9mg0i49ob4jkrl2afhh
,,MOHAWK REVESTIMENTOS COCAL DO SUL LTDA,https://mohawk.gupy.io/,gupy,gupy,0,0,t,cmu2notxkay8gnx4jdtyqmxjj,cmu2notxray8inx4jdyboosyt
,,MOINHO SAO JORGE 5G SA,https://moinhodonordestesa.pandape.com.br/,pandape,pandape,0,0,t,cmu2np0r0aylznx4jmooqmd4i,cmu2np0r5aym1nx4jzq7uj7kr
,,MONSANTO DO BRASIL LTDA,https://mantiqueirabrasil.gupy.io/,gupy,gupy,0,0,t,cmu2notstay8anx4jxyo9xo6t,cmu2nottyay8cnx4ja2fpvwnn
,,MORORO PARTICIPACOES E INVESTIMENTOS S.A.,https://frjr.pandape.com.br/,pandape,pandape,0,0,t,cmu30xlzr001ln14jdzv7nolp,cmu30xlzx001nn14jvqt7r31l
,,MOURA DUBEUX ENGENHARIA S/A,https://mdne.vagas.solides.com.br/,custom_html,custom_html,0,0,f,cmpkcfsog00m3oi4j7xkne83l,cmpkcfsoi00m5oi4jll6cueu0
,,MRC PARTICIPACOES S.A.,https://mrcglobal.wd503.myworkdayjobs.com/MRC_Global_Careers,workday,workday,0,0,t,cmtxdovty0wrklk4jja1m8ae4,cmtxdovu40wrmlk4jw0gn24ky
,,MSC Brasil,https://msc.csod.com/ux/ats/careersite/4/home,custom_api,custom_api,0,0,f,cmsqp3ebr01eao94jxmdw0j6h,cmsqp3ebx01eco94jxgx9yq2b
,,MSGAS,https://thaisrodrigues.gupy.io/,gupy,gupy,0,0,t,cmt0g80bh6f57pd4jrkrxlh4z,cmt0g80by6f59pd4jaxxkqjsr
,,MUFON TRADE COMPANY IMPORTACAO E EXPORTACAO LTDA,https://wmtrading.gupy.io/,gupy,gupy,0,0,t,cmtxdov6j0wq8lk4j3p6qqt1l,cmtxdov6p0wqalk4j3bg751v9
,,MULTILASER INDUSTRIAL S.A.,https://grupomultilaser.pandape.infojobs.com.br/,custom_html,custom_html,0,0,f,cmpkcfsoz00mfoi4jpyjsqjow,cmpkcfsp100mhoi4jiw4ix67e
,,MUNDO DOS NEGOCIOS ASSESSORIA EMPRESARIAL LTDA,https://hubbieassessoriaempresarialltda.pandape.com.br/,pandape,pandape,0,0,t,cmtoe1dtc008hpf4jw6so2i8l,cmtoe1dti008jpf4j9vqvbs41
,,MUSIC2 PUBLICIDADE DIGITAL LTDA,https://studiosol.gupy.io/,gupy,gupy,0,0,t,cmt2s7b9p60e2o14j52hrrjij,cmt2s7b9x60e4o14juhsk1klc
,,MWM - TUPY DO BRASIL LTDA.,https://vempramwm.gupy.io/,gupy,gupy,0,0,t,cmu2np14rayn2nx4jrmxfc28s,cmu2np14wayn4nx4j7i8nma96
,,Mach,https://jobs.ashbyhq.com/mach,ashby,ashby,0,0,f,cmt67ket600e7lj4jqx5l5eli,cmt67kete00e9lj4jg5bzhs1y
,,Madeira Madeira,https://careers-madeiramadeira.icims.com/jobs/search,custom_html,custom_html,0,0,f,cmsqp3ed101ejo94jzq5adxe8,cmsqp3ed601elo94jzvg7q6j7
,,Maersk Brasil,https://www.maersk.com/careers/vacancies,custom_html,custom_html,0,0,f,cmsqp3edm01epo94jgl96oe1i,cmsqp3edr01ero94j0nv3jngl
,,Magazine Luiza (Magalu),https://carreiras.magazineluiza.com.br/encontre-sua-vaga,custom_html,custom_html,0,0,f,cmsqp3edx01eso94ja28thvto,cmsqp3ee301euo94jrajcmfei
,,ManpowerGroup Brasil,https://vagas.manpowergroup.com.br/,custom_html,custom_html,0,0,f,cmsqp3eem01eyo94jt8uimnvz,cmsqp3eer01f0o94ja03fufka
,,Marfrig,https://trabalheconosco.vagas.com.br/marfrig/oportunidades,custom_html,custom_html,0,0,f,cmsqp3efw01fao94jndadic91,cmsqp3eg101fco94j0shx9nc2
,,Mars Brasil,https://careers.mars.com/br/pt/search-results,custom_html,custom_html,0,0,f,cmsqp3egk01fgo94j16i2v37i,cmsqp3egq01fio94jiqjwfx4q
,,Mattos Filho Advogados,https://mattosfilho.gupy.io/,gupy,gupy,0,0,t,cmsqp3ehx01fso94jyk5yoaan,cmsqp3ei201fuo94j5kojb8e8
,,Maximustribe,https://jobs.ashbyhq.com/maximustribe,ashby,ashby,0,0,f,cmt67keq700dylj4ju46mtyic,cmt67keqd00e0lj4jmks30kxd
,,McKinsey Brasil,https://www.mckinsey.com/careers/search-jobs,custom_html,custom_html,0,0,f,cmsqp3eij01fyo94j6f3zsyx2,cmsqp3eis01g0o94jm9vkzw5b
,,Medtronic Brasil,https://medtronic.wd1.myworkdayjobs.com/MedtronicCareers,workday,workday,0,0,t,cmsqp3ej801g4o94jsab02ozn,cmsqp3ejd01g6o94jbnti0a2r
,,Meta Brasil,https://www.metacareers.com/jobsearch,custom_html,custom_html,0,0,f,cmsqp3el401gmo94j1id5bz1j,cmsqp3el901goo94jg8hkqkua
,,Michael Page Brasil,https://www.michaelpage.com.br/jobs/s%C3%A3o-paulo,custom_html,custom_html,0,0,f,cmsqp3eli01gpo94jrmmyzlz2,cmsqp3eln01gro94j5srhmlh4
,,Michelin Brasil,https://vagas.michelin.com.br/job-offer-result-list,custom_html,custom_html,0,0,f,cmsqp3els01gso94j9hmrc115,cmsqp3ely01guo94jm7xcsw0d
,,Microsoft Brasil,https://apply.careers.microsoft.com/careers,custom_html,custom_html,0,0,f,cmsqp3em301gvo94jxn7efweb,cmsqp3ema01gxo94jwvzg9s27
,,Mistral AI,https://jobs.lever.co/mistral,lever,lever,0,0,t,cmsqp3en401h4o94jkkgnwn2y,cmsqp3en901h6o94jnehsyoqh
,,Mondelēz Brasil,https://mondelez.gupy.io/,gupy,gupy,0,0,t,cmsqp3eo101hdo94jzgkh0zyl,cmsqp3eoa01hfo94j1wcw89p6
,,Monkey Exchange,https://apply.workable.com/monkey-1,custom_api,custom_api,0,0,f,cmsqp3eor01hjo94je634aw92,cmsqp3eox01hlo94jvm9yapan
,,Moog Brasil,https://moog.wd5.myworkdayjobs.com/MOOG_External_Career_Site,workday,workday,0,0,t,cmsqp3ep401hmo94jbn083pyn,cmsqp3ep901hoo94j7x18yy6w
,,Moove (Cosan Lubricantes),https://grupocosan.csod.com/ux/ats/careersite/4/home,custom_api,custom_api,0,0,f,cmsqp3epf01hpo94jvkdqi5p1,cmsqp3epk01hro94jjrvn9el5
,,Mota-Engil Brasil,https://careers.mota-engil.com/go/Oportunidades/9534401,custom_html,custom_html,0,0,f,cmsqp3eq101hvo94ji87ybhfn,cmsqp3eq701hxo94jlu8wd4gz
,,N7 HOLDING S.A,https://s2holding.gupy.io/,gupy,gupy,0,0,t,cmtxdowzf0wtelk4jogquqhgs,cmtxdowzk0wtglk4jv0h8cmen
,,NEOMILLE S.A.,https://jobs.ashbyhq.com/Neon,ashby,ashby,0,0,f,cmu2np1ulayoknx4jcbir2okq,cmu2np1urayomnx4j5b0yel54
,,NEORIS DO BRASIL LTDA.,https://boards.greenhouse.io/neoris,greenhouse,greenhouse,0,0,t,cmtmu7t1gke7qrp4j8ggxe6ky,cmtmu7t1mke7srp4j8vu8a6bw
,,NESTLE NORDESTE ALIMENTOS E BEBIDAS LTDA.,https://lda.gupy.io/,gupy,gupy,0,0,t,cmu2noukpay9vnx4j8geihged,cmu2noukxay9xnx4jr8vf785u
,,NEUGEBAUER ALIMENTOS,https://neugebauer.gupy.io/,gupy,gupy,0,0,t,cmsxt60lc2aounf4jrcdrbjqk,cmsxt60lo2aownf4jhauvemhq
,,NEWCO TEREOS INTERNACIONAL (BR) LTDA,https://internacional.pandape.com.br/,pandape,pandape,0,0,t,cmu2np4wbayttnx4j0ry0vfwl,cmu2np4whaytvnx4j8vml57jo
,,NEXT MOBILIDADE,https://nextmobilidade.gupy.io/,gupy,gupy,0,0,t,cmsxt5x5i2afinf4jswi5tkyf,cmsxt5x5t2afknf4jxh042ixa
,,NEXTI DESENVOLVIMENTO DE SISTEMAS S.A.,https://asaasestagios.gupy.io/,gupy,gupy,0,0,t,cmt2s7ap760cbo14jk3ctqcxu,cmt2s7ape60cdo14j7r818onp
,,NIMBI S.A.,https://nimblrab.teamtailor.com/,teamtailor,teamtailor,0,0,t,cmt27m7fp53ifo14jjt1rewu9,cmt27m7fx53iho14jbozmjgh9
,,NIPO BRASILEIRA (ENKYO),https://talentoscmd.gupy.io/,gupy,gupy,0,0,t,cmsxt5yel2ai9nf4j4gtktf11,cmsxt5yev2aibnf4jungzf1f5
,,NOKIA SOLUTIONS AND NETWORKS DO BRASIL TELECOMUNICACOES LTDA.,https://jobs.lever.co/campusworksinc,lever,lever,0,0,f,cmu2np1shayohnx4jmv3woiy3,cmu2np1smayojnx4juu1hc2rr
,,NORD ANGLIA EDUCATION BRAZIL HOLDINGS S.A.,https://angloalante.gupy.io/,gupy,gupy,0,0,t,cmu2np2qvayqnnx4jn6b269fd,cmu2np2r2ayqpnx4jf8zd2ueq
,,NORDICA VEICULOS,https://nordicaveiculossa.pandape.com.br/,pandape,pandape,0,0,t,cmsxik02y19s1nf4jg8ol1yls,cmsxik03i19s3nf4jmfuclpb5
,,NORSKAN OFFSHORE LTDA,https://njordsurvey.teamtailor.com/,teamtailor,teamtailor,0,0,t,cmu2np1xkayotnx4jrouxes5t,cmu2np1xqayovnx4jhcd89c41
,,NORSUL,https://norsul.gupy.io/,gupy,gupy,0,0,t,cmsxik1ho19vvnf4jze3z5fh4,cmsxik1i919vxnf4jm2lolyle
,,NORTE BRASIL,https://ecoviasdasgerais.gupy.io/,gupy,gupy,0,0,t,cmt0kx42200alsw4jprt7q0f7,cmt0kx42b00answ4jaxp313ob
,,NORTE BUSS,https://nortebuss.pandape.com.br/,pandape,pandape,0,0,t,cmsxt60pf2ap6nf4j19pg14q1,cmsxt60pp2ap8nf4j8is321ua
,,NORTOX,https://nortox.gupy.io/,gupy,gupy,0,0,t,cmsxijwdk19ipnf4jmy1imt6n,cmsxijwdz19irnf4j7i7b70rd
,,NOTRE DAME INTERMEDICA SAUDE S.A.,https://redenotredamesaude.gupy.io/,gupy,gupy,0,0,t,cmtxdovor0wr8lk4j0egvggao,cmtxdovp00wralk4j3k0iqhrj
,,NOVA GIPAR HOLDING S.A.,https://supernova.gupy.io/,gupy,gupy,0,0,t,cmu1qzdm7007mnx4j9m6k4wl9,cmu1qzdmc007onx4jk8mv2hc7
,,NOVAAGRI (TOYOTA TSUSHO),https://toyota.teamtailor.com/,teamtailor,teamtailor,0,0,t,cmsxcflom004nnf4jjjkeu8op,cmsxcflox004pnf4j06s7pghu
,,NOVO NORDISK FARMACEUTICA DO BRASIL LTDA,https://novonordisk.gupy.io/,gupy,gupy,0,0,t,cmu2np16tayn8nx4ju3euiva5,cmu2np16yaynanx4jruxcuo26
,,NPI S.A.,https://boards.greenhouse.io/axon,greenhouse,greenhouse,0,0,f,cmu19mlh85zzno64j0xyvk3ah,cmu19mlhf5zzpo64jid1qa8nr
,,NTK SOLUTIONS S.A,https://nortekgroup.teamtailor.com/,teamtailor,teamtailor,0,0,t,cmt27m5nb53d3o14jrduqui7m,cmt27m5nk53d5o14jmkvnsuow
,,NTT DATA BRASIL CONSULTORIA DE NEGOCIOS E TECNOLOGIA DA INFORMACAO LTDA.,https://nttdataeuropelatam.pandape.com.br/,pandape,pandape,0,0,t,cmt27m6ur53goo14j920pkbqp,cmt27m6uy53gqo14jca37y37b
,,NTT DATA BUSINESS SOLUTIONS - SERVICOS DE TECNOLOGIA LTDA,https://boards.greenhouse.io/nttdatausa,greenhouse,greenhouse,0,0,t,cmt27m6rm53gco14j14oqadwg,cmt27m6ru53geo14jehmuqs2a
,,NUANCE COMMUNICATIONS LTDA.,https://boards.greenhouse.io/nuancelabs,greenhouse,greenhouse,0,0,t,cmt27m66053elo14j4m2xs3g6,cmt27m66e53eno14j2g29kd12
,,NUMERAL 80 PARTICIPACOES S/A,https://jobs.ashbyhq.com/Numeral,ashby,ashby,0,0,t,cmu1qzd3i0067nx4j73derej4,cmu1qzd3r0069nx4jsgop2mzr
,,Nectar CRM,https://jobs.ashbyhq.com/nectar-social,ashby,ashby,0,0,t,cmswbm9nu0i4dob4ja6wmdbrb,cmswbm9o20i4fob4ji9drafy4
,,Neon,https://pageneonvagas.gupy.io/,gupy,gupy,0,0,t,cmsqp3etv01iso94jou0mutak,cmsqp3eu001iuo94j8fqqymbe
,,Nestlé Brasil,https://www.nestle.com.br/jobs/search-jobs,custom_html,custom_html,0,0,f,cmsqp3ev801j4o94jv7fsmaxx,cmsqp3evd01j6o94jucthysr3
,,Netapp,https://netapp.eightfold.ai/careers,eightfold,eightfold,0,0,t,cmu66xhji10tmli5fl9bhgemd,cmu66xhpg10toli5fqvp664in
,,Nibo Contabilidade,https://nibo.inhire.app/vagas,inhire,inhire,0,0,t,cmsqp3ewh01jgo94jcm8ipn29,cmsqp3ewn01jio94j9c2y8qrp
,,Northpointtechnology,https://boards.greenhouse.io/northpointtechnology,greenhouse,greenhouse,0,0,f,cmt67kdjs00aglj4jo3o5oeyu,cmt67kdjz00ailj4jv6j1q9g7
,,Notion,https://jobs.ashbyhq.com/notion,ashby,ashby,0,0,t,cmsqp3exe01jpo94jby6l20if,cmsqp3exk01jro94jbqz386km
,,Nova Analytics,https://careers.example.com/nova-analytics-e629d9b5,custom_html,custom_html,0,0,f,cmsqp3exq01jso94jkmerq1ru,cmsqp3exx01juo94jhiici6qx
,,Novartis Brasil,https://novartis.wd3.myworkdayjobs.com/Novartis_Careers,workday,workday,0,0,t,cmsqp3eyk01jvo94j2nmxxv39,cmsqp3eyq01jxo94jaxqlkczl
,,Nubank,https://job-boards.greenhouse.io/nubank,greenhouse,greenhouse,0,0,t,cmsqp3ez801k1o94j4ri1nfv9,cmsqp3ezp01k5o94jasjny7z8
,,Nuvemshop,https://www.nuvemshop.com.br/trabalhe-na-nuvemshop,custom_html,custom_html,0,0,f,cmsqp3f0i01kco94j5it76imv,cmsqp3f0o01keo94jembdg1nw
,,OBVIO BRASIL SOFTWARE E SERVICOS S.A.,https://jobs.ashbyhq.com/obvio,ashby,ashby,0,0,t,cmt27m85753kfo14jru21of7h,cmt27m85g53kho14jxjvy8h1w
,,OCEANPACT SERVICOS MARITIMOS S.A.,https://oceanpact.inhire.app/vagas,custom_html,custom_html,0,0,f,cmpkcfspw00n0oi4j30qwgov5,cmpkcfspy00n2oi4jeyswew1p
,,ODERICH,https://orchidortho.wd5.myworkdayjobs.com/Careers,workday,workday,0,0,t,cmsxt5xa12afxnf4jyhyzwx2t,cmsxt5xaa2afznf4j1loqisze
,,OESA,https://suessa.teamtailor.com/,teamtailor,teamtailor,0,0,t,cmsxcfol800d8nf4julcecbn4,cmsxcfoli00danf4jpuhbo8xn
,,OLEOPLAN,https://eoliann-1670252117.teamtailor.com/,teamtailor,teamtailor,0,0,t,cmsxcfqeq00innf4jeorpnhwj,cmsxcfqez00ipnf4jh4mh5pjg
,,OLEOQUIMICA,https://ripservicos.gupy.io/,gupy,gupy,0,0,t,cmsxkv8uk1gqbnf4j0gmtugky,cmsxkv8uy1gqdnf4jdro52c7y
,,OLFAR S/A - ALIMENTO E ENERGIA,https://oliveiraenergia.gupy.io/,gupy,gupy,0,0,t,cmu2np286aypbnx4jmye74ylz,cmu2np28iaypdnx4jyxba7ufg
,,OMNI AVIATION,https://jobs.ashbyhq.com/omni,ashby,ashby,0,0,t,cmsxijx7h19ksnf4jkk1wb2zl,cmsxijx7r19kunf4jf64jsk81
,,ONCA PUMA,https://puma.wd502.myworkdayjobs.com/Jobs_at_Puma,workday,workday,0,0,t,cmsxt5x6k2aflnf4jrv1a14y7,cmsxt5x6t2afnnf4j2otnq040
,,ONCO PROD DISTRIBUIDORA DE PRODUTOS HOSPITALARES E ONCOLOGICOS LTDA.,https://oncovit.gupy.io/,gupy,gupy,0,0,t,cmu2nozicayk8nx4j44fkpskw,cmu2nozijaykanx4jzpvs443a
,,ONCOCLINICAS DO BRASIL SERVICOS MEDICOS S.A.,https://vagas.grupooncoclinicas.com/search,custom_html,custom_html,0,0,f,cmpkcfsps00mxoi4j2226j38d,cmpkcfspu00mzoi4jl3sil047
,,ONE TO ONE ENGINE DESENVOLVIMENTO E LICENCIAMENTO DE SISTEMAS DE INFORMATICA S.A.,https://kaifa.pandape.com.br/,pandape,pandape,0,0,t,cmt27m7ze53k0o14js1k0zkuk,cmt27m7zm53k2o14jxsrixijw
,,ONEFLOW S.A.,https://oneflow.teamtailor.com/,teamtailor,teamtailor,0,0,t,cmtnbwm2skpbsrp4jm543jynx,cmtnbwm2zkpburp4jn0ail1ps
,,ONGC CAMPOS,https://vemseroxxo.gupy.io/,gupy,gupy,0,0,t,cmsxkv8nv1gpqnf4jk2k3qhzl,cmsxkv8o41gpsnf4jsu8bemy6
,,ONNITECH BRASIL LTDA,https://omnitech.gupy.io/,gupy,gupy,0,0,t,cmtnbwm8rkpcgrp4jdupg9chp,cmtnbwm8xkpcirp4jpxi3wvn4
,,OPELLA HEALTHCARE BRAZIL LTDA,https://chloe.wd3.myworkdayjobs.com/OpellaCareers,workday,workday,0,0,t,cmu2np25uayp8nx4jyojyo4xn,cmu2np267aypanx4jodrijrs4
,,OR EMPREENDIMENTOS IMOBILIARIOS E PARTICIPACOES S.A.,https://helbor-hbr.gupy.io/,gupy,gupy,0,0,t,cmu1qzcjh004pnx4jzsgmbvu5,cmu1qzcjp004rnx4jxvkey3ua
,,ORACLE BRAZIL GLOBAL SERVICES LTDA.,https://globalservicesolucoeseservicosltda.pandape.com.br/,pandape,pandape,0,0,t,cmtnbwmw9kpemrp4juy9rldhe,cmtnbwmwfkpeorp4j83orrw2v
,,ORBITALL SERVICOS E PROCESSAMENTO DE MEIOS DE PAGAMENTO LTDA.,https://necxt.gupy.io/,gupy,gupy,0,0,t,cmtmvnz52kefbrp4j5e9gepgj,cmtmvnz59kefdrp4jcawcps2a
,,OSF DIGITAL LTDA,https://osfglobal.wd5.myworkdayjobs.com/en-US/OSF,workday,workday,0,0,t,cmt2s7als60c2o14jm538nn3k,cmt2s7am060c4o14j95m76g25
,,OTP S.A.,https://otp.teamtailor.com/,teamtailor,teamtailor,0,0,t,cmu1basvy0089qb4jbkng0a58,cmu1basw1008bqb4j13etti0r
,,OTTO BAUMGART (VEDACIT),https://vedacarreiras.gupy.io/,gupy,gupy,0,0,t,cmt0g80fp6f5gpd4j2uykerug,cmt0g80fx6f5ipd4jntg8jdoe
,,OVG GARANTIAS E SOLUCOES S/A,https://novostalentosjuntoseguros.gupy.io/,gupy,gupy,0,0,t,cmu2noxocayg1nx4j0a4yglkp,cmu2noxohayg3nx4jg81elizv
,,OWENS CORNING FIBERGLAS A S LTDA,https://owensminor.wd1.myworkdayjobs.com/OMCareers,workday,workday,0,0,t,cmu2noumbaya1nx4jfn3tidm4,cmu2noumhaya3nx4j1xqxfrm9
,,OXTENO,https://oxand.teamtailor.com/,teamtailor,teamtailor,0,0,t,cmsxcfnb0009enf4j1uld4x9i,cmsxcfnba009gnf4jhh6re4hh
,,OYO BRASIL HOSPITALIDADE E TECNOLOGIA LTDA.,https://vagasahi.gupy.io/,gupy,gupy,0,0,t,cmt27m7tm53jio14j96165mmw,cmt27m7tw53jko14j10lfto8m
,,Omnicareers,https://boards.greenhouse.io/omnicareers,greenhouse,greenhouse,0,0,f,cmtvkg72uhlrors4je4g3re5k,cmtvkg72zhlrqrs4jbtn9z11p
,,Oracle Brasil,https://careers.oracle.com/en/sites/jobsearch/jobs,custom_html,custom_html,0,0,f,cmsqp3f6i01llo94jruv7m9r5,cmsqp3f6o01lno94jqzg2opd6
,,Orbita Cloud,https://careers.example.com/orbita-cloud-a32445bd,custom_html,custom_html,0,0,f,cmsqp3f6t01loo94j1rhrdemt,cmsqp3f6y01lqo94jeg7nxo7e
,,Orthopride,https://orthopride.gupy.io/,gupy,gupy,0,0,t,cmsqp3f7r01luo94jofa4lgl6,cmsqp3f7x01lwo94japgt41uh
,,Outback Brasil,https://outback.pandape.infojobs.com.br/,pandape,pandape,0,0,t,cmsqp3f9001m6o94jklk2f7oc,cmsqp3f9601m8o94j5h0d6eid
,,PACIFIC HYDRO ENERGIA DO BRASIL LTDA,https://brasilpch.gupy.io/,gupy,gupy,0,0,t,cmu2nov06ayaynx4jl9lkj4dn,cmu2nov0dayb0nx4jhk6mpbym
,,PADO S/A,https://boards.greenhouse.io/pado,greenhouse,greenhouse,0,0,t,cmt0kx4ex00blsw4jfpr3wxm9,cmt0kx4f400bnsw4jh658t59u
,,PAINCO,https://panco.pandape.com.br/,pandape,pandape,0,0,t,cmsxt5wcj2ad0nf4jwxat0xx9,cmsxt5wcr2ad2nf4jaagmdfpk
,,PANATLANTICA,https://panatlanticatubos.kretos.cc/,custom_html,custom_html,0,0,f,cmpkcfsq000n3oi4jpikxszlg,cmpkcfsq200n5oi4jvn8dstgn
,,PARTICIPACOES MORRO VERMELHO S.A.,https://redemoura.gupy.io/,gupy,gupy,0,0,t,cmu19mkso5zy2o64j222kg632,cmu19mksu5zy4o64jeyx0expj
,,PDG REALTY S.A EMPREENDIMENTOS E PARTICIPACOES,https://hbrrealty.gupy.io/,gupy,gupy,0,0,t,cmtxdox900wtzlk4j9w6pyd14,cmtxdox950wu1lk4jq50ze4sd
,,PECEM II,https://construindotalentoscimentoapodi.gupy.io/,gupy,gupy,0,0,t,cmt0g82tf6fa7pd4jc0p5zw54,cmt0g82tq6fa9pd4jt4pha3f3
,,PENHA,https://empresanossasenhoradapenha.gupy.io/,gupy,gupy,0,0,t,cmsxkv8n01gpnnf4jy6p4mabj,cmsxkv8na1gppnf4jwy7qay8g
,,PEPSICO DO BRASIL LTDA,https://pepsicodobrasil.pandape.com.br/,pandape,pandape,0,0,t,cmu2noveiayc1nx4jkpyl97y0,cmu2novenayc3nx4jsjxe3zxd
,,PERTO,https://perto.pandape.com.br/,pandape,pandape,0,0,t,cmt0g82zu6fajpd4j2dujm29n,cmt0g83026falpd4j83ujojy1
,,PET CENTER COMERCIO E PARTICIPACOES S.A.,https://jovemaprendizpetz.gupy.io/,gupy,gupy,0,0,t,cmu2nouafay97nx4jvd4bjeo4,cmu2noualay99nx4jpx1or951
,,PETROBRAS,https://petros.gupy.io/,gupy,gupy,0,0,t,cmsxcfk9s000hnf4j3kwzn8cg,cmsxcfka5000jnf4jzjmlmbxt
,,PINCEIS ATLAS,https://jobs.ashbyhq.com/atlas,ashby,ashby,0,0,t,cmt0g80zr6f6mpd4jekpj2lrz,cmt0g81046f6opd4jtmgq7aqu
,,PIRELLI PNEUS LTDA.,https://prometeonlogisticaedistribuicao.pandape.com.br/,pandape,pandape,0,0,t,cmu19mluc600ko64j28suyb5a,cmu19mluh600mo64joropnr13
,,PLACAS DO BRASIL,https://placitrabalheconosco.gupy.io/,gupy,gupy,0,0,t,cmt0g832k6fappd4jjdjat3sk,cmt0g832t6farpd4j2ky777j4
,,PLASTIPAK PACKAGING DO BRASIL LTDA,https://plastipak.wd1.myworkdayjobs.com/Plastipak,workday,workday,0,0,t,cmu2np446ayswnx4j4o5yj26j,cmu2np4baaysynx4jycw7t2vd
,,PLAYTECH SAO PAULO II LTDA,https://fp.gupy.io/,gupy,gupy,0,0,t,cmtoe1c0v003hpf4j29pyxgsw,cmtoe1c10003jpf4ju1418yhd
,,PLAYVENDER DO BRASIL,https://playboydobrasil.gupy.io/,gupy,gupy,0,0,t,cmsxik0cr19ssnf4jmdm0ktl6,cmsxik0d119sunf4jfw431hyz
,,PLUXEE BENEFICIOS BRASIL S.A.,https://pluxee-br.gupy.io/,gupy,gupy,0,0,t,cmu30xlmh000on14j8oyltmy9,cmu30xlmo000qn14jeif7n3x6
,,POLO FILMS,https://polofilms.gupy.io/,gupy,gupy,0,0,t,cmsxt5xaw2ag0nf4jfrxddat9,cmsxt5xba2ag2nf4j59w8w3m4
,,PORTO ITAPOA,https://brasanitas.pandape.com.br/,pandape,pandape,0,0,t,cmsxt600j2an6nf4jsz2tyas4,cmsxt600r2an8nf4je6ihzvly
,,PORTO SUDESTE EXPORTACAO,https://portodomeio.gupy.io/,gupy,gupy,0,0,t,cmsxcfm9i006enf4jywblk2fv,cmsxcfm9s006gnf4jzftwpc90
,,PPE FIOS,https://fios.inhire.app/,inhire,inhire,0,0,t,cmsxkv9x81gt5nf4jiah9026a,cmsxkv9xh1gt7nf4ja4lqa3if
,,PRIMA QUALITA SAUDE,https://saudebh.gupy.io/,gupy,gupy,0,0,t,cmt0kx4ab00bcsw4jf661q289,cmt0kx4aj00besw4jgjpfsjnt
,,PRIMARY PRODUCTS INGREDIENTS,https://untamed-1719321497.teamtailor.com/,teamtailor,teamtailor,0,0,t,cmt0kx39m008isw4jdsj3e9lo,cmt0kx39y008ksw4jh26k8h7c
,,PRINER,https://priner.inhire.app/vagas,custom_html,custom_html,0,0,f,cmpkcfsr500nuoi4jxro3zyjy,cmpkcfsr800nwoi4jww9hcukt
,,PROCERGS,https://proqrtherapeuticsbv.teamtailor.com/,teamtailor,teamtailor,0,0,t,cmt0kx2sn007csw4j442gwwrr,cmt0kx2sv007esw4jpo7zqz2z
,,PROCTER & GAMBLE INDUSTRIAL E COMERCIAL LTDA,https://pg.wd5.myworkdayjobs.com/en-US/1000,workday,workday,0,0,t,cmu2nov4uaybdnx4j12t1b2l0,cmu2nov50aybfnx4j2053mg6d
,,PROFARMA,https://grupoprofarma.pandape.infojobs.com.br/,custom_html,custom_html,0,0,f,cmpkcfsqe00ncoi4j44ilz4ze,cmpkcfsqg00neoi4jylpokqhj
,,PROJESI SOFTWARE LTDA,https://projedata.gupy.io/,gupy,gupy,0,0,t,cmtmvnz3fkef5rp4jkhppciof,cmtmvnz3nkef7rp4jnsanxsi0
,,PROQUEST LATIN AMERICA SERVICOS E PRODUTOS PARA ACESSO A INFORMACAO LTDA.,https://prox.gupy.io/,gupy,gupy,0,0,t,cmtoe1dmn007wpf4j6g3i3ldw,cmtoe1dmw007ypf4j3p4l4zlu
,,PROSEGUR,https://prosegurforeignexchangedenmark.teamtailor.com/,teamtailor,teamtailor,0,0,t,cmsxijxd519l7nf4j0ayfdcc8,cmsxijxdj19l9nf4jlvyd0vk5
,,PROTEGE,https://jobs.ashbyhq.com/protege,ashby,ashby,0,0,t,cmsxik0th19tynf4jskjtyvqo,cmsxik0tp19u0nf4js040p4vj
,,PRYSMIAN CABOS E SISTEMAS DO BRASIL S/A,https://prysmian.teamtailor.com/,teamtailor,teamtailor,0,0,t,cmu2np2bwaypqnx4jkl6xruxb,cmu2np2c2aypsnx4jslrkqab6
,,PURPLE METRICS LTDA.,https://jobs.lever.co/purple-technology,lever,lever,0,0,t,cmtvkcr7hhlotrs4j8fks40oz,cmtvkcr7lhlovrs4jaouwpd72
,,PWC DIGITAL TECHNOLOGY SERVICES BRASIL LTDA,https://boards.greenhouse.io/technology,greenhouse,greenhouse,0,0,t,cmtnbwmjkkpdjrp4jwe2jazco,cmtnbwmjqkpdlrp4jth1tmc8f
,,Pagar.me,https://boards.greenhouse.io/pagarme,greenhouse,greenhouse,0,0,t,cmsqp3fcw01mno94jwresws5e,cmsqp3fd201mpo94je4kga3fc
,,Panthalassa,https://boards.greenhouse.io/panthalassa,greenhouse,greenhouse,0,0,f,cmt67keok00dslj4j6bxcv4fc,cmt67keos00dulj4js1o0u7xe
,,Panvel,https://lojaspanvel.gupy.io/,gupy,gupy,0,0,t,cmsqp3fdb01mqo94jvniuuqi5,cmsqp3fdg01mso94jc26gwie6
,,Paradigma Education,https://jobs.ashbyhq.com/prodigy-education,ashby,ashby,0,0,t,cmswbm9sj0i4sob4j0f724r2y,cmswbm9sw0i4uob4jbvvoro8i
,,Peakenergy,https://boards.greenhouse.io/peakenergy,greenhouse,greenhouse,0,0,f,cmu5gecv369l1le5fw0znx2wf,cmu5gecvc69l3le5fmjsdnqul
,,Pernod Ricard Brasil,https://pernodricardbrasil.gupy.io/,gupy,gupy,0,0,t,cmsqp3fez01n5o94j9aer468i,cmsqp3ff401n7o94jiofrfhfz
,,Perplexity AI,https://jobs.ashbyhq.com/perplexity,ashby,ashby,0,0,t,cmsqp3ffa01n8o94jcss84gkc,cmsqp3fff01nao94j6vweuqkb
,,Petronas Brasil,https://petronas.gupy.io/,gupy,gupy,0,0,t,cmsqp3fg501nho94jqs9h1zz0,cmsqp3fga01njo94jqs58jcew
,,PicPay,https://epdm.fa.la1.oraclecloud.com/hcmUI/CandidateExperience/pt-BR/sites/PicPay/jobs,custom_html,custom_html,0,0,f,cmsqp3fha01nto94jltvnwadz,cmsqp3fhg01nvo94j2qr0m74d
,,Pismo,https://visa.wd5.myworkdayjobs.com/Visa/page/3b371539a3c810015ae4164c71d70000,workday,workday,0,0,f,cmsqp3fk201oho94jps5lvuiq,cmsqp3fk801ojo94jxpmmn736
,,Pivotal,https://jobs.lever.co/pivotal,lever,lever,0,0,f,cmu5ged3b69lhle5fxdj7s9a4,cmu5ged3z69ljle5fqm6vqtwo
,,Prisma AI,https://careers.example.com/prisma-ai-fd60a92e,custom_html,custom_html,0,0,f,cmsqp3fnc01pbo94j41hsrskq,cmsqp3fnh01pdo94jj4638222
,,Pslgroup,https://boards.greenhouse.io/pslgroup,greenhouse,greenhouse,0,0,f,cmt67kemw00dmlj4j0fg0yu68,cmt67ken200dolj4j3nub74n4
,,Pubgcorporation,https://boards.greenhouse.io/pubgcorporation,greenhouse,greenhouse,0,0,f,cmtvkg725hlrlrs4j8dorvisa,cmtvkg72bhlrnrs4jv4t0wgdi
,,Pushpress,https://jobs.lever.co/pushpress,lever,lever,0,0,f,cmt67kdep00a7lj4j9400vkpq,cmt67kdex00a9lj4jxhysrhs8
,,QUEST SOFTWARE LTDA.,https://jobs.lever.co/questanalytics,lever,lever,0,0,t,cmtoe1cft004wpf4j09gedh9a,cmtoe1cg0004ypf4j6h9fzkwi
,,Qualysoft,https://jobs.lever.co/qualysoft,lever,lever,0,0,f,cmtoe625a009cpf4jash9644w,cmtoe625k009epf4jlymuun2m
,,QuintoAndar,https://carreiras.quintoandar.com.br/vagas-abertas,custom_html,custom_html,0,0,f,cmsqp3fq101pto94jx5naqnip,cmsqp3fq701pvo94j0n5igbzt
,,R.C.A.B.P.N. EMPREENDIMENTOS E PARTICIPACOES S.A.,https://jobs.ashbyhq.com/every-io,ashby,ashby,0,0,f,cmu2noyqgayijnx4js5nlful3,cmu2noyqlayilnx4joz30mzsa
,,RASSINI,https://razer.wd3.myworkdayjobs.com/Careers,workday,workday,0,0,t,cmsxt5xhk2aglnf4jcml61qtv,cmsxt5xhu2agnnf4j0xunrmmn
,,RCHOLDING S A,https://jobs.lever.co/pivotal,lever,lever,0,0,f,cmu2np102aymqnx4j3gb86ny0,cmu2np108aymsnx4jjh0igcbe
,,RD Saude,https://rdsaude-farmacia.gupy.io/,gupy,gupy,0,0,t,cmstg08p45bulo94j84bxvrb6,cmstg08um5buno94j9kxlv3g1
,,RDSLGF GREENFIELDS LTDA.,https://boards.greenhouse.io/greenfields,greenhouse,greenhouse,0,0,t,cmu2noy3gaygynx4j26gvr2lb,cmu2noy3oayh0nx4jpftmbwif
,,REC GUARULHOS II S.A.,https://jobs.ashbyhq.com/rec,ashby,ashby,0,0,t,cmu2nox89ayf1nx4je4kmvqcl,cmu2nox8fayf3nx4jcwbw45no
,,RECKITT BENCKISER HEALTH COMERCIAL LTDA.,https://r1rcm.wd1.myworkdayjobs.com/R1RCM,workday,workday,0,0,t,cmu2np4hhayt5nx4jqls0mq92,cmu2np4hmayt7nx4je3bjndkr
,,REDE INTEGRADA DE LOJAS DE CONVENIENCIA E PROXIMIDADE S.A.,https://redeintegradadelojasdeconvenienciaeproximidadesa.pandape.com.br/,pandape,pandape,0,0,t,cmu2nozyaayl8nx4j7yafr5u2,cmu2nozyfaylanx4jso9mzvjo
,,REDE SOL,https://boards.greenhouse.io/soldejaneiro,greenhouse,greenhouse,0,0,t,cmsxik16019uynf4jeovvld8w,cmsxik16e19v0nf4j6977bv3j
,,REDEQUALIS REDE DE PRESTADORES DE SERVICOS DE SAUDE LTDA,https://redemaissaude.gupy.io/,gupy,gupy,0,0,t,cmtnbwmdbkpcvrp4jgnrbfj8g,cmtnbwmdhkpcxrp4jalkb4937
,,REFINARIA AMAZONIA - REAM,https://ciclusambiental.gupy.io/,gupy,gupy,0,0,t,cmsxcfkwy002hnf4jbdn072wf,cmsxcfkx6002jnf4j37ht04jl
,,RENOVIAS,https://gruporenova.gupy.io/,gupy,gupy,0,0,t,cmsxt60zw2aq0nf4jy77db6ua,cmsxt61052aq2nf4jqjr3w59d
,,REPSOL,https://repsol.wd3.myworkdayjobs.com/en/repsol,workday,workday,0,0,t,cmsxcfll5004enf4jf9p82kx8,cmsxcfllf004gnf4jx21o2ca3
,,REPSOL EXPLORACAO BRASIL LTDA,https://repsol.wd3.myworkdayjobs.com/Sinopec,workday,workday,0,0,t,cmu19mkj55zxbo64jto46o1bd,cmu19mkj95zxdo64jnjvzfjow
,,RIO PARANAPANEMA,https://trabalheconosco.vagas.com.br/paranapanema/oportunidades,custom_html,custom_html,0,0,f,cmpkcfsmi00kuoi4j8kb8me3f,cmpkcfsmk00kwoi4jcmrfkfsc
,,RIO PARANAPANEMA PARTICIPACOES S.A.,https://ciatcparticipacoes.pandape.com.br/,pandape,pandape,0,0,t,cmu30xltg0019n14ju23df7fz,cmu30xltl001bn14j9ghz8xyf
,,RIOMAR SHOPPING FORTALEZA S.A,https://vemserriomarfortaleza.gupy.io/,gupy,gupy,0,0,t,cmu2np0vvaymbnx4jvg4b5g1t,cmu2np0w0aymdnx4j3k2a8xs8
,,RIOMAR SHOPPING S.A.,https://riomararacaju.gupy.io/,gupy,gupy,0,0,t,cmu2noutfayajnx4j0r46nzqn,cmu2noutlayalnx4j43p1qar4
,,RITMO LOGISTICA,https://construccionsrubau.teamtailor.com/,teamtailor,teamtailor,0,0,t,cmt0kx30t007usw4j0zth5kc4,cmt0kx310007wsw4jj3z932qv
,,RIVESA,https://stoel.wd1.myworkdayjobs.com/stoelrivescareers,workday,workday,0,0,t,cmsxt5w642acfnf4j5yu2s82h,cmsxt5w6k2achnf4joat909ts
,,RIVIO TECH LTDA,https://rivio.inhire.app/,inhire,inhire,0,0,t,cmtoe1brb002kpf4jng0kzfgb,cmtoe1brh002mpf4jyu7ex63p
,,ROCK CONTENT SERVICOS DE MIDIA LTDA,https://rocky.gupy.io/,gupy,gupy,0,0,t,cmtnbwn5bkpfgrp4jqjbiglwv,cmtnbwn5gkpfirp4jmp2lq83e
,,ROCK WORLD,https://deezer.teamtailor.com/,teamtailor,teamtailor,0,0,t,cmt0kx3rj009rsw4j6jwisjdo,cmt0kx3rq009tsw4jjegwc2es
,,ROSA BRANCA,https://rosaparis.teamtailor.com/,teamtailor,teamtailor,0,0,t,cmsxijzqe19r7nf4jduylo4hg,cmsxijzqn19r9nf4jnrnhuywl
,,ROYAL FIC,https://rbc.wd3.myworkdayjobs.com/RBCEARLYTALENT1,workday,workday,0,0,t,cmsxcfl9i003hnf4jb3two6xx,cmsxcfla3003jnf4j5iny819w
,,RUBI S/A,https://jobs.ashbyhq.com/rubie,ashby,ashby,0,0,t,cmt0g80yq6f6jpd4jclwlhwnn,cmt0g80yz6f6lpd4jiwuih4tc
,,RUMO S/A,https://rumolog.gupy.io/,gupy,gupy,0,0,t,cmsxkv96j1gr8nf4j5re009c2,cmsxkv96u1granf4jlkg879qs
,,Ramp,https://jobs.ashbyhq.com/ramp,ashby,ashby,0,0,t,cmsqp3fsl01q5o94j15yt2ee0,cmsqp3fsr01q7o94j4mobvfq4
,,Randon S.A.,https://randon.gupy.io/,gupy,gupy,0,0,t,cmswbmb700i9pob4j8fa5f053,cmswbmb770i9rob4j4rv4jpjs
,,Razorpaysoftwareprivatelimited,https://boards.greenhouse.io/razorpaysoftwareprivatelimited,greenhouse,greenhouse,0,0,f,cmt67b1yz009glj4jwewekcpd,cmt67b1z6009ilj4jkz10531p
,,Rebuy,https://jobs.ashbyhq.com/rebuy,ashby,ashby,0,0,f,cmt67ke1b00bplj4jhrlmxl6e,cmt67ke1i00brlj4jtpjfjgbj
,,RecargaPay,https://vagasbyintera.inhire.app/recargapay/vagas,inhire,inhire,0,0,t,cmsqp3fui01qno94jjf5aemzg,cmsqp3fuo01qpo94jx9exuovz
,,Rede D'Or Oncologia,https://oncologiador.gupy.io/,gupy,gupy,0,0,t,cmsqp3fut01qqo94j8bqt4z2f,cmsqp3fuy01qso94jndgm8lph
,,Remote Brasil,https://boards.greenhouse.io/remote,greenhouse,greenhouse,0,0,f,cmswbmb070i91ob4j0ds6g5ww,cmswbmb0f0i93ob4jt7ojtm5j
,,Revefi,https://jobs.lever.co/revefi,lever,lever,0,0,f,cmt67kdyc00bjlj4jezmc7dl6,cmt67kdyj00bllj4jjk9pcjak
,,Rhodaai,https://jobs.ashbyhq.com/rhoda-ai,ashby,ashby,0,0,f,cmt67kdmg00amlj4jbf64r7zt,cmt67kdms00aolj4j1vbcp564
,,Rico Investimentos,https://boards.greenhouse.io/xpinc,greenhouse,greenhouse,0,0,f,cmswbm9550i2sob4j4kh8yx0i,cmswbm95c0i2uob4jjc1dzbgu
,,Rio Energy,https://rioenergy.gupy.io/,gupy,gupy,0,0,t,cmsqp3fx401rbo94j9v4ahdoy,cmsqp3fxa01rdo94jc65pfgo6
,,Rolls-Royce Brasil,https://rollsroyce.wd3.myworkdayjobs.com/professional,workday,workday,0,0,t,cmsqp3fyq01rqo94jlllttagv,cmsqp3fyv01rso94jpzdk82ff
,,SADA PARTICIPACOES LTDA,https://gruposada.pandape.com.br/,pandape,pandape,0,0,t,cmu1qzbfw002anx4j6c5tcvho,cmu1qzbg2002cnx4j5qwz17hz
,,SALVADOR SHOPPING S/A,https://salvadorshopping.gupy.io/,gupy,gupy,0,0,t,cmu2nouc1ay9anx4jawuody0k,cmu2nouc7ay9cnx4j8kr6eukq
,,SAMA,https://boards.greenhouse.io/samainc,greenhouse,greenhouse,0,0,t,cmt0nvmcl0c1csw4jaz03dlao,cmt0nvmcu0c1esw4jtlgf8470
,,SAMARCO,https://samirgroup.teamtailor.com/,teamtailor,teamtailor,0,0,t,cmsxcflpl004qnf4j7xdyftst,cmsxcflpu004snf4jtn4szr38
,,SAMYDH CORPORATION EXPORTACAO E IMPORTACAO LTDA,https://sambaoservicosadministrativosltda.pandape.com.br/,pandape,pandape,0,0,t,cmtxdox0z0wthlk4je23psrdu,cmtxdox160wtjlk4j5az1maev
,,SANOFI CONSUMER HEALTHCARE,https://jobs.lever.co/healthcare,lever,lever,0,0,t,cmsxkv9lv1gsbnf4jb78ziiy9,cmsxkv9mb1gsdnf4j4yl7r3u0
,,SANOFI MEDLEY,https://medley.teamtailor.com/,teamtailor,teamtailor,0,0,t,cmsxcfmzi008hnf4jesqp8xgd,cmsxcfn00008jnf4j90bekdrl
,,SANTA CASA DE SAO PAULO,https://santacasademisericordiadesaopaulo.pandape.com.br/,pandape,pandape,0,0,t,cmsxt5z5q2akinf4jgvpy1z7q,cmsxt5z5y2akknf4jyohp93iu
,,SANTA CASA MACEIO,https://santacasa.gupy.io/,gupy,gupy,0,0,t,cmt0g830w6fampd4jdgkmn0qr,cmt0g83146faopd4jz870w1uf
,,SANTA COLOMBA,https://santacolomba.gupy.io/,gupy,gupy,0,0,t,cmt0g83al6fb7pd4j0ozh5ljf,cmt0g83av6fb9pd4jno9rdfde
,,SANTA MARIA,https://santamaria.gupy.io/,gupy,gupy,0,0,t,cmsxt5z9e2akunf4jd9j7te7u,cmsxt5z9n2akwnf4jrm3b3xfs
,,SANTA MONICA CRIACAO DE SITES E LOJAS VIRTUAIS LTDA,https://corebiz.gupy.io/,gupy,gupy,0,0,t,cmtvkcr7vhlowrs4jq4g7sflx,cmtvkcr7zhloyrs4jincmuvrk
,,SANTHER,https://dialli.gupy.io/,gupy,gupy,0,0,t,cmsxcfpxn00h8nf4jue3lwlpy,cmsxcfpxw00hanf4ju4zkfsde
,,SAO CARLOS EMPREEND,https://saocarlosempreendimentos.gupy.io/,gupy,gupy,0,0,t,cmt0kx48f00b6sw4jonsrfmxn,cmt0kx48n00b8sw4j6o40gttl
,,SAO JOSE AGROINDUSTRIAL,https://saojoseindustrial.gupy.io/,gupy,gupy,0,0,t,cmt0g81hd6f7mpd4jtwasxrnz,cmt0g81hp6f7opd4jaa28pt9l
,,SAP Brasil,https://jobs.sap.com/go/SAP-Jobs-in-Brazil/912701,custom_html,custom_html,0,0,f,cmsqp3fzl01rzo94jvt5o2t8l,cmsqp3fzq01s1o94jhoesomp5
,,SAPORE,https://puravida.gupy.io/,gupy,gupy,0,0,t,cmsxcfptf00gwnf4jcpbhax94,cmsxcfptu00gynf4j5ih75wm7
,,SATELITY SECURITY GLOBAL S.A.,https://boards.greenhouse.io/spacex,greenhouse,greenhouse,0,0,f,cmtnbwmymkpevrp4j10phjr7x,cmtnbwmyskpexrp4jl4heqcah
,,SAVIXX,https://savista.wd1.myworkdayjobs.com/Savista,workday,workday,0,0,t,cmt0g82hd6f9dpd4j412ahr5a,cmt0g82hq6f9fpd4j0soyoxab
,,SAVOY (COTY),https://savoy.gupy.io/,gupy,gupy,0,0,t,cmsxijy8d19n7nf4jpvjwk04v,cmsxijy8q19n9nf4j7pq2e787
,,SCAFFOLD EDUCATION LTDA,https://boards.greenhouse.io/education,greenhouse,greenhouse,0,0,t,cmt2s7b0l60dbo14jj84kmyw3,cmt2s7b0u60ddo14jp5296lud
,,SECURITY FIANCAS FIDUCIARIAS E CONSULTORIA LTDA.,https://securitas.teamtailor.com/,teamtailor,teamtailor,0,0,t,cmu2np10paymtnx4jq60jcxi3,cmu2np10vaymvnx4jhwtjuyed
,,SELENE,https://pretiumenterpriseservices.wd1.myworkdayjobs.com/Selene,workday,workday,0,0,t,cmt0kx43u00arsw4jjtrly8n6,cmt0kx44400atsw4j52avi6am
,,SENAC,https://senac.gupy.io/,gupy,gupy,0,0,t,cmsqp3g0601s5o94j51zvpl5i,cmsqp3g0c01s7o94j5io5b4c6
,,SENIOR CREDIT GROUP INTERNATIONAL LTDA,https://boards.greenhouse.io/international,greenhouse,greenhouse,0,0,t,cmu2np32tayrenx4ju2zazniu,cmu2np32yayrgnx4jbw4iaz9k
,,SER EDUCACIONAL,https://jobs.peixe30.com/carreiras/ser-educacional,custom_html,custom_html,0,0,f,cmpkcfss800oloi4jbhf0l8rv,cmpkcfssa00onoi4j0xzfj5jl
,,SERPRO,https://simpro.wd3.myworkdayjobs.com/Simpro_External_Careers,workday,workday,0,0,t,cmsxcfoun00e2nf4jibnsca2g,cmsxcfouy00e4nf4j9d23s1v9
,,SERRA DIESEL,https://sitiodaserra.gupy.io/,gupy,gupy,0,0,t,cmsxt5yhl2aiinf4js50gg2p2,cmsxt5yhu2aiknf4j9rmdfkn7
,,SEW-EURODRIVE BRASIL LTDA,https://seweurodrive.wd5.myworkdayjobs.com/SEW,workday,workday,0,0,t,cmu2np3i3ays2nx4jrmd323ow,cmu2np3idays4nx4je9cyyb5k
,,SGA NITEROI,https://hospitaldeolhosniteroi.gupy.io/,gupy,gupy,0,0,t,cmsxt5w392ac6nf4jfnyoq0mv,cmsxt5w3q2ac8nf4jimmgsyby
,,SHIELD EQUIPAMENTOS DE TECNOLOGIA INDUSTRIA E COMERCIO DE EMBALAGENS LTDA,https://boards.greenhouse.io/shield,greenhouse,greenhouse,0,0,t,cmtoe1dfp007hpf4jn4xuk983,cmtoe1dfu007jpf4javwfaid4
,,SHOPIFY COMMERCE BRAZIL LTDA,https://logisticagpa.gupy.io/,gupy,gupy,0,0,t,cmtoe1bpn002epf4jnuavw3xy,cmtoe1bpt002gpf4jpw85tv64
,,SICLO CRIPTOATIVOS LTDA,https://mb.inhire.app/,inhire,inhire,0,0,t,cmt27m7lf53ixo14jsdfopj9g,cmt27m7lm53izo14jczn6kk0h
,,SIEMENS GAMESA ENERGIA RENOVAVEL LTDA.,https://siemensgamesa.wd3.myworkdayjobs.com/en-US/SGRE,workday,workday,0,0,t,cmu19mkk65zxho64jd3walan9,cmu19mkkc5zxjo64jzn70m3bq
,,SIGNIFYD BRASIL LTDA,https://boards.greenhouse.io/signifyd95,greenhouse,greenhouse,0,0,t,cmt2s7blu60f5o14jitcdg0js,cmt2s7bm260f7o14jhhaii3bg
,,SILGAN DISPENSING SYSTEMS DO BRASIL LTDA,https://silgancontainers.wd1.myworkdayjobs.com/silgan,workday,workday,0,0,t,cmu2np36nayrqnx4jj62vtsd6,cmu2np36tayrsnx4jm7qfk50y
,,SINOCAM COMERCIO DE CAMINHOES LTDA,https://mercedes-benzcaminhoeseonibus.gupy.io/,gupy,gupy,0,0,t,cmu2novqnayd1nx4jr85aflox,cmu2novqtayd3nx4jcc2cbvo7
,,SIPCAM-NICHINO,https://sipcamnichinobrasil.gupy.io/,gupy,gupy,0,0,t,cmsxt5wrx2aecnf4jdgj7iw3a,cmsxt5ws62aeenf4jvbvhnhr5
,,SISNERGY,https://pennant.wd1.myworkdayjobs.com/SynergySharedServices,workday,workday,0,0,t,cmsxkv9pb1gsknf4jso3f0ss0,cmsxkv9po1gsmnf4jj1a3lovz
,,SMART RJ CONCESSIONARIA DE ILUMINACAO PUBLICA SPE S.A.,https://concessionariasmartluz.pandape.com.br/,pandape,pandape,0,0,t,cmt27m6kn53fro14jvldl3n06,cmt27m6kv53fto14js78ndgt8
,,SMARTBREEDER S.A.,https://sejaumsmartbreeder.gupy.io/,gupy,gupy,0,0,t,cmtvkcrckhlphrs4jg80gezeu,cmtvkcrcohlpjrs4jr0oh3lqf
,,SOE OPERACOES ESCOLARES S.A.,https://escolasap.gupy.io/,gupy,gupy,0,0,t,cmu2nozkraykbnx4jbx0bx12b,cmu2nozkyaykdnx4jpd70jqfw
,,SOME (COLEGIO MARISTA),https://maristabrasil.gupy.io/,gupy,gupy,0,0,t,cmt0nvmie0c1rsw4jlbnhedp3,cmt0nvmil0c1tsw4jb9p2slre
,,SONDA CIDADES INTELIGENTES E MOBILIDADE LTDA,https://scipopulis.gupy.io/,gupy,gupy,0,0,t,cmtmvnz00keewrp4jij87qrge,cmtmvnz07keeyrp4jb64lxpj6
,,SONICWALL SOFTWARE LTDA.,https://boards.greenhouse.io/sonicwall,greenhouse,greenhouse,0,0,t,cmtvkcrjchlqbrs4jmbudf5ni,cmtvkcrjghlqdrs4jzdwuubzj
,,SONY BRASIL LTDA.,https://boards.greenhouse.io/smebrazil,greenhouse,greenhouse,0,0,f,cmu2noxluayfsnx4jij4g0ti4,cmu2noxm1ayfunx4jygw705c9
,,SOORO,https://quorso.teamtailor.com/,teamtailor,teamtailor,0,0,t,cmsxt5zb82al0nf4jtyb2a713,cmsxt5zbj2al2nf4jq71dfzzk
,,SOTREQ,https://sotreq-poc.inhire.app/,inhire,inhire,0,0,t,cmsxcfkzo002qnf4j08r4ew9q,cmsxcfkzx002snf4jziev8m4b
,,SOUTH SERVICE,https://morrissouth.teamtailor.com/,teamtailor,teamtailor,0,0,t,cmsxt60842anrnf4jpajnunle,cmsxt608e2antnf4jw5yzh964
,,SPC GRAFENO INFRAESTRUTURA E TECNOLOGIA PARA O SISTEMA FINANCEIRO SA,https://spcgrafeno.gupy.io/,gupy,gupy,0,0,t,cmtmu5mr1ke7hrp4j6mcoetti,cmtmu5mr9ke7jrp4jrm7d4awi
,,SPE ENERGYCO XXI S.A,https://boards.greenhouse.io/peakenergy,greenhouse,greenhouse,0,0,f,cmu2nozqgaykqnx4jlgga0vjn,cmu2nozqoayksnx4jibypxouq
,,SPRBT INTERACTIVE BRASIL LTDA,https://jobs.ashbyhq.com/arb-interactive,ashby,ashby,0,0,t,cmu2noyxjayj0nx4j6kmpddfk,cmu2noyxpayj2nx4jn23ilw5n
,,STATKRAFT COMERCIALIZACAO,https://omexomno.teamtailor.com/,teamtailor,teamtailor,0,0,t,cmt0nvm5n0c0usw4jun46kuuu,cmt0nvm5v0c0wsw4jgvdc3vkn
,,STELLANTIS AUTOMOVEIS BRASIL LTDA.,https://stellantis.wd3.myworkdayjobs.com/External_Career_Site_ID01,workday,workday,0,0,t,cmtxdouud0wphlk4joke00dbs,cmtxdouuj0wpjlk4jgjottv29
,,STONE SERVICOS FINANCEIROS S.A.,https://boards.greenhouse.io/stonepatrocina,greenhouse,greenhouse,0,0,t,cmu2nouf2ay9gnx4jl8iqlahh,cmu2nouf9ay9inx4jmfuvto4s
,,SUAPE COMPLEXO INDUSTRIAL PORTUARIO GOVERNADOR ERALDO GUEIROS,https://boards.greenhouse.io/industrial,greenhouse,greenhouse,0,0,t,cmu2noxs4ayganx4jkpulpwxv,cmu2noxscaygcnx4j3xq5glhn
,,SUL AMERICA SEGUROS DE PESSOAS E PREVIDENCIA S.A.,https://cnplatam.gupy.io/,gupy,gupy,0,0,t,cmu2nouy4ayasnx4j2k5u2l7o,cmu2nouy9ayaunx4jw7ypkaqc
,,SULGAS,https://embraconcomercial.gupy.io/,gupy,gupy,0,0,t,cmsxijxrq19lynf4jn9718k59,cmsxijxs019m0nf4jp74f262t
,,SUMITOMO CHEMICAL BR,https://sumitomopharma.wd5.myworkdayjobs.com/SMPA,workday,workday,0,0,t,cmsxcfnuk00b2nf4jayhjqe6t,cmsxcfnut00b4nf4jugii6hp9
,,SUPERMERCADO GUANABARA,https://supermercadosguanabara.gupy.io/,gupy,gupy,0,0,t,cmsxt5ycd2ai3nf4j8ukk1z48,cmsxt5ycl2ai5nf4jwftpb44p
,,SUPERVIA,https://superawesome.teamtailor.com/,teamtailor,teamtailor,0,0,t,cmt0g7zcj6f2ypd4jf573usct,cmt0g7zcr6f30pd4jpini6iat
,,SVA TECNOLOGIA E SISTEMAS S/A,https://ssa.gupy.io/,gupy,gupy,0,0,t,cmtoe1dq00085pf4jns1tuqix,cmtoe1dq70087pf4js7eu13od
,,SWISSNESS MINING LTDA,https://sandvik.gupy.io/,gupy,gupy,0,0,t,cmu2novc6aybsnx4j509caqrl,cmu2novcbaybunx4j5bvmfyfn
,,SYMPLICITY BRASIL LTDA.,https://jobs.lever.co/symplicity,lever,lever,0,0,t,cmtnbwl6vkp9vrp4jmxnd4c2z,cmtnbwl72kp9xrp4j0r8nlkki
,,SYN PROP E TECH S.A.,https://syn.gupy.io/,gupy,gupy,0,0,t,cmpkcfssv00oxoi4jvk8t3mtw,cmpkcfssy00ozoi4jq9m2147m
,,SYNGENTA COMERCIAL AGRICOLA LTDA,https://agrojangada.gupy.io/,gupy,gupy,0,0,t,cmu1qzbqt002ynx4j9om2y00o,cmu1qzbqy0030nx4jh1bqgjsp
,,SYNGENTA DIGITAL LTDA,https://agrocerrado.gupy.io/,gupy,gupy,0,0,t,cmt2s7aia60bqo14j8d83udh1,cmt2s7aii60bso14je33j5ix6
,,SYNGENTA SEEDS LTDA,https://synap.gupy.io/,gupy,gupy,0,0,t,cmu1basyp008fqb4j83cvjb33,cmu1basz3008hqb4j22ufrlie
,,Salient,https://jobs.ashbyhq.com/salient,ashby,ashby,0,0,f,cmt67kes600e4lj4jo4phs1y9,cmt67kesj00e6lj4jhfahgvt3
,,Sami Saúde,https://oisami.gupy.io/,gupy,gupy,0,0,t,cmswbma5w0i5yob4j6vk3r1ym,cmswbma6y0i60ob4jsk2aryso
,,Santos Brasil,https://santosbrasil.inhire.app/vagas,inhire,inhire,0,0,t,cmsqp3g6201tbo94j7dqfb893,cmsqp3g6701tdo94jcfij6lih
,,Saviynt,https://jobs.lever.co/saviynt,lever,lever,0,0,f,cmt67kek800ddlj4jq4wqgdku,cmt67kekf00dflj4jvnrymx59
,,Scale AI Brasil,https://job-boards.greenhouse.io/scaleai,greenhouse,greenhouse,0,0,t,cmsqp3g6q01tho94jqq9npuz3,cmsqp3g6w01tjo94jca2fivu5
,,Schindler Brasil,https://job.schindler.com/search,custom_html,custom_html,0,0,f,cmsqp3g7e01tno94jydzhpyne,cmsqp3g7j01tpo94jjb7zjqap
,,Sebrae Nacional,https://sebraeminas.gupy.io/,gupy,gupy,0,0,t,cmswbmart0i81ob4j1lkr27w2,cmswbmas20i83ob4j4ckrcbuu
,,Segment Brasil,https://job-boards.greenhouse.io/twilio,greenhouse,greenhouse,0,0,f,cmsqp3g8m01two94js9ve7g3w,cmsqp3g8s01tyo94jcoebxav5
,,Senior Sistemas,https://vemprasenior.portaldetalentos.senior.com.br/jobs,custom_html,custom_html,0,0,f,cmsqp3g9801u2o94jyty0l4jy,cmsqp3g9e01u4o94jn9417j3n
,,Serasa Experian Brasil,https://jobs.experian.com/jobs,custom_html,custom_html,0,0,f,cmsqp3g9y01u8o94jmnzpoy01,cmsqp3ga301uao94jvhy4psbr
,,ServiceNow Brasil,https://careers.servicenow.com/jobs,custom_html,custom_html,0,0,f,cmsqp3ga901ubo94jdi25piy9,cmsqp3gan01udo94jez44du70
,,Setin Incorporadora,https://setin.vagas.solides.com.br/,solides,solides,0,0,t,cmsqp3gas01ueo94jnqy82uva,cmsqp3gay01ugo94j3h5wxgpx
,,Shell Brasil,https://raizenargentina.gupy.io/,gupy,gupy,0,0,t,cmswbmawl0i8mob4jjaggmzwu,cmswbmaws0i8oob4jl2xbykau
,,Siemens Brasil,https://jobs.siemens.com/pt_PT/externaljobs/SearchJobs,custom_html,custom_html,0,0,f,cmsqp3gbq01uno94jsznexevg,cmsqp3gby01upo94j3q8re78l
,,Sierra,https://jobs.ashbyhq.com/sierra,ashby,ashby,0,0,t,cmsqp3gc401uqo94j22k9p448,cmsqp3gca01uso94jsu6op38y
,,Sinqia,https://jobs.quickin.io/sinqia/jobs,custom_html,custom_html,0,0,f,cmsqp3gd401uzo94j7ieyyy9d,cmsqp3gd901v1o94jcr6tx4qn
,,Sintran Transportes,https://sertrantransportes.vagas.solides.com.br/,solides,solides,0,0,f,cmsqp3gdf01v2o94j9co475ea,cmsqp3gdm01v4o94j4ki24ga7
,,Skillzinc,https://boards.greenhouse.io/skillzinc,greenhouse,greenhouse,0,0,f,cmt67b23r009vlj4j5vvcsegq,cmt67b23y009xlj4j3a7337a1
,,Smebrazil,https://boards.greenhouse.io/smebrazil,greenhouse,greenhouse,0,0,f,cmu5gecqm69kqle5f78skbcq9,cmu5gecqv69ksle5ftuvt1tt5
,,SoftBank Brasil,https://careers.latinamericafund.com/,custom_api,custom_api,0,0,f,cmsqp3gf401vho94j1hhax6xf,cmsqp3gf901vjo94jr1lpkgg7
,,Sola,https://jobs.ashbyhq.com/sola,ashby,ashby,0,0,f,cmu5gecu069kyle5fky3ux7gg,cmu5gecu869l0le5frzx7ug4g
,,Solopulseco,https://jobs.lever.co/solopulseco,lever,lever,0,0,f,cmt67kebr00cjlj4jdcfixkto,cmt67kec000cllj4jhgwpxxbk
,,Somos Educação / Saraiva,https://somos.gupy.io/jobs,gupy,gupy,0,0,t,cmsqp3ggp01vwo94j97mrl9mh,cmsqp3ggv01vyo94jq9du3l2q
,,Speedio,https://atlas-governance.gupy.io/,gupy,gupy,0,0,t,cmswbm9n00i4aob4jk1kacfce,cmswbm9na0i4cob4jbec4hph1
,,Stark Bank,https://stark.gupy.io/,gupy,gupy,0,0,t,cmsqp3giw01who94jy2du2oln,cmsqp3gj101wjo94j0bpx6iui
,,SulAmérica,https://talentosrededor.gupy.io/,gupy,gupy,0,0,t,cmsqp3gme01xeo94j3gwf494t,cmsqp3gml01xgo94jrjv7r6i0
,,Supercell,https://jobs.ashbyhq.com/supercell,ashby,ashby,0,0,f,cmt67kent00dplj4jl0q847g9,cmt67kenz00drlj4j7h90qo3x
,,Syngenta Brasil,https://dipagro.gupy.io/,gupy,gupy,0,0,t,cmswbmaog0i7mob4jte4n14a4,cmswbmaom0i7oob4jon0b52z0
,,TAG TECNOLOGIA PARA O SISTEMA FINANCEIRO S.A.,https://boards.greenhouse.io/taginfraestrutura,greenhouse,greenhouse,0,0,t,cmt27m7yk53jxo14jcyf126hr,cmt27m7ys53jzo14jn3k3zn8i
,,TAHTO,https://tahto.gupy.io/,gupy,gupy,0,0,t,cmt0nvm4m0c0rsw4jiiqxurht,cmt0nvm4t0c0tsw4jdnz5snf6
,,TAKATA SA,https://consultordevendastahto.gupy.io/,gupy,gupy,0,0,t,cmu1qzda7006snx4jpr7lh8un,cmu1qzdad006unx4jject6tw4
,,TANAC S/A,https://tanac.gupy.io/,gupy,gupy,0,0,t,cmt0g80066f4gpd4jkn0zi2d3,cmt0g800g6f4ipd4jp5zx00ut
,,TANGARA FOODS,https://sodexoonsiteoperacao.pandape.com.br/,pandape,pandape,0,0,t,cmt0g7z816f2ppd4joako1cjy,cmt0g7z8f6f2rpd4jcftpnrd4
,,TARGET,https://target.wd5.myworkdayjobs.com/targetcareers,workday,workday,0,0,t,cmt0g81yh6f8dpd4jeujbruae,cmt0g81yp6f8fpd4j8g5a4d3j
,,TBDC DESENVOLVIMENTO DE SOFTWARE LTDA,https://tgid.gupy.io/,gupy,gupy,0,0,t,cmt2s7cm660hzo14jmvt2y4k5,cmt2s7cmd60i1o14jrxsqd12q
,,TBG,https://bonadio.wd503.myworkdayjobs.com/Bonadio_Careers,workday,workday,0,0,t,cmsxijx6h19kpnf4jgwziltpr,cmsxijx6s19krnf4jmyx7ax87
,,TEACHY EDUCATION LTDA,https://teachforamerica.wd1.myworkdayjobs.com/TFA_Careers,workday,workday,0,0,t,cmtoe1bz5003bpf4jkt8g0vcb,cmtoe1bza003dpf4jahe0bqwg
,,TEC TOY ENTRETENIMENTO DIGITAL LIMITADA,https://webedia.gupy.io/,gupy,gupy,0,0,t,cmtvkcrenhlptrs4jlf9gq1mo,cmtvkcreqhlpvrs4jk65gna12
,,TECH MAHINDRA SERVICOS DE INFORMATICA S.A.,https://mahindra.gupy.io/,gupy,gupy,0,0,t,cmt27m6m853fxo14j8mno2wcj,cmt27m6mg53fzo14j9t69ymvo
,,TECNISA S.A.,https://tecnisa.gupy.io/,gupy,gupy,0,0,t,cmu1qzdq6007vnx4jy22euvve,cmu1qzdqb007xnx4jmf59umsy
,,TECON SUAPE,https://teconsuape.gupy.io/,gupy,gupy,0,0,t,cmt0g818j6f74pd4jv7aka7ih,cmt0g818y6f76pd4j9uijvlvc
,,TEGMA GESTÃO LOGÍSTICA,https://tegma.gupy.io/,gupy,gupy,0,0,t,cmpkcfste00p9oi4j5zbawby9,cmpkcfstg00pboi4j1mwl4a4n
,,TEKNO,https://oportunidades.mindsight.com.br/tekno,custom_html,custom_html,0,0,f,cmpkcfsti00pcoi4jrsazvoxj,cmpkcfstk00peoi4jk81y9dee
,,TELEPERFORMANCE CRM,https://boards.greenhouse.io/crm,greenhouse,greenhouse,0,0,t,cmsxijzxy19rsnf4jg1l1013n,cmsxijzya19runf4j2jzffour
,,TELMAX PULSE TELECOMUNICACAO LTDA,https://grupo-tlc.gupy.io/,gupy,gupy,0,0,t,cmtoe1blg0022pf4ji870w4xa,cmtoe1bln0024pf4j7qoc7y5q
,,TENCO SHOPPING CENTERS S.A,https://terral.gupy.io/,gupy,gupy,0,0,f,cmu2noxkkayfpnx4jjpvjd1og,cmu2noxkpayfrnx4jscpg05bc
,,TERMOPERNAMBUCO,https://termov.gupy.io/,gupy,gupy,0,0,t,cmsxijxqj19lvnf4j7t78k3nb,cmsxijxqt19lxnf4jxsg1t1n9
,,TERRACAP,https://iphac.gupy.io/,gupy,gupy,0,0,t,cmsxt60rf2apcnf4jefzn27ka,cmsxt60rs2apenf4jhrzvc2r4
,,TERRAL,https://terral.gupy.io/,gupy,gupy,0,0,t,cmt0nvmsp0c2lsw4jbey55f5q,cmu5ged0u69lgle5fj0ykaskj
,,TERRAL,https://terralincorporadora.gupy.io/,gupy,gupy,0,0,t,cmt0nvmsp0c2lsw4jbey55f5q,cmt0nvmsy0c2nsw4jrmn4oiyh
,,TERRANUTS,https://terra.gupy.io/,gupy,gupy,0,0,t,cmt0nvmk70c1xsw4jjfmqtzt7,cmt0nvmkh0c1zsw4jygfkclxl
,,TESA,https://tesa.gupy.io/,gupy,gupy,0,0,t,cmsxijy7d19n4nf4jkg5nao4v,cmsxijy7n19n6nf4jhgksdw6p
,,TEVISA,https://univision.wd1.myworkdayjobs.com/es/External,workday,workday,0,0,t,cmsxt5zo02am3nf4jmy41acxw,cmsxt5zo92am5nf4jtdmrpn1z
,,THALASSIUS A016.21 PARTICIPACOES S.A.,https://faroparticipacoes.gupy.io/,gupy,gupy,0,0,t,cmu2nov18ayb1nx4jbe9wr50k,cmu2nov1fayb3nx4jmuz6ci4g
,,THE BEST CAR TRANSPORTES DE CARGAS NACIONAIS E INTERNACIONAIS LTDA,https://transpanorama.gupy.io/,gupy,gupy,0,0,f,cmu2novpfaycynx4jt7alv3nc,cmu2novplayd0nx4jcogy5qs4
,,THE BRIDGE DIGITAL RECRUTAMENTOS LTDA.,https://boards.greenhouse.io/digitalbridge,greenhouse,greenhouse,0,0,t,cmtvkcrhnhlq5rs4j9an64qvg,cmtvkcrhqhlq7rs4jt5h3xtrx
,,TICKET,https://ticket.teamtailor.com/,teamtailor,teamtailor,0,0,t,cmsxijzbz19q4nf4jf7lf1j72,cmsxijzce19q6nf4jcop5a1f6
,,TIM S/A,https://turbotims.teamtailor.com/,teamtailor,teamtailor,0,0,t,cmsxcfkft000znf4jawfn8nsw,cmsxcfkg20011nf4jcdo1efl6
,,TITAN CASH LTDA,https://jobs.ashbyhq.com/titan,ashby,ashby,0,0,t,cmt2s7c9060gwo14jjrt0irz7,cmt2s7c9860gyo14jf4xsloty
,,TORDEN CORPORATION S.A.,https://taylor.wd1.myworkdayjobs.com/en-US/External,workday,workday,0,0,t,cmu2noyk3ayi4nx4j60mdyi33,cmu2noyk8ayi6nx4jds3qi21v
,,TORONTO BANKING S/A,https://td.wd3.myworkdayjobs.com/TD_Bank_Careers,workday,workday,0,0,t,cmu2np3jfays5nx4js9rqc379,cmu2np3jlays7nx4j8juwgl43
,,TOTVS,https://atracaodetalentos.totvs.app/vempratotvs/extended,custom_html,custom_html,0,0,f,cmsqp3gq001xzo94jlnm6xlvb,cmsqp3gq601y1o94j282vkg6d
,,TOYO SETAL,https://steeleurope.wd3.myworkdayjobs.com/Job_Board,workday,workday,0,0,t,cmsxijyg919nsnf4jqlg9n4j8,cmsxijygi19nunf4jku5qj242
,,TP TRANSPANORAMA,https://traineetranspanorama.gupy.io/,gupy,gupy,0,0,t,cmsxijxsv19m1nf4jlb2c0m4x,cmsxijxtj19m3nf4j3ty76iw3
,,TP TRANSPANORAMA,https://transpanorama.gupy.io/,gupy,gupy,0,0,t,cmsxijxsv19m1nf4jlb2c0m4x,cmu5gecru69kule5fpkv4rwkw
,,TPI - TRIUNFO PARTICIPACOES E INVESTIMENTOS S.A.,https://transbrasiliana.gupy.io/,gupy,gupy,0,0,t,cmu2np3s7aysknx4j03m68srr,cmu2np3seaysmnx4jp8fc7akq
,,TRANSNORTE ENERGIA S.A,https://terralenergia.gupy.io/,gupy,gupy,0,0,t,cmu2np0jcaylqnx4jt14mxtmk,cmu2np0m8aylsnx4j4nkhu3z0
,,TRANSPES,https://transpes.gupy.io/,gupy,gupy,0,0,t,cmt0g7zdg6f31pd4jp5zoh8b8,cmt0g7zdo6f33pd4jylekuy73
,,TRANSPORTADORA G10 & LOGISTICA LTDA,https://vagasg10.pandape.com.br/,pandape,pandape,0,0,t,cmu2np1qiayo8nx4jquwrskd6,cmu2np1qpayoanx4jhsy3n6di
,,TRINITY ENERGIA,https://trinitylifesciences.wd108.myworkdayjobs.com/Trinity,workday,workday,0,0,t,cmsxijzwr19rpnf4jd6tbaq3v,cmsxijzx519rrnf4jkamsf0cs
,,TRIPLE POINT DO BRASIL SOFTWARE E SERVICOS LTDA.,https://triples.gupy.io/,gupy,gupy,0,0,t,cmtvkcreahlpqrs4j4v5dulyb,cmtvkcredhlpsrs4jss2gjxom
,,TRISUL,https://trisul.pandape.infojobs.com.br/,custom_html,custom_html,0,0,f,cmpkcfstn00pfoi4joo5dfg5x,cmpkcfstp00phoi4j6ecsyzbd
,,TROPICAL FARMS S/A,https://farm.gupy.io/,gupy,gupy,0,0,t,cmu1qzc9g003ynx4j2jve0b7j,cmu1qzc9l0040nx4jxpdq5qe1
,,Talenses Group,https://talenses.com/jobs,custom_html,custom_html,0,0,f,cmsqp3gt201yeo94jk74rj2dz,cmsqp3gt901ygo94j4hywodr8
,,Taptapsend,https://jobs.ashbyhq.com/TaptapSend,ashby,ashby,0,0,f,cmt67b21n009plj4j8i0bd1bs,cmt67b21u009rlj4jsx410h6k
,,Taqe,https://taqi.gupy.io/,gupy,gupy,0,0,t,cmswbm9ri0i4pob4jb518sb06,cmswbm9ru0i4rob4jf5jrw648
,,Taxbit,https://boards.greenhouse.io/taxbit,greenhouse,greenhouse,0,0,f,cmt67kede00cplj4j852x5270,cmt67kedl00crlj4jzql22pfs
,,Tegnainc,https://boards.greenhouse.io/tegnainc,greenhouse,greenhouse,0,0,f,cmt67kf2n00f1lj4j76rtv19t,cmt67kf2u00f3lj4j5nwbpgs8
,,Telhanorte / Saint-Gobain,https://telhanortetumelero.gupy.io/,gupy,gupy,0,0,t,cmswbm9ii0i3vob4jxnufjm22,cmswbm9it0i3xob4jqhg93t1f
,,Tembici,https://tembici.inhire.app/vagas,inhire,inhire,0,0,t,cmsqp3gu201yno94jaok06ggc,cmsqp3gu701ypo94ju604cchg
,,Temporaltechnologies,https://boards.greenhouse.io/temporaltechnologies,greenhouse,greenhouse,0,0,f,cmt67keij00d7lj4j81xzzk7d,cmt67keiq00d9lj4j5mvq9lz0
,,Tmc,https://boards.greenhouse.io/tmc,greenhouse,greenhouse,0,0,f,cmt67b1xy009dlj4jiq2xjuch,cmt67b1y6009flj4j55444kq4
,,Transfeera,https://transfeera.gupy.io/jobs,gupy,gupy,0,0,t,cmsqp3h1p020bo94jeplj1n7x,cmsqp3h1v020do94jehgywbej
,,Transocean Brasil,https://deepwater.wd1.myworkdayjobs.com/BrazilExternalCareerSite,workday,workday,0,0,t,cmsqp3h20020eo94j5qtsrt6o,cmsqp3h25020go94ji11eq8w7
,,Trela,https://jobs.lever.co/trela,lever,lever,0,0,t,cmsqp3h2b020ho94jaydypbkt,cmsqp3h2h020jo94j9j4f2l05
,,Trillia,https://trillia.inhire.app/vagas,inhire,inhire,0,0,f,cmt02s8c650aupd4jsgmthj3h,cmt02s8ib50awpd4j2f3y4fxy
,,Trivia Trens,https://triviatrens.gupy.io/,gupy,gupy,0,0,t,cmsx2s42s51egob4j4pgjz4a4,cmsx2s48j51eiob4jqqz9a7in
,,TruckPad,https://truckpad.gupy.io/,gupy,gupy,0,0,t,cmswbmafk0i6mob4jy2zz9mwn,cmswbmafr0i6oob4jouydkt1c
,,U&M,https://umiami.wd1.myworkdayjobs.com/UMCareerStaff,workday,workday,0,0,t,cmsxik05f19s7nf4jnlv8a3t4,cmsxik05q19s9nf4jdl9et4tq
,,U2B CONSULTORIA E NEGOCIOS S.A.,https://b2egroup.gupy.io/,gupy,gupy,0,0,t,cmt2s7c6i60gno14jk07p4g12,cmt2s7c6r60gpo14j0seov4t9
,,UFRA,https://boards.greenhouse.io/anthropic,greenhouse,greenhouse,0,0,f,cmsxt60xp2apunf4jf51hgsl1,cmsxt60y02apwnf4jxq90te55
,,UNIAO PET PARTICIPACOES S.A.,https://vagasmaispetoficial.gupy.io/,gupy,gupy,0,0,t,cmu2nox9gayf4nx4jp9bkmxqi,cmu2nox9mayf6nx4jo5n95zbc
,,UNICO (ACESSO DIGITAL),https://unico.inhire.app/,inhire,inhire,0,0,t,cmt0kx40400afsw4j5d1w8lii,cmt0kx40c00ahsw4jcsdrxa45
,,UNIPAR INDUPA - ELCLOR,https://uniphar.wd3.myworkdayjobs.com/uniphar_external_careers,workday,workday,0,0,t,cmsxcfr5000kwnf4jcox8um44,cmsxcfr5900kynf4jmxeutcfe
,,UNIPAR INDUPA DO BRASIL S.A.,https://imdepa.gupy.io/,gupy,gupy,0,0,t,cmu2noxmzayfvnx4jfn5dbsf2,cmu2noxn5ayfxnx4jfrtf6nhs
,,UPI SAO LUIS LTDA,https://upaon.gupy.io/,gupy,gupy,0,0,t,cmsxt5yfh2aicnf4jx0hxniv4,cmsxt5yfq2aienf4jb60qx0jw
,,URBPLAN DESENVOLVIMENTO URBANO S/A,https://porte.gupy.io/,gupy,gupy,0,0,t,cmu2np3u6aysnnx4j2rzt1rtc,cmu2np3ucayspnx4jpkgw1q4b
,,USINA BATATAIS,https://altamogiana.gupy.io/,gupy,gupy,0,0,t,cmsxkv94g1gr2nf4jakameh6f,cmsxkv94o1gr4nf4j7bcmnw88
,,USINA DA PEDRA,https://pedraagroindustrial.inhire.app/,inhire,inhire,0,0,t,cmsxcfobz00chnf4jbzvi3ga1,cmsxcfoca00cjnf4jxvn2ynep
,,USINA PAGRISA,https://pagrisa.gupy.io/,gupy,gupy,0,0,t,cmt0nvmqy0c2fsw4jp0f2u8q3,cmt0nvmr60c2hsw4jdvksfw3w
,,USINA QUATA,https://quata.gupy.io/,gupy,gupy,0,0,t,cmsxcfoo000dhnf4joott6wib,cmsxcfooa00djnf4j9ncvsl6x
,,USINA SANTA ADELIA,https://usinasantaadelia.gupy.io/,gupy,gupy,0,0,t,cmsxijynn19odnf4j7i1t8jvr,cmsxijynz19ofnf4jkduk53en
,,USINA TERMELETRICA NORTE FLUMINENSE S/A,https://estagiousinasantaterezinha.gupy.io/,gupy,gupy,0,0,t,cmu2now8eaydvnx4jpcyv65xl,cmu2now8laydxnx4jz7w96zc9
,,UTE GNA I,https://gpaflowsystem.teamtailor.com/,teamtailor,teamtailor,0,0,t,cmsxkv9gj1grznf4jie0t3vw4,cmsxkv9gt1gs1nf4jzxb1ifxp
,,Unicesumar,https://carreiras.unicesumar.edu.br/oportunidades,custom_html,custom_html,0,0,f,cmsqp3h570215o94jyj84tt2t,cmsqp3h5c0217o94j3e6xx7g0
,,Unico Check,https://jobs.lever.co/unico,lever,lever,0,0,t,cmsqp3h5h0218o94jj835xgz0,cmsqp3h5m021ao94jld86774o
,,Unisinos,https://unisinos.gupy.io/,gupy,gupy,0,0,t,cmsqp3h76021qo94jedlue2pj,cmsqp3h7b021so94jrdyvq8cz
,,Usiminas,https://usiminas.gupy.io/,gupy,gupy,0,0,t,cmswbmah10i6sob4j7i0dvyou,cmswbmah70i6uob4jd8sw7wt8
,,V.TAL,https://vtalpagevagas.gupy.io/,gupy,gupy,0,0,t,cmsxcfmk6007bnf4jfue2nuwy,cmsxcfmkk007dnf4jcif3h7go
,,V.TAL,https://vtal.gupy.io/,gupy,gupy,0,0,t,cmsxcfmk6007bnf4jfue2nuwy,cmtvkg70ahlrhrs4jgo51kmeo
,,VALE PRESENTE INSTITUICAO DE PAGAMENTO S.A.,https://sempararinstituicaodepagamentoltda.pandape.com.br/,pandape,pandape,0,0,t,cmtnbwlmpkpa7rp4jkvprobln,cmtnbwln2kpa9rp4j91wejbbm
,,VALORE,https://jobs.lever.co/valorepartners,lever,lever,0,0,t,cmt0g815b6f6ypd4j3b6wgd0w,cmt0g815m6f70pd4j5o6qouuy
,,VARD PROMAR S.A.,https://vardaga.teamtailor.com/,teamtailor,teamtailor,0,0,t,cmu2nozakayjtnx4j769mg3gm,cmu2nozaqayjvnx4jlapimvif
,,VAST INFRAESTRUTURA,https://vastinfraestrutura.gupy.io/,gupy,gupy,0,0,t,cmsxkvac51gu8nf4j914gvqp6,cmsxkvach1guanf4j0y343f4e
,,VENTISOL,https://vento.teamtailor.com/,teamtailor,teamtailor,0,0,f,cmsxt5ywy2ajrnf4jpzp01xs1,cmsxt5yx72ajtnf4jfgqjtlja
,,VERTEX TRADING COMPANY LTDA,https://vertexinc.wd1.myworkdayjobs.com/VertexInc,workday,workday,0,0,t,cmu19mmf9601wo64jynns3f9n,cmu19mmfd601yo64jjk4nejvw
,,VESTE,https://foxton.gupy.io/,gupy,gupy,0,0,t,cmsxkv89u1gonnf4ji3cq8f7m,cmsxkv8a81gopnf4j4167pzax
,,VIA 040,https://boards.greenhouse.io/via,greenhouse,greenhouse,0,0,t,cmt0g82il6f9gpd4jto0c2few,cmt0g82ix6f9ipd4jb1jdvwgj
,,VIACAO GRAJAU,https://novohorizonte.gupy.io/,gupy,gupy,0,0,t,cmt0kx3xf00a6sw4j6er0rt1y,cmt0kx3xn00a8sw4j4vd10ajt
,,VIAPAULISTA,https://ecopistas.gupy.io/,gupy,gupy,0,0,t,cmsxt5w132ac0nf4jrqy2redb,cmsxt5w1j2ac2nf4j703rky8h
,,VIBE DESENVOLVIMENTO E SERVICOS DE COMPUTACAO LTDA,https://jobs.ashbyhq.com/vibe,ashby,ashby,0,0,t,cmtvkcqy6hlnhrs4j7d89v3d3,cmtvkcqyahlnjrs4j0qo8bg2a
,,VICUNHA TEXTIL,https://fibraasset.gupy.io/,gupy,gupy,0,0,t,cmsxijwqv19jjnf4j78wcbbtp,cmsxijwr719jlnf4jej9i0yxj
,,VIDEOLAR-INNOVA S/A,https://innova.gupy.io/,gupy,gupy,0,0,t,cmu2novitaycgnx4jhznvvj7g,cmu2novj0aycinx4ju656in8w
,,VIPAL NE,https://recapagemepneussantahelena.pandape.com.br/,pandape,pandape,0,0,t,cmsxik0au19smnf4juwwxxojn,cmsxik0b519sonf4jesgk8scy
,,VIPCOMMERCE SISTEMAS LTDA,https://viprede.gupy.io/,gupy,gupy,0,0,t,cmt2s7c5460gho14jk5nx8dac,cmt2s7c5b60gjo14josdew7j3
,,VIRACOPOS S/A,https://grupobrasiliense.gupy.io/,gupy,gupy,0,0,t,cmsxt5w952aconf4jixudqzkk,cmsxt5w9d2acqnf4jcb5frn8r
,,VISTEX SOLUCOES DE TECNOLOGIA LTDA,https://boards.greenhouse.io/vtex,greenhouse,greenhouse,0,0,t,cmtnbwl8rkpa1rp4jxxif0aca,cmtnbwl8xkpa3rp4jcn41zkda
,,VISTRA (BRAZIL) LTDA,https://vistrabrazil.gupy.io/,gupy,gupy,0,0,t,cmtnbwlvykpb7rp4jyb3twmhd,cmtnbwlw4kpb9rp4juq4153as
,,VITERRA AGRICULTURE BRASIL S.A.,https://viterra.wd3.myworkdayjobs.com/External-CAN,workday,workday,0,0,t,cmu2noudqay9dnx4jn5unglp1,cmu2noudxay9fnx4jv9hkplhs
,,VITERRA BIOENERGIA (RV),https://viterrabio.gupy.io/,gupy,gupy,0,0,t,cmsxcfr6y00l2nf4j3znrcfin,cmsxcfr7700l4nf4j8e103j35
,,VITRU BRASIL EMPREEND. PARTICIP. E COMERCIO S.A.,https://vitru.inhire.app/vagas,custom_html,custom_html,0,0,f,cmpkcfsud00pxoi4juho9ebl9,cmpkcfsuf00pzoi4jvssutnfr
,,VITTIA FERTILIZANTES E BIOLOGICOS S.A.,https://vempravittia.com.br/vagas-abertas,custom_html,custom_html,0,0,f,cmpkcfsu000pooi4jdhf0kzc6,cmpkcfsu200pqoi4j171js8ed
,,VIVA SINAF SISTEMAS DE BENEFICIOS S.A.,https://carreirassynvia.gupy.io/,gupy,gupy,0,0,t,cmtnbwmtpkpearp4jsxfsqmal,cmtnbwmtvkpecrp4j4e4hgu3d
,,VIXTRA TECNOLOGIA E SERVICOS FINANCEIROS LTDA,https://vixtra.inhire.app/,inhire,inhire,0,0,t,cmt27m7ux53jlo14jo55hxb09,cmt27m7v553jno14j8h5qznbb
,,VOGEL TELECOM,https://jobs.ashbyhq.com/Vogel,ashby,ashby,0,0,t,cmsxt5z6t2aklnf4jujkos49b,cmsxt5z712aknnf4jiprdejch
,,VOITER CEREAIS,https://expressouniao.gupy.io/,gupy,gupy,0,0,t,cmt0kx42z00aosw4jmnns5seu,cmt0kx43800aqsw4jmartguno
,,VOITH HYDRO LTDA,https://hydroottawa.wd3.myworkdayjobs.com/hydro_ottawa_careersite,workday,workday,0,0,t,cmu2nounzaya7nx4jnqgbgl18,cmu2nouo7aya9nx4jxulbzxv5
,,VOPAK,https://vopak.wd3.myworkdayjobs.com/CareersAtVopak,workday,workday,0,0,t,cmt0nvmnr0c26sw4jdi68aioa,cmt0nvmo20c28sw4j9lt98qcd
,,VOTORANTIM CORRETORA,https://votorantim.inhire.app/,inhire,inhire,0,0,t,cmsxt5y5m2ahinf4jxlca7ym9,cmsxt5y632ahknf4jfdrg6db1
,,VOTORANTIM FINANCAS S/A,https://votorantimcoe.gupy.io/,gupy,gupy,0,0,t,cmu19mlz3600to64jr0ca63di,cmu19mlza600vo64j0y2xdypb
,,VTEX (Lever),https://job-boards.greenhouse.io/vtex,greenhouse,greenhouse,0,0,t,cmsqp3ha20225o94jk2mt4qdr,cmsqp3ha70227o94j7c5dugz6
,,VULCABRAS AZALEIA-BA,https://vulcabras.gupy.io/,gupy,gupy,0,0,t,cmsxt5x212af6nf4j5kii45gk,cmsxt5x2e2af8nf4j8rhusnao
,,Vaccinar,https://vaccinar.gupy.io/,gupy,gupy,0,0,t,cmsqp3hac0228o94jh73vqjmk,cmsqp3hai022ao94j2pv362qx
,,Vale (Workday),https://vale.eightfold.ai/careers,custom_api,custom_api,0,0,f,cmsqp3hao022bo94jdvqza24n,cmsqp3hau022do94j0k5g511v
,,Vanta,https://jobs.ashbyhq.com/vanta,ashby,ashby,0,0,f,cmt67kdp600aslj4j7s39fgxl,cmt67kdpe00aulj4j46totrg1
,,Vercel,https://jobs.ashbyhq.com/vercel,ashby,ashby,0,0,t,cmsqp3hbc022ho94j2wirjp3h,cmsqp3hbh022jo94jg2zfe3dl
,,Verse,https://boards.greenhouse.io/verse,greenhouse,greenhouse,0,0,f,cmt67b25r00a1lj4jmrm2kh8w,cmt67b26300a3lj4jq47nqrdw
,,Veterinarypracticepartners,https://boards.greenhouse.io/veterinarypracticepartners,greenhouse,greenhouse,0,0,f,cmt67kepd00dvlj4jv6a2xtjz,cmt67kepj00dxlj4j6jl0cyta
,,Vetor Insights,https://careers.example.com/vetor-insights-ef5d67a7,custom_html,custom_html,0,0,f,cmsqp3hbm022ko94j4m8varw3,cmsqp3hbt022mo94jhqmfvcnw
,,Vhsys,https://boards.greenhouse.io/vhsys,greenhouse,greenhouse,0,0,t,cmswbm9ol0i4gob4j5ryfbfdw,cmswbm9p00i4iob4j12fcqom1
,,Vinci Partners,https://vinci.gupy.io/,gupy,gupy,0,0,t,cmsqp3hdl022zo94j2c2y58hd,cmsqp3hds0231o94jd2e71li9
,,WDC NETWORKS,https://wdcnetworks.pandape.com.br/,pandape,pandape,0,0,t,cmsxt5wi22adinf4josho0x8i,cmsxt5wib2adknf4j9v9wbcro
,,WE PLAY BRAZIL PROMOCAO DE EVENTOS LTDA,https://vivaeventos.gupy.io/,gupy,gupy,0,0,t,cmu2np2dbayptnx4jw4fr9sz3,cmu2np2dhaypvnx4josezxzuw
,,WGSN LTDA,https://jobs.lever.co/wgsn,lever,lever,0,0,t,cmtoe1b9j0012pf4jffac756m,cmtoe1b9t0014pf4jhhkiuce3
,,WHITE MARTINS GASES INDUSTRIAIS LTDA,https://martins.pandape.com.br/,pandape,pandape,0,0,t,cmtxdowo90wsqlk4jb4z74tdl,cmtxdowof0wsslk4jbmul0adq
,,WILLFLY S.A.,https://wiley.wd1.myworkdayjobs.com/wiley_careers,workday,workday,0,0,t,cmtvkcr8bhlozrs4j18bb1kw2,cmtvkcr8ehlp1rs4jgk4w7a8n
,,WILSON,https://wilsonhcg.wd5.myworkdayjobs.com/Wilson_Careers,workday,workday,0,0,t,cmsxkv95a1gr5nf4jbzhl8sjj,cmsxkv95q1gr7nf4jtvujmjp7
,,WINE.COM.BR,https://wine.gupy.io/,gupy,gupy,0,0,t,cmt0g81cg6f7dpd4jst5ddyjf,cmt0g81cp6f7fpd4jfydczehr
,,WINITY PARTICIPACOES S.A,https://programa-estagio-ve.gupy.io/,gupy,gupy,0,0,t,cmu2nox3gayepnx4j2b76x19x,cmu2nox3mayernx4jeppjgxb5
,,WLM INDÚSTRIA E COMÉRCIO,https://wlmscania.vagas.solides.com.br/,custom_html,custom_html,0,0,f,cmpkcfsum00q3oi4jgxkffnrg,cmpkcfsuo00q5oi4jsvyy53cb
,,WMS SUPERMERCADOS DO BRASIL LTDA.,https://wms.gupy.io/,gupy,gupy,0,0,t,cmtxdovsj0wrhlk4jsllhygbz,cmtxdovsp0wrjlk4jglsb9dmc
,,WTorre Empreendimentos,https://wtorre.gupy.io/,gupy,gupy,0,0,t,cmsqp3hhz023wo94jisr3lzwv,cmsqp3hi5023yo94jqac8n6pq
,,Watney,https://jobs.ashbyhq.com/watney,ashby,ashby,0,0,f,cmt67ke5900c1lj4j815ln67j,cmt67ke5g00c3lj4jhwt0plld
,,Wildlife Studios,https://careers.wildlifestudios.com/pt-br,custom_html,custom_html,0,0,f,cmsqp3hks024no94jcx5u9eds,cmsqp3hky024po94jsaprxqzz
,,XMARKET SERVICOS DE APLICACAO E DE HOSPEDAGEM NA INTERNET LTDA.,https://proinvbrasil.pandape.com.br/,pandape,pandape,0,0,t,cmtnbwlr0kpamrp4jfl0wj7gv,cmtnbwlr7kpaorp4jrrvms76h
,,Xcimer,https://jobs.lever.co/xcimer,lever,lever,0,0,f,cmt67kdny00aplj4j5bdar79x,cmt67kdo600arlj4jevyppo8h
,,YAH TELECOMUNICACOES LTDA.,https://yhbrasil.pandape.com.br/,pandape,pandape,0,0,t,cmu30xm4y001un14js7zoyv3i,cmu30xm54001wn14jqvro10fb
,,YALO LTDA,https://boards.greenhouse.io/yalochatinc,greenhouse,greenhouse,0,0,t,cmt2s7b6m60dto14j8dufk5gk,cmt2s7b6t60dvo14jx9r3yonw
,,YBYRA CAPITAL S/A,https://capgroup.wd1.myworkdayjobs.com/capitalgroupcareers,workday,workday,0,0,t,cmu19ml435zyko64ju65108zb,cmu19ml495zymo64jef4o3cfa
,,YMPACTUS COMERCIAL S/A,https://utec.teamtailor.com/,teamtailor,teamtailor,0,0,t,cmtnbwn8ekpfmrp4jm9lpjstx,cmtnbwn8kkpforp4j8u5ce9f1
,,YUPA SERVICOS CONSULTORIA E TECNOLOGIA LTDA,https://yep.gupy.io/,gupy,gupy,0,0,t,cmtnbwlt6kpavrp4j49fz6ge7,cmtnbwltckpaxrp4jz68aefns
,,ZETA GLOBAL BRAZIL SERVICOS LTDA.,https://boards.greenhouse.io/zetaglobal,greenhouse,greenhouse,0,0,t,cmtvkcqv9hln5rs4jcmd39kaf,cmtvkcqvchln7rs4j20l40fb7
,,ZUQUETTI & MARZOLA PARTICIPACOES E REPRESENTACOES LTDA - EM RECUPERACAO JUDICIAL,https://plcadvogados.gupy.io/,gupy,gupy,0,0,t,cmu30xlpw0010n14j8118onk2,cmu30xlq20012n14j9dpj6ecz
,,Zara Brasil / Inditex,https://zarabrasil.pandape.infojobs.com.br/,pandape,pandape,0,0,t,cmsqp3hpi025ho94j2nd64saf,cmsqp3hpo025jo94jwts1sbl3
,,Zurich Seguros,https://www.linkedin.com/company/zurich-insurance-company-ltd/jobs,custom_api,custom_api,0,0,f,cmsqp3hs30262o94jpg59yx7h,cmsqp3hs90264o94jrakkwdfx
,,iCarros,https://icarros.gupy.io/,gupy,gupy,0,0,t,cmswbm9u90i4yob4jhyjeikhs,cmswbm9uq0i50ob4jyiumlh1u
Empresa errada,RUMO S/A,Rumo Logística,https://rumolog.gupy.io/jobs,gupy,gupy,1,1,t,cmsqp3fz001rto94j5woci3pl,cmsqp3fz501rvo94jnhhrjcia
Excluir empresa,,Rumo Logística,https://rumolog.gupy.io/jobs,gupy,gupy,1,1,t,cmsqp3fz001rto94j5woci3pl,cmsqp3fz501rvo94jnhhrjcia
